region_code,region_name,installation,civ,date,metric,value,is_region_total,extraction_date
01,Bas-Saint-Laurent,Hôpital de Matane,7,2026-07-20,patients_sur_civiere,3,False,2026-07-26
01,Bas-Saint-Laurent,Hôpital de Matane,7,2026-07-21,patients_sur_civiere,1,False,2026-07-26
01,Bas-Saint-Laurent,Hôpital de Matane,7,2026-07-22,patients_sur_civiere,3,False,2026-07-26
01,Bas-Saint-Laurent,Hôpital de Matane,7,2026-07-23,patients_sur_civiere,5,False,2026-07-26
01,Bas-Saint-Laurent,Hôpital de Matane,7,2026-07-24,patients_sur_civiere,2,False,2026-07-26
01,Bas-Saint-Laurent,Hôpital de Matane,7,2026-07-25,patients_sur_civiere,4,False,2026-07-26
01,Bas-Saint-Laurent,Hôpital de Matane,7,2026-07-26,patients_sur_civiere,3,False,2026-07-26
01,Bas-Saint-Laurent,Hôpital de Matane,7,2026-07-20,patients_24h_plus,0,False,2026-07-26
01,Bas-Saint-Laurent,Hôpital de Matane,7,2026-07-21,patients_24h_plus,0,False,2026-07-26
01,Bas-Saint-Laurent,Hôpital de Matane,7,2026-07-22,patients_24h_plus,0,False,2026-07-26
01,Bas-Saint-Laurent,Hôpital de Matane,7,2026-07-23,patients_24h_plus,0,False,2026-07-26
01,Bas-Saint-Laurent,Hôpital de Matane,7,2026-07-24,patients_24h_plus,0,False,2026-07-26
01,Bas-Saint-Laurent,Hôpital de Matane,7,2026-07-25,patients_24h_plus,0,False,2026-07-26
01,Bas-Saint-Laurent,Hôpital de Matane,7,2026-07-26,patients_24h_plus,0,False,2026-07-26
01,Bas-Saint-Laurent,Hôpital de Matane,7,2026-07-20,patients_48h_plus,0,False,2026-07-26
01,Bas-Saint-Laurent,Hôpital de Matane,7,2026-07-21,patients_48h_plus,0,False,2026-07-26
01,Bas-Saint-Laurent,Hôpital de Matane,7,2026-07-22,patients_48h_plus,0,False,2026-07-26
01,Bas-Saint-Laurent,Hôpital de Matane,7,2026-07-23,patients_48h_plus,0,False,2026-07-26
01,Bas-Saint-Laurent,Hôpital de Matane,7,2026-07-24,patients_48h_plus,0,False,2026-07-26
01,Bas-Saint-Laurent,Hôpital de Matane,7,2026-07-25,patients_48h_plus,0,False,2026-07-26
01,Bas-Saint-Laurent,Hôpital de Matane,7,2026-07-26,patients_48h_plus,0,False,2026-07-26
01,Bas-Saint-Laurent,Hôpital de Matane,7,2026-07-20,visites_totales_veille,50,False,2026-07-26
01,Bas-Saint-Laurent,Hôpital de Matane,7,2026-07-21,visites_totales_veille,53,False,2026-07-26
01,Bas-Saint-Laurent,Hôpital de Matane,7,2026-07-22,visites_totales_veille,44,False,2026-07-26
01,Bas-Saint-Laurent,Hôpital de Matane,7,2026-07-23,visites_totales_veille,68,False,2026-07-26
01,Bas-Saint-Laurent,Hôpital de Matane,7,2026-07-24,visites_totales_veille,53,False,2026-07-26
01,Bas-Saint-Laurent,Hôpital de Matane,7,2026-07-25,visites_totales_veille,44,False,2026-07-26
01,Bas-Saint-Laurent,Hôpital de Matane,7,2026-07-26,visites_totales_veille,36,False,2026-07-26
01,Bas-Saint-Laurent,Hôpital de Matane,7,2026-07-20,taux_occupation,43,False,2026-07-26
01,Bas-Saint-Laurent,Hôpital de Matane,7,2026-07-21,taux_occupation,14,False,2026-07-26
01,Bas-Saint-Laurent,Hôpital de Matane,7,2026-07-22,taux_occupation,43,False,2026-07-26
01,Bas-Saint-Laurent,Hôpital de Matane,7,2026-07-23,taux_occupation,71,False,2026-07-26
01,Bas-Saint-Laurent,Hôpital de Matane,7,2026-07-24,taux_occupation,29,False,2026-07-26
01,Bas-Saint-Laurent,Hôpital de Matane,7,2026-07-25,taux_occupation,57,False,2026-07-26
01,Bas-Saint-Laurent,Hôpital de Matane,7,2026-07-26,taux_occupation,43,False,2026-07-26
01,Bas-Saint-Laurent,Centre hospitalier d'Amqui,6,2026-07-20,patients_sur_civiere,5,False,2026-07-26
01,Bas-Saint-Laurent,Centre hospitalier d'Amqui,6,2026-07-21,patients_sur_civiere,1,False,2026-07-26
01,Bas-Saint-Laurent,Centre hospitalier d'Amqui,6,2026-07-22,patients_sur_civiere,1,False,2026-07-26
01,Bas-Saint-Laurent,Centre hospitalier d'Amqui,6,2026-07-23,patients_sur_civiere,2,False,2026-07-26
01,Bas-Saint-Laurent,Centre hospitalier d'Amqui,6,2026-07-24,patients_sur_civiere,4,False,2026-07-26
01,Bas-Saint-Laurent,Centre hospitalier d'Amqui,6,2026-07-25,patients_sur_civiere,3,False,2026-07-26
01,Bas-Saint-Laurent,Centre hospitalier d'Amqui,6,2026-07-26,patients_sur_civiere,7,False,2026-07-26
01,Bas-Saint-Laurent,Centre hospitalier d'Amqui,6,2026-07-20,patients_24h_plus,0,False,2026-07-26
01,Bas-Saint-Laurent,Centre hospitalier d'Amqui,6,2026-07-21,patients_24h_plus,0,False,2026-07-26
01,Bas-Saint-Laurent,Centre hospitalier d'Amqui,6,2026-07-22,patients_24h_plus,0,False,2026-07-26
01,Bas-Saint-Laurent,Centre hospitalier d'Amqui,6,2026-07-23,patients_24h_plus,0,False,2026-07-26
01,Bas-Saint-Laurent,Centre hospitalier d'Amqui,6,2026-07-24,patients_24h_plus,0,False,2026-07-26
01,Bas-Saint-Laurent,Centre hospitalier d'Amqui,6,2026-07-25,patients_24h_plus,0,False,2026-07-26
01,Bas-Saint-Laurent,Centre hospitalier d'Amqui,6,2026-07-26,patients_24h_plus,0,False,2026-07-26
01,Bas-Saint-Laurent,Centre hospitalier d'Amqui,6,2026-07-20,patients_48h_plus,0,False,2026-07-26
01,Bas-Saint-Laurent,Centre hospitalier d'Amqui,6,2026-07-21,patients_48h_plus,0,False,2026-07-26
01,Bas-Saint-Laurent,Centre hospitalier d'Amqui,6,2026-07-22,patients_48h_plus,0,False,2026-07-26
01,Bas-Saint-Laurent,Centre hospitalier d'Amqui,6,2026-07-23,patients_48h_plus,0,False,2026-07-26
01,Bas-Saint-Laurent,Centre hospitalier d'Amqui,6,2026-07-24,patients_48h_plus,0,False,2026-07-26
01,Bas-Saint-Laurent,Centre hospitalier d'Amqui,6,2026-07-25,patients_48h_plus,0,False,2026-07-26
01,Bas-Saint-Laurent,Centre hospitalier d'Amqui,6,2026-07-26,patients_48h_plus,0,False,2026-07-26
01,Bas-Saint-Laurent,Centre hospitalier d'Amqui,6,2026-07-20,visites_totales_veille,49,False,2026-07-26
01,Bas-Saint-Laurent,Centre hospitalier d'Amqui,6,2026-07-21,visites_totales_veille,42,False,2026-07-26
01,Bas-Saint-Laurent,Centre hospitalier d'Amqui,6,2026-07-22,visites_totales_veille,47,False,2026-07-26
01,Bas-Saint-Laurent,Centre hospitalier d'Amqui,6,2026-07-23,visites_totales_veille,46,False,2026-07-26
01,Bas-Saint-Laurent,Centre hospitalier d'Amqui,6,2026-07-24,visites_totales_veille,42,False,2026-07-26
01,Bas-Saint-Laurent,Centre hospitalier d'Amqui,6,2026-07-25,visites_totales_veille,47,False,2026-07-26
01,Bas-Saint-Laurent,Centre hospitalier d'Amqui,6,2026-07-26,visites_totales_veille,32,False,2026-07-26
01,Bas-Saint-Laurent,Centre hospitalier d'Amqui,6,2026-07-20,taux_occupation,83,False,2026-07-26
01,Bas-Saint-Laurent,Centre hospitalier d'Amqui,6,2026-07-21,taux_occupation,17,False,2026-07-26
01,Bas-Saint-Laurent,Centre hospitalier d'Amqui,6,2026-07-22,taux_occupation,17,False,2026-07-26
01,Bas-Saint-Laurent,Centre hospitalier d'Amqui,6,2026-07-23,taux_occupation,33,False,2026-07-26
01,Bas-Saint-Laurent,Centre hospitalier d'Amqui,6,2026-07-24,taux_occupation,67,False,2026-07-26
01,Bas-Saint-Laurent,Centre hospitalier d'Amqui,6,2026-07-25,taux_occupation,50,False,2026-07-26
01,Bas-Saint-Laurent,Centre hospitalier d'Amqui,6,2026-07-26,taux_occupation,117,False,2026-07-26
01,Bas-Saint-Laurent,Hôpital régional de Rimouski,12,2026-07-20,patients_sur_civiere,14,False,2026-07-26
01,Bas-Saint-Laurent,Hôpital régional de Rimouski,12,2026-07-21,patients_sur_civiere,18,False,2026-07-26
01,Bas-Saint-Laurent,Hôpital régional de Rimouski,12,2026-07-22,patients_sur_civiere,11,False,2026-07-26
01,Bas-Saint-Laurent,Hôpital régional de Rimouski,12,2026-07-23,patients_sur_civiere,12,False,2026-07-26
01,Bas-Saint-Laurent,Hôpital régional de Rimouski,12,2026-07-24,patients_sur_civiere,15,False,2026-07-26
01,Bas-Saint-Laurent,Hôpital régional de Rimouski,12,2026-07-25,patients_sur_civiere,8,False,2026-07-26
01,Bas-Saint-Laurent,Hôpital régional de Rimouski,12,2026-07-26,patients_sur_civiere,6,False,2026-07-26
01,Bas-Saint-Laurent,Hôpital régional de Rimouski,12,2026-07-20,patients_24h_plus,4,False,2026-07-26
01,Bas-Saint-Laurent,Hôpital régional de Rimouski,12,2026-07-21,patients_24h_plus,0,False,2026-07-26
01,Bas-Saint-Laurent,Hôpital régional de Rimouski,12,2026-07-22,patients_24h_plus,2,False,2026-07-26
01,Bas-Saint-Laurent,Hôpital régional de Rimouski,12,2026-07-23,patients_24h_plus,1,False,2026-07-26
01,Bas-Saint-Laurent,Hôpital régional de Rimouski,12,2026-07-24,patients_24h_plus,1,False,2026-07-26
01,Bas-Saint-Laurent,Hôpital régional de Rimouski,12,2026-07-25,patients_24h_plus,0,False,2026-07-26
01,Bas-Saint-Laurent,Hôpital régional de Rimouski,12,2026-07-26,patients_24h_plus,0,False,2026-07-26
01,Bas-Saint-Laurent,Hôpital régional de Rimouski,12,2026-07-20,patients_48h_plus,0,False,2026-07-26
01,Bas-Saint-Laurent,Hôpital régional de Rimouski,12,2026-07-21,patients_48h_plus,0,False,2026-07-26
01,Bas-Saint-Laurent,Hôpital régional de Rimouski,12,2026-07-22,patients_48h_plus,0,False,2026-07-26
01,Bas-Saint-Laurent,Hôpital régional de Rimouski,12,2026-07-23,patients_48h_plus,1,False,2026-07-26
01,Bas-Saint-Laurent,Hôpital régional de Rimouski,12,2026-07-24,patients_48h_plus,0,False,2026-07-26
01,Bas-Saint-Laurent,Hôpital régional de Rimouski,12,2026-07-25,patients_48h_plus,0,False,2026-07-26
01,Bas-Saint-Laurent,Hôpital régional de Rimouski,12,2026-07-26,patients_48h_plus,0,False,2026-07-26
01,Bas-Saint-Laurent,Hôpital régional de Rimouski,12,2026-07-20,visites_totales_veille,71,False,2026-07-26
01,Bas-Saint-Laurent,Hôpital régional de Rimouski,12,2026-07-21,visites_totales_veille,101,False,2026-07-26
01,Bas-Saint-Laurent,Hôpital régional de Rimouski,12,2026-07-22,visites_totales_veille,98,False,2026-07-26
01,Bas-Saint-Laurent,Hôpital régional de Rimouski,12,2026-07-23,visites_totales_veille,93,False,2026-07-26
01,Bas-Saint-Laurent,Hôpital régional de Rimouski,12,2026-07-24,visites_totales_veille,95,False,2026-07-26
01,Bas-Saint-Laurent,Hôpital régional de Rimouski,12,2026-07-25,visites_totales_veille,83,False,2026-07-26
01,Bas-Saint-Laurent,Hôpital régional de Rimouski,12,2026-07-26,visites_totales_veille,93,False,2026-07-26
01,Bas-Saint-Laurent,Hôpital régional de Rimouski,12,2026-07-20,taux_occupation,117,False,2026-07-26
01,Bas-Saint-Laurent,Hôpital régional de Rimouski,12,2026-07-21,taux_occupation,150,False,2026-07-26
01,Bas-Saint-Laurent,Hôpital régional de Rimouski,12,2026-07-22,taux_occupation,92,False,2026-07-26
01,Bas-Saint-Laurent,Hôpital régional de Rimouski,12,2026-07-23,taux_occupation,100,False,2026-07-26
01,Bas-Saint-Laurent,Hôpital régional de Rimouski,12,2026-07-24,taux_occupation,125,False,2026-07-26
01,Bas-Saint-Laurent,Hôpital régional de Rimouski,12,2026-07-25,taux_occupation,67,False,2026-07-26
01,Bas-Saint-Laurent,Hôpital régional de Rimouski,12,2026-07-26,taux_occupation,50,False,2026-07-26
01,Bas-Saint-Laurent,Centre hospitalier Trois-Pistoles,3,2026-07-20,patients_sur_civiere,0,False,2026-07-26
01,Bas-Saint-Laurent,Centre hospitalier Trois-Pistoles,3,2026-07-21,patients_sur_civiere,1,False,2026-07-26
01,Bas-Saint-Laurent,Centre hospitalier Trois-Pistoles,3,2026-07-22,patients_sur_civiere,0,False,2026-07-26
01,Bas-Saint-Laurent,Centre hospitalier Trois-Pistoles,3,2026-07-23,patients_sur_civiere,1,False,2026-07-26
01,Bas-Saint-Laurent,Centre hospitalier Trois-Pistoles,3,2026-07-24,patients_sur_civiere,0,False,2026-07-26
01,Bas-Saint-Laurent,Centre hospitalier Trois-Pistoles,3,2026-07-25,patients_sur_civiere,1,False,2026-07-26
01,Bas-Saint-Laurent,Centre hospitalier Trois-Pistoles,3,2026-07-26,patients_sur_civiere,1,False,2026-07-26
01,Bas-Saint-Laurent,Centre hospitalier Trois-Pistoles,3,2026-07-20,patients_24h_plus,0,False,2026-07-26
01,Bas-Saint-Laurent,Centre hospitalier Trois-Pistoles,3,2026-07-21,patients_24h_plus,0,False,2026-07-26
01,Bas-Saint-Laurent,Centre hospitalier Trois-Pistoles,3,2026-07-22,patients_24h_plus,0,False,2026-07-26
01,Bas-Saint-Laurent,Centre hospitalier Trois-Pistoles,3,2026-07-23,patients_24h_plus,0,False,2026-07-26
01,Bas-Saint-Laurent,Centre hospitalier Trois-Pistoles,3,2026-07-24,patients_24h_plus,0,False,2026-07-26
01,Bas-Saint-Laurent,Centre hospitalier Trois-Pistoles,3,2026-07-25,patients_24h_plus,0,False,2026-07-26
01,Bas-Saint-Laurent,Centre hospitalier Trois-Pistoles,3,2026-07-26,patients_24h_plus,0,False,2026-07-26
01,Bas-Saint-Laurent,Centre hospitalier Trois-Pistoles,3,2026-07-20,patients_48h_plus,0,False,2026-07-26
01,Bas-Saint-Laurent,Centre hospitalier Trois-Pistoles,3,2026-07-21,patients_48h_plus,0,False,2026-07-26
01,Bas-Saint-Laurent,Centre hospitalier Trois-Pistoles,3,2026-07-22,patients_48h_plus,0,False,2026-07-26
01,Bas-Saint-Laurent,Centre hospitalier Trois-Pistoles,3,2026-07-23,patients_48h_plus,0,False,2026-07-26
01,Bas-Saint-Laurent,Centre hospitalier Trois-Pistoles,3,2026-07-24,patients_48h_plus,0,False,2026-07-26
01,Bas-Saint-Laurent,Centre hospitalier Trois-Pistoles,3,2026-07-25,patients_48h_plus,0,False,2026-07-26
01,Bas-Saint-Laurent,Centre hospitalier Trois-Pistoles,3,2026-07-26,patients_48h_plus,0,False,2026-07-26
01,Bas-Saint-Laurent,Centre hospitalier Trois-Pistoles,3,2026-07-20,visites_totales_veille,27,False,2026-07-26
01,Bas-Saint-Laurent,Centre hospitalier Trois-Pistoles,3,2026-07-21,visites_totales_veille,31,False,2026-07-26
01,Bas-Saint-Laurent,Centre hospitalier Trois-Pistoles,3,2026-07-22,visites_totales_veille,31,False,2026-07-26
01,Bas-Saint-Laurent,Centre hospitalier Trois-Pistoles,3,2026-07-23,visites_totales_veille,41,False,2026-07-26
01,Bas-Saint-Laurent,Centre hospitalier Trois-Pistoles,3,2026-07-24,visites_totales_veille,36,False,2026-07-26
01,Bas-Saint-Laurent,Centre hospitalier Trois-Pistoles,3,2026-07-25,visites_totales_veille,32,False,2026-07-26
01,Bas-Saint-Laurent,Centre hospitalier Trois-Pistoles,3,2026-07-26,visites_totales_veille,43,False,2026-07-26
01,Bas-Saint-Laurent,Centre hospitalier Trois-Pistoles,3,2026-07-20,taux_occupation,0,False,2026-07-26
01,Bas-Saint-Laurent,Centre hospitalier Trois-Pistoles,3,2026-07-21,taux_occupation,33,False,2026-07-26
01,Bas-Saint-Laurent,Centre hospitalier Trois-Pistoles,3,2026-07-22,taux_occupation,0,False,2026-07-26
01,Bas-Saint-Laurent,Centre hospitalier Trois-Pistoles,3,2026-07-23,taux_occupation,33,False,2026-07-26
01,Bas-Saint-Laurent,Centre hospitalier Trois-Pistoles,3,2026-07-24,taux_occupation,0,False,2026-07-26
01,Bas-Saint-Laurent,Centre hospitalier Trois-Pistoles,3,2026-07-25,taux_occupation,33,False,2026-07-26
01,Bas-Saint-Laurent,Centre hospitalier Trois-Pistoles,3,2026-07-26,taux_occupation,33,False,2026-07-26
01,Bas-Saint-Laurent,Centre hospitalier régional du Grand Portage,9,2026-07-20,patients_sur_civiere,8,False,2026-07-26
01,Bas-Saint-Laurent,Centre hospitalier régional du Grand Portage,9,2026-07-21,patients_sur_civiere,8,False,2026-07-26
01,Bas-Saint-Laurent,Centre hospitalier régional du Grand Portage,9,2026-07-22,patients_sur_civiere,6,False,2026-07-26
01,Bas-Saint-Laurent,Centre hospitalier régional du Grand Portage,9,2026-07-23,patients_sur_civiere,12,False,2026-07-26
01,Bas-Saint-Laurent,Centre hospitalier régional du Grand Portage,9,2026-07-24,patients_sur_civiere,3,False,2026-07-26
01,Bas-Saint-Laurent,Centre hospitalier régional du Grand Portage,9,2026-07-25,patients_sur_civiere,13,False,2026-07-26
01,Bas-Saint-Laurent,Centre hospitalier régional du Grand Portage,9,2026-07-26,patients_sur_civiere,2,False,2026-07-26
01,Bas-Saint-Laurent,Centre hospitalier régional du Grand Portage,9,2026-07-20,patients_24h_plus,0,False,2026-07-26
01,Bas-Saint-Laurent,Centre hospitalier régional du Grand Portage,9,2026-07-21,patients_24h_plus,0,False,2026-07-26
01,Bas-Saint-Laurent,Centre hospitalier régional du Grand Portage,9,2026-07-22,patients_24h_plus,0,False,2026-07-26
01,Bas-Saint-Laurent,Centre hospitalier régional du Grand Portage,9,2026-07-23,patients_24h_plus,1,False,2026-07-26
01,Bas-Saint-Laurent,Centre hospitalier régional du Grand Portage,9,2026-07-24,patients_24h_plus,1,False,2026-07-26
01,Bas-Saint-Laurent,Centre hospitalier régional du Grand Portage,9,2026-07-25,patients_24h_plus,0,False,2026-07-26
01,Bas-Saint-Laurent,Centre hospitalier régional du Grand Portage,9,2026-07-26,patients_24h_plus,0,False,2026-07-26
01,Bas-Saint-Laurent,Centre hospitalier régional du Grand Portage,9,2026-07-20,patients_48h_plus,0,False,2026-07-26
01,Bas-Saint-Laurent,Centre hospitalier régional du Grand Portage,9,2026-07-21,patients_48h_plus,0,False,2026-07-26
01,Bas-Saint-Laurent,Centre hospitalier régional du Grand Portage,9,2026-07-22,patients_48h_plus,0,False,2026-07-26
01,Bas-Saint-Laurent,Centre hospitalier régional du Grand Portage,9,2026-07-23,patients_48h_plus,0,False,2026-07-26
01,Bas-Saint-Laurent,Centre hospitalier régional du Grand Portage,9,2026-07-24,patients_48h_plus,0,False,2026-07-26
01,Bas-Saint-Laurent,Centre hospitalier régional du Grand Portage,9,2026-07-25,patients_48h_plus,0,False,2026-07-26
01,Bas-Saint-Laurent,Centre hospitalier régional du Grand Portage,9,2026-07-26,patients_48h_plus,0,False,2026-07-26
01,Bas-Saint-Laurent,Centre hospitalier régional du Grand Portage,9,2026-07-20,visites_totales_veille,62,False,2026-07-26
01,Bas-Saint-Laurent,Centre hospitalier régional du Grand Portage,9,2026-07-21,visites_totales_veille,73,False,2026-07-26
01,Bas-Saint-Laurent,Centre hospitalier régional du Grand Portage,9,2026-07-22,visites_totales_veille,61,False,2026-07-26
01,Bas-Saint-Laurent,Centre hospitalier régional du Grand Portage,9,2026-07-23,visites_totales_veille,59,False,2026-07-26
01,Bas-Saint-Laurent,Centre hospitalier régional du Grand Portage,9,2026-07-24,visites_totales_veille,53,False,2026-07-26
01,Bas-Saint-Laurent,Centre hospitalier régional du Grand Portage,9,2026-07-25,visites_totales_veille,62,False,2026-07-26
01,Bas-Saint-Laurent,Centre hospitalier régional du Grand Portage,9,2026-07-26,visites_totales_veille,59,False,2026-07-26
01,Bas-Saint-Laurent,Centre hospitalier régional du Grand Portage,9,2026-07-20,taux_occupation,89,False,2026-07-26
01,Bas-Saint-Laurent,Centre hospitalier régional du Grand Portage,9,2026-07-21,taux_occupation,89,False,2026-07-26
01,Bas-Saint-Laurent,Centre hospitalier régional du Grand Portage,9,2026-07-22,taux_occupation,67,False,2026-07-26
01,Bas-Saint-Laurent,Centre hospitalier régional du Grand Portage,9,2026-07-23,taux_occupation,133,False,2026-07-26
01,Bas-Saint-Laurent,Centre hospitalier régional du Grand Portage,9,2026-07-24,taux_occupation,33,False,2026-07-26
01,Bas-Saint-Laurent,Centre hospitalier régional du Grand Portage,9,2026-07-25,taux_occupation,144,False,2026-07-26
01,Bas-Saint-Laurent,Centre hospitalier régional du Grand Portage,9,2026-07-26,taux_occupation,22,False,2026-07-26
01,Bas-Saint-Laurent,Hôpital de Notre-Dame-du Lac,5,2026-07-20,patients_sur_civiere,6,False,2026-07-26
01,Bas-Saint-Laurent,Hôpital de Notre-Dame-du Lac,5,2026-07-21,patients_sur_civiere,3,False,2026-07-26
01,Bas-Saint-Laurent,Hôpital de Notre-Dame-du Lac,5,2026-07-22,patients_sur_civiere,6,False,2026-07-26
01,Bas-Saint-Laurent,Hôpital de Notre-Dame-du Lac,5,2026-07-23,patients_sur_civiere,4,False,2026-07-26
01,Bas-Saint-Laurent,Hôpital de Notre-Dame-du Lac,5,2026-07-24,patients_sur_civiere,4,False,2026-07-26
01,Bas-Saint-Laurent,Hôpital de Notre-Dame-du Lac,5,2026-07-25,patients_sur_civiere,3,False,2026-07-26
01,Bas-Saint-Laurent,Hôpital de Notre-Dame-du Lac,5,2026-07-26,patients_sur_civiere,5,False,2026-07-26
01,Bas-Saint-Laurent,Hôpital de Notre-Dame-du Lac,5,2026-07-20,patients_24h_plus,0,False,2026-07-26
01,Bas-Saint-Laurent,Hôpital de Notre-Dame-du Lac,5,2026-07-21,patients_24h_plus,1,False,2026-07-26
01,Bas-Saint-Laurent,Hôpital de Notre-Dame-du Lac,5,2026-07-22,patients_24h_plus,0,False,2026-07-26
01,Bas-Saint-Laurent,Hôpital de Notre-Dame-du Lac,5,2026-07-23,patients_24h_plus,0,False,2026-07-26
01,Bas-Saint-Laurent,Hôpital de Notre-Dame-du Lac,5,2026-07-24,patients_24h_plus,0,False,2026-07-26
01,Bas-Saint-Laurent,Hôpital de Notre-Dame-du Lac,5,2026-07-25,patients_24h_plus,0,False,2026-07-26
01,Bas-Saint-Laurent,Hôpital de Notre-Dame-du Lac,5,2026-07-26,patients_24h_plus,0,False,2026-07-26
01,Bas-Saint-Laurent,Hôpital de Notre-Dame-du Lac,5,2026-07-20,patients_48h_plus,0,False,2026-07-26
01,Bas-Saint-Laurent,Hôpital de Notre-Dame-du Lac,5,2026-07-21,patients_48h_plus,0,False,2026-07-26
01,Bas-Saint-Laurent,Hôpital de Notre-Dame-du Lac,5,2026-07-22,patients_48h_plus,0,False,2026-07-26
01,Bas-Saint-Laurent,Hôpital de Notre-Dame-du Lac,5,2026-07-23,patients_48h_plus,0,False,2026-07-26
01,Bas-Saint-Laurent,Hôpital de Notre-Dame-du Lac,5,2026-07-24,patients_48h_plus,0,False,2026-07-26
01,Bas-Saint-Laurent,Hôpital de Notre-Dame-du Lac,5,2026-07-25,patients_48h_plus,0,False,2026-07-26
01,Bas-Saint-Laurent,Hôpital de Notre-Dame-du Lac,5,2026-07-26,patients_48h_plus,0,False,2026-07-26
01,Bas-Saint-Laurent,Hôpital de Notre-Dame-du Lac,5,2026-07-20,visites_totales_veille,34,False,2026-07-26
01,Bas-Saint-Laurent,Hôpital de Notre-Dame-du Lac,5,2026-07-21,visites_totales_veille,48,False,2026-07-26
01,Bas-Saint-Laurent,Hôpital de Notre-Dame-du Lac,5,2026-07-22,visites_totales_veille,36,False,2026-07-26
01,Bas-Saint-Laurent,Hôpital de Notre-Dame-du Lac,5,2026-07-23,visites_totales_veille,44,False,2026-07-26
01,Bas-Saint-Laurent,Hôpital de Notre-Dame-du Lac,5,2026-07-24,visites_totales_veille,43,False,2026-07-26
01,Bas-Saint-Laurent,Hôpital de Notre-Dame-du Lac,5,2026-07-25,visites_totales_veille,37,False,2026-07-26
01,Bas-Saint-Laurent,Hôpital de Notre-Dame-du Lac,5,2026-07-26,visites_totales_veille,33,False,2026-07-26
01,Bas-Saint-Laurent,Hôpital de Notre-Dame-du Lac,5,2026-07-20,taux_occupation,120,False,2026-07-26
01,Bas-Saint-Laurent,Hôpital de Notre-Dame-du Lac,5,2026-07-21,taux_occupation,60,False,2026-07-26
01,Bas-Saint-Laurent,Hôpital de Notre-Dame-du Lac,5,2026-07-22,taux_occupation,120,False,2026-07-26
01,Bas-Saint-Laurent,Hôpital de Notre-Dame-du Lac,5,2026-07-23,taux_occupation,80,False,2026-07-26
01,Bas-Saint-Laurent,Hôpital de Notre-Dame-du Lac,5,2026-07-24,taux_occupation,80,False,2026-07-26
01,Bas-Saint-Laurent,Hôpital de Notre-Dame-du Lac,5,2026-07-25,taux_occupation,60,False,2026-07-26
01,Bas-Saint-Laurent,Hôpital de Notre-Dame-du Lac,5,2026-07-26,taux_occupation,100,False,2026-07-26
01,Bas-Saint-Laurent,CLSC de Pohenegamook,3,2026-07-20,patients_sur_civiere,0,False,2026-07-26
01,Bas-Saint-Laurent,CLSC de Pohenegamook,3,2026-07-21,patients_sur_civiere,0,False,2026-07-26
01,Bas-Saint-Laurent,CLSC de Pohenegamook,3,2026-07-22,patients_sur_civiere,0,False,2026-07-26
01,Bas-Saint-Laurent,CLSC de Pohenegamook,3,2026-07-23,patients_sur_civiere,1,False,2026-07-26
01,Bas-Saint-Laurent,CLSC de Pohenegamook,3,2026-07-24,patients_sur_civiere,0,False,2026-07-26
01,Bas-Saint-Laurent,CLSC de Pohenegamook,3,2026-07-25,patients_sur_civiere,1,False,2026-07-26
01,Bas-Saint-Laurent,CLSC de Pohenegamook,3,2026-07-26,patients_sur_civiere,0,False,2026-07-26
01,Bas-Saint-Laurent,CLSC de Pohenegamook,3,2026-07-20,patients_24h_plus,0,False,2026-07-26
01,Bas-Saint-Laurent,CLSC de Pohenegamook,3,2026-07-21,patients_24h_plus,0,False,2026-07-26
01,Bas-Saint-Laurent,CLSC de Pohenegamook,3,2026-07-22,patients_24h_plus,0,False,2026-07-26
01,Bas-Saint-Laurent,CLSC de Pohenegamook,3,2026-07-23,patients_24h_plus,0,False,2026-07-26
01,Bas-Saint-Laurent,CLSC de Pohenegamook,3,2026-07-24,patients_24h_plus,0,False,2026-07-26
01,Bas-Saint-Laurent,CLSC de Pohenegamook,3,2026-07-25,patients_24h_plus,0,False,2026-07-26
01,Bas-Saint-Laurent,CLSC de Pohenegamook,3,2026-07-26,patients_24h_plus,0,False,2026-07-26
01,Bas-Saint-Laurent,CLSC de Pohenegamook,3,2026-07-20,patients_48h_plus,0,False,2026-07-26
01,Bas-Saint-Laurent,CLSC de Pohenegamook,3,2026-07-21,patients_48h_plus,0,False,2026-07-26
01,Bas-Saint-Laurent,CLSC de Pohenegamook,3,2026-07-22,patients_48h_plus,0,False,2026-07-26
01,Bas-Saint-Laurent,CLSC de Pohenegamook,3,2026-07-23,patients_48h_plus,0,False,2026-07-26
01,Bas-Saint-Laurent,CLSC de Pohenegamook,3,2026-07-24,patients_48h_plus,0,False,2026-07-26
01,Bas-Saint-Laurent,CLSC de Pohenegamook,3,2026-07-25,patients_48h_plus,0,False,2026-07-26
01,Bas-Saint-Laurent,CLSC de Pohenegamook,3,2026-07-26,patients_48h_plus,0,False,2026-07-26
01,Bas-Saint-Laurent,CLSC de Pohenegamook,3,2026-07-20,visites_totales_veille,37,False,2026-07-26
01,Bas-Saint-Laurent,CLSC de Pohenegamook,3,2026-07-21,visites_totales_veille,32,False,2026-07-26
01,Bas-Saint-Laurent,CLSC de Pohenegamook,3,2026-07-22,visites_totales_veille,48,False,2026-07-26
01,Bas-Saint-Laurent,CLSC de Pohenegamook,3,2026-07-23,visites_totales_veille,37,False,2026-07-26
01,Bas-Saint-Laurent,CLSC de Pohenegamook,3,2026-07-24,visites_totales_veille,46,False,2026-07-26
01,Bas-Saint-Laurent,CLSC de Pohenegamook,3,2026-07-25,visites_totales_veille,33,False,2026-07-26
01,Bas-Saint-Laurent,CLSC de Pohenegamook,3,2026-07-26,visites_totales_veille,29,False,2026-07-26
01,Bas-Saint-Laurent,CLSC de Pohenegamook,3,2026-07-20,taux_occupation,0,False,2026-07-26
01,Bas-Saint-Laurent,CLSC de Pohenegamook,3,2026-07-21,taux_occupation,0,False,2026-07-26
01,Bas-Saint-Laurent,CLSC de Pohenegamook,3,2026-07-22,taux_occupation,0,False,2026-07-26
01,Bas-Saint-Laurent,CLSC de Pohenegamook,3,2026-07-23,taux_occupation,33,False,2026-07-26
01,Bas-Saint-Laurent,CLSC de Pohenegamook,3,2026-07-24,taux_occupation,0,False,2026-07-26
01,Bas-Saint-Laurent,CLSC de Pohenegamook,3,2026-07-25,taux_occupation,33,False,2026-07-26
01,Bas-Saint-Laurent,CLSC de Pohenegamook,3,2026-07-26,taux_occupation,0,False,2026-07-26
01,Bas-Saint-Laurent,Hôpital Notre-Dame-de-Fatima,7,2026-07-20,patients_sur_civiere,0,False,2026-07-26
01,Bas-Saint-Laurent,Hôpital Notre-Dame-de-Fatima,7,2026-07-21,patients_sur_civiere,3,False,2026-07-26
01,Bas-Saint-Laurent,Hôpital Notre-Dame-de-Fatima,7,2026-07-22,patients_sur_civiere,2,False,2026-07-26
01,Bas-Saint-Laurent,Hôpital Notre-Dame-de-Fatima,7,2026-07-23,patients_sur_civiere,5,False,2026-07-26
01,Bas-Saint-Laurent,Hôpital Notre-Dame-de-Fatima,7,2026-07-24,patients_sur_civiere,2,False,2026-07-26
01,Bas-Saint-Laurent,Hôpital Notre-Dame-de-Fatima,7,2026-07-25,patients_sur_civiere,2,False,2026-07-26
01,Bas-Saint-Laurent,Hôpital Notre-Dame-de-Fatima,7,2026-07-26,patients_sur_civiere,1,False,2026-07-26
01,Bas-Saint-Laurent,Hôpital Notre-Dame-de-Fatima,7,2026-07-20,patients_24h_plus,0,False,2026-07-26
01,Bas-Saint-Laurent,Hôpital Notre-Dame-de-Fatima,7,2026-07-21,patients_24h_plus,0,False,2026-07-26
01,Bas-Saint-Laurent,Hôpital Notre-Dame-de-Fatima,7,2026-07-22,patients_24h_plus,0,False,2026-07-26
01,Bas-Saint-Laurent,Hôpital Notre-Dame-de-Fatima,7,2026-07-23,patients_24h_plus,0,False,2026-07-26
01,Bas-Saint-Laurent,Hôpital Notre-Dame-de-Fatima,7,2026-07-24,patients_24h_plus,0,False,2026-07-26
01,Bas-Saint-Laurent,Hôpital Notre-Dame-de-Fatima,7,2026-07-25,patients_24h_plus,0,False,2026-07-26
01,Bas-Saint-Laurent,Hôpital Notre-Dame-de-Fatima,7,2026-07-26,patients_24h_plus,0,False,2026-07-26
01,Bas-Saint-Laurent,Hôpital Notre-Dame-de-Fatima,7,2026-07-20,patients_48h_plus,0,False,2026-07-26
01,Bas-Saint-Laurent,Hôpital Notre-Dame-de-Fatima,7,2026-07-21,patients_48h_plus,0,False,2026-07-26
01,Bas-Saint-Laurent,Hôpital Notre-Dame-de-Fatima,7,2026-07-22,patients_48h_plus,0,False,2026-07-26
01,Bas-Saint-Laurent,Hôpital Notre-Dame-de-Fatima,7,2026-07-23,patients_48h_plus,0,False,2026-07-26
01,Bas-Saint-Laurent,Hôpital Notre-Dame-de-Fatima,7,2026-07-24,patients_48h_plus,0,False,2026-07-26
01,Bas-Saint-Laurent,Hôpital Notre-Dame-de-Fatima,7,2026-07-25,patients_48h_plus,0,False,2026-07-26
01,Bas-Saint-Laurent,Hôpital Notre-Dame-de-Fatima,7,2026-07-26,patients_48h_plus,0,False,2026-07-26
01,Bas-Saint-Laurent,Hôpital Notre-Dame-de-Fatima,7,2026-07-20,visites_totales_veille,39,False,2026-07-26
01,Bas-Saint-Laurent,Hôpital Notre-Dame-de-Fatima,7,2026-07-21,visites_totales_veille,40,False,2026-07-26
01,Bas-Saint-Laurent,Hôpital Notre-Dame-de-Fatima,7,2026-07-22,visites_totales_veille,49,False,2026-07-26
01,Bas-Saint-Laurent,Hôpital Notre-Dame-de-Fatima,7,2026-07-23,visites_totales_veille,48,False,2026-07-26
01,Bas-Saint-Laurent,Hôpital Notre-Dame-de-Fatima,7,2026-07-24,visites_totales_veille,42,False,2026-07-26
01,Bas-Saint-Laurent,Hôpital Notre-Dame-de-Fatima,7,2026-07-25,visites_totales_veille,34,False,2026-07-26
01,Bas-Saint-Laurent,Hôpital Notre-Dame-de-Fatima,7,2026-07-26,visites_totales_veille,43,False,2026-07-26
01,Bas-Saint-Laurent,Hôpital Notre-Dame-de-Fatima,7,2026-07-20,taux_occupation,0,False,2026-07-26
01,Bas-Saint-Laurent,Hôpital Notre-Dame-de-Fatima,7,2026-07-21,taux_occupation,43,False,2026-07-26
01,Bas-Saint-Laurent,Hôpital Notre-Dame-de-Fatima,7,2026-07-22,taux_occupation,29,False,2026-07-26
01,Bas-Saint-Laurent,Hôpital Notre-Dame-de-Fatima,7,2026-07-23,taux_occupation,71,False,2026-07-26
01,Bas-Saint-Laurent,Hôpital Notre-Dame-de-Fatima,7,2026-07-24,taux_occupation,29,False,2026-07-26
01,Bas-Saint-Laurent,Hôpital Notre-Dame-de-Fatima,7,2026-07-25,taux_occupation,29,False,2026-07-26
01,Bas-Saint-Laurent,Hôpital Notre-Dame-de-Fatima,7,2026-07-26,taux_occupation,14,False,2026-07-26
01,Bas-Saint-Laurent,Total (01) Bas-Saint-Laurent,52,2026-07-20,patients_sur_civiere,36,True,2026-07-26
01,Bas-Saint-Laurent,Total (01) Bas-Saint-Laurent,52,2026-07-21,patients_sur_civiere,35,True,2026-07-26
01,Bas-Saint-Laurent,Total (01) Bas-Saint-Laurent,52,2026-07-22,patients_sur_civiere,29,True,2026-07-26
01,Bas-Saint-Laurent,Total (01) Bas-Saint-Laurent,52,2026-07-23,patients_sur_civiere,42,True,2026-07-26
01,Bas-Saint-Laurent,Total (01) Bas-Saint-Laurent,52,2026-07-24,patients_sur_civiere,30,True,2026-07-26
01,Bas-Saint-Laurent,Total (01) Bas-Saint-Laurent,52,2026-07-25,patients_sur_civiere,35,True,2026-07-26
01,Bas-Saint-Laurent,Total (01) Bas-Saint-Laurent,52,2026-07-26,patients_sur_civiere,25,True,2026-07-26
01,Bas-Saint-Laurent,Total (01) Bas-Saint-Laurent,52,2026-07-20,patients_24h_plus,4,True,2026-07-26
01,Bas-Saint-Laurent,Total (01) Bas-Saint-Laurent,52,2026-07-21,patients_24h_plus,1,True,2026-07-26
01,Bas-Saint-Laurent,Total (01) Bas-Saint-Laurent,52,2026-07-22,patients_24h_plus,2,True,2026-07-26
01,Bas-Saint-Laurent,Total (01) Bas-Saint-Laurent,52,2026-07-23,patients_24h_plus,2,True,2026-07-26
01,Bas-Saint-Laurent,Total (01) Bas-Saint-Laurent,52,2026-07-24,patients_24h_plus,2,True,2026-07-26
01,Bas-Saint-Laurent,Total (01) Bas-Saint-Laurent,52,2026-07-25,patients_24h_plus,0,True,2026-07-26
01,Bas-Saint-Laurent,Total (01) Bas-Saint-Laurent,52,2026-07-26,patients_24h_plus,0,True,2026-07-26
01,Bas-Saint-Laurent,Total (01) Bas-Saint-Laurent,52,2026-07-20,patients_48h_plus,0,True,2026-07-26
01,Bas-Saint-Laurent,Total (01) Bas-Saint-Laurent,52,2026-07-21,patients_48h_plus,0,True,2026-07-26
01,Bas-Saint-Laurent,Total (01) Bas-Saint-Laurent,52,2026-07-22,patients_48h_plus,0,True,2026-07-26
01,Bas-Saint-Laurent,Total (01) Bas-Saint-Laurent,52,2026-07-23,patients_48h_plus,1,True,2026-07-26
01,Bas-Saint-Laurent,Total (01) Bas-Saint-Laurent,52,2026-07-24,patients_48h_plus,0,True,2026-07-26
01,Bas-Saint-Laurent,Total (01) Bas-Saint-Laurent,52,2026-07-25,patients_48h_plus,0,True,2026-07-26
01,Bas-Saint-Laurent,Total (01) Bas-Saint-Laurent,52,2026-07-26,patients_48h_plus,0,True,2026-07-26
01,Bas-Saint-Laurent,Total (01) Bas-Saint-Laurent,52,2026-07-20,visites_totales_veille,369,True,2026-07-26
01,Bas-Saint-Laurent,Total (01) Bas-Saint-Laurent,52,2026-07-21,visites_totales_veille,420,True,2026-07-26
01,Bas-Saint-Laurent,Total (01) Bas-Saint-Laurent,52,2026-07-22,visites_totales_veille,414,True,2026-07-26
01,Bas-Saint-Laurent,Total (01) Bas-Saint-Laurent,52,2026-07-23,visites_totales_veille,436,True,2026-07-26
01,Bas-Saint-Laurent,Total (01) Bas-Saint-Laurent,52,2026-07-24,visites_totales_veille,410,True,2026-07-26
01,Bas-Saint-Laurent,Total (01) Bas-Saint-Laurent,52,2026-07-25,visites_totales_veille,372,True,2026-07-26
01,Bas-Saint-Laurent,Total (01) Bas-Saint-Laurent,52,2026-07-26,visites_totales_veille,368,True,2026-07-26
01,Bas-Saint-Laurent,Total (01) Bas-Saint-Laurent,52,2026-07-20,taux_occupation,69,True,2026-07-26
01,Bas-Saint-Laurent,Total (01) Bas-Saint-Laurent,52,2026-07-21,taux_occupation,67,True,2026-07-26
01,Bas-Saint-Laurent,Total (01) Bas-Saint-Laurent,52,2026-07-22,taux_occupation,56,True,2026-07-26
01,Bas-Saint-Laurent,Total (01) Bas-Saint-Laurent,52,2026-07-23,taux_occupation,81,True,2026-07-26
01,Bas-Saint-Laurent,Total (01) Bas-Saint-Laurent,52,2026-07-24,taux_occupation,58,True,2026-07-26
01,Bas-Saint-Laurent,Total (01) Bas-Saint-Laurent,52,2026-07-25,taux_occupation,67,True,2026-07-26
01,Bas-Saint-Laurent,Total (01) Bas-Saint-Laurent,52,2026-07-26,taux_occupation,48,True,2026-07-26
02,Saguenay - Lac-Saint-Jean,Hôpital de La Baie,7,2026-07-20,patients_sur_civiere,2,False,2026-07-26
02,Saguenay - Lac-Saint-Jean,Hôpital de La Baie,7,2026-07-21,patients_sur_civiere,3,False,2026-07-26
02,Saguenay - Lac-Saint-Jean,Hôpital de La Baie,7,2026-07-22,patients_sur_civiere,3,False,2026-07-26
02,Saguenay - Lac-Saint-Jean,Hôpital de La Baie,7,2026-07-23,patients_sur_civiere,2,False,2026-07-26
02,Saguenay - Lac-Saint-Jean,Hôpital de La Baie,7,2026-07-24,patients_sur_civiere,2,False,2026-07-26
02,Saguenay - Lac-Saint-Jean,Hôpital de La Baie,7,2026-07-25,patients_sur_civiere,5,False,2026-07-26
02,Saguenay - Lac-Saint-Jean,Hôpital de La Baie,7,2026-07-26,patients_sur_civiere,3,False,2026-07-26
02,Saguenay - Lac-Saint-Jean,Hôpital de La Baie,7,2026-07-20,patients_24h_plus,0,False,2026-07-26
02,Saguenay - Lac-Saint-Jean,Hôpital de La Baie,7,2026-07-21,patients_24h_plus,0,False,2026-07-26
02,Saguenay - Lac-Saint-Jean,Hôpital de La Baie,7,2026-07-22,patients_24h_plus,0,False,2026-07-26
02,Saguenay - Lac-Saint-Jean,Hôpital de La Baie,7,2026-07-23,patients_24h_plus,0,False,2026-07-26
02,Saguenay - Lac-Saint-Jean,Hôpital de La Baie,7,2026-07-24,patients_24h_plus,0,False,2026-07-26
02,Saguenay - Lac-Saint-Jean,Hôpital de La Baie,7,2026-07-25,patients_24h_plus,0,False,2026-07-26
02,Saguenay - Lac-Saint-Jean,Hôpital de La Baie,7,2026-07-26,patients_24h_plus,0,False,2026-07-26
02,Saguenay - Lac-Saint-Jean,Hôpital de La Baie,7,2026-07-20,patients_48h_plus,0,False,2026-07-26
02,Saguenay - Lac-Saint-Jean,Hôpital de La Baie,7,2026-07-21,patients_48h_plus,0,False,2026-07-26
02,Saguenay - Lac-Saint-Jean,Hôpital de La Baie,7,2026-07-22,patients_48h_plus,0,False,2026-07-26
02,Saguenay - Lac-Saint-Jean,Hôpital de La Baie,7,2026-07-23,patients_48h_plus,0,False,2026-07-26
02,Saguenay - Lac-Saint-Jean,Hôpital de La Baie,7,2026-07-24,patients_48h_plus,0,False,2026-07-26
02,Saguenay - Lac-Saint-Jean,Hôpital de La Baie,7,2026-07-25,patients_48h_plus,0,False,2026-07-26
02,Saguenay - Lac-Saint-Jean,Hôpital de La Baie,7,2026-07-26,patients_48h_plus,0,False,2026-07-26
02,Saguenay - Lac-Saint-Jean,Hôpital de La Baie,7,2026-07-20,visites_totales_veille,56,False,2026-07-26
02,Saguenay - Lac-Saint-Jean,Hôpital de La Baie,7,2026-07-21,visites_totales_veille,43,False,2026-07-26
02,Saguenay - Lac-Saint-Jean,Hôpital de La Baie,7,2026-07-22,visites_totales_veille,54,False,2026-07-26
02,Saguenay - Lac-Saint-Jean,Hôpital de La Baie,7,2026-07-23,visites_totales_veille,56,False,2026-07-26
02,Saguenay - Lac-Saint-Jean,Hôpital de La Baie,7,2026-07-24,visites_totales_veille,50,False,2026-07-26
02,Saguenay - Lac-Saint-Jean,Hôpital de La Baie,7,2026-07-25,visites_totales_veille,50,False,2026-07-26
02,Saguenay - Lac-Saint-Jean,Hôpital de La Baie,7,2026-07-26,visites_totales_veille,56,False,2026-07-26
02,Saguenay - Lac-Saint-Jean,Hôpital de La Baie,7,2026-07-20,taux_occupation,29,False,2026-07-26
02,Saguenay - Lac-Saint-Jean,Hôpital de La Baie,7,2026-07-21,taux_occupation,43,False,2026-07-26
02,Saguenay - Lac-Saint-Jean,Hôpital de La Baie,7,2026-07-22,taux_occupation,43,False,2026-07-26
02,Saguenay - Lac-Saint-Jean,Hôpital de La Baie,7,2026-07-23,taux_occupation,29,False,2026-07-26
02,Saguenay - Lac-Saint-Jean,Hôpital de La Baie,7,2026-07-24,taux_occupation,29,False,2026-07-26
02,Saguenay - Lac-Saint-Jean,Hôpital de La Baie,7,2026-07-25,taux_occupation,71,False,2026-07-26
02,Saguenay - Lac-Saint-Jean,Hôpital de La Baie,7,2026-07-26,taux_occupation,43,False,2026-07-26
02,Saguenay - Lac-Saint-Jean,Hôpital de Chicoutimi,41,2026-07-20,patients_sur_civiere,31,False,2026-07-26
02,Saguenay - Lac-Saint-Jean,Hôpital de Chicoutimi,41,2026-07-21,patients_sur_civiere,25,False,2026-07-26
02,Saguenay - Lac-Saint-Jean,Hôpital de Chicoutimi,41,2026-07-22,patients_sur_civiere,33,False,2026-07-26
02,Saguenay - Lac-Saint-Jean,Hôpital de Chicoutimi,41,2026-07-23,patients_sur_civiere,39,False,2026-07-26
02,Saguenay - Lac-Saint-Jean,Hôpital de Chicoutimi,41,2026-07-24,patients_sur_civiere,33,False,2026-07-26
02,Saguenay - Lac-Saint-Jean,Hôpital de Chicoutimi,41,2026-07-25,patients_sur_civiere,27,False,2026-07-26
02,Saguenay - Lac-Saint-Jean,Hôpital de Chicoutimi,41,2026-07-26,patients_sur_civiere,28,False,2026-07-26
02,Saguenay - Lac-Saint-Jean,Hôpital de Chicoutimi,41,2026-07-20,patients_24h_plus,2,False,2026-07-26
02,Saguenay - Lac-Saint-Jean,Hôpital de Chicoutimi,41,2026-07-21,patients_24h_plus,1,False,2026-07-26
02,Saguenay - Lac-Saint-Jean,Hôpital de Chicoutimi,41,2026-07-22,patients_24h_plus,1,False,2026-07-26
02,Saguenay - Lac-Saint-Jean,Hôpital de Chicoutimi,41,2026-07-23,patients_24h_plus,4,False,2026-07-26
02,Saguenay - Lac-Saint-Jean,Hôpital de Chicoutimi,41,2026-07-24,patients_24h_plus,1,False,2026-07-26
02,Saguenay - Lac-Saint-Jean,Hôpital de Chicoutimi,41,2026-07-25,patients_24h_plus,1,False,2026-07-26
02,Saguenay - Lac-Saint-Jean,Hôpital de Chicoutimi,41,2026-07-26,patients_24h_plus,0,False,2026-07-26
02,Saguenay - Lac-Saint-Jean,Hôpital de Chicoutimi,41,2026-07-20,patients_48h_plus,0,False,2026-07-26
02,Saguenay - Lac-Saint-Jean,Hôpital de Chicoutimi,41,2026-07-21,patients_48h_plus,0,False,2026-07-26
02,Saguenay - Lac-Saint-Jean,Hôpital de Chicoutimi,41,2026-07-22,patients_48h_plus,0,False,2026-07-26
02,Saguenay - Lac-Saint-Jean,Hôpital de Chicoutimi,41,2026-07-23,patients_48h_plus,0,False,2026-07-26
02,Saguenay - Lac-Saint-Jean,Hôpital de Chicoutimi,41,2026-07-24,patients_48h_plus,0,False,2026-07-26
02,Saguenay - Lac-Saint-Jean,Hôpital de Chicoutimi,41,2026-07-25,patients_48h_plus,0,False,2026-07-26
02,Saguenay - Lac-Saint-Jean,Hôpital de Chicoutimi,41,2026-07-26,patients_48h_plus,0,False,2026-07-26
02,Saguenay - Lac-Saint-Jean,Hôpital de Chicoutimi,41,2026-07-20,visites_totales_veille,145,False,2026-07-26
02,Saguenay - Lac-Saint-Jean,Hôpital de Chicoutimi,41,2026-07-21,visites_totales_veille,132,False,2026-07-26
02,Saguenay - Lac-Saint-Jean,Hôpital de Chicoutimi,41,2026-07-22,visites_totales_veille,131,False,2026-07-26
02,Saguenay - Lac-Saint-Jean,Hôpital de Chicoutimi,41,2026-07-23,visites_totales_veille,142,False,2026-07-26
02,Saguenay - Lac-Saint-Jean,Hôpital de Chicoutimi,41,2026-07-24,visites_totales_veille,138,False,2026-07-26
02,Saguenay - Lac-Saint-Jean,Hôpital de Chicoutimi,41,2026-07-25,visites_totales_veille,152,False,2026-07-26
02,Saguenay - Lac-Saint-Jean,Hôpital de Chicoutimi,41,2026-07-26,visites_totales_veille,120,False,2026-07-26
02,Saguenay - Lac-Saint-Jean,Hôpital de Chicoutimi,41,2026-07-20,taux_occupation,76,False,2026-07-26
02,Saguenay - Lac-Saint-Jean,Hôpital de Chicoutimi,41,2026-07-21,taux_occupation,61,False,2026-07-26
02,Saguenay - Lac-Saint-Jean,Hôpital de Chicoutimi,41,2026-07-22,taux_occupation,80,False,2026-07-26
02,Saguenay - Lac-Saint-Jean,Hôpital de Chicoutimi,41,2026-07-23,taux_occupation,95,False,2026-07-26
02,Saguenay - Lac-Saint-Jean,Hôpital de Chicoutimi,41,2026-07-24,taux_occupation,80,False,2026-07-26
02,Saguenay - Lac-Saint-Jean,Hôpital de Chicoutimi,41,2026-07-25,taux_occupation,66,False,2026-07-26
02,Saguenay - Lac-Saint-Jean,Hôpital de Chicoutimi,41,2026-07-26,taux_occupation,68,False,2026-07-26
02,Saguenay - Lac-Saint-Jean,Hôpital et Centre de réadaptation de Jonquière,16,2026-07-20,patients_sur_civiere,4,False,2026-07-26
02,Saguenay - Lac-Saint-Jean,Hôpital et Centre de réadaptation de Jonquière,16,2026-07-21,patients_sur_civiere,4,False,2026-07-26
02,Saguenay - Lac-Saint-Jean,Hôpital et Centre de réadaptation de Jonquière,16,2026-07-22,patients_sur_civiere,9,False,2026-07-26
02,Saguenay - Lac-Saint-Jean,Hôpital et Centre de réadaptation de Jonquière,16,2026-07-23,patients_sur_civiere,11,False,2026-07-26
02,Saguenay - Lac-Saint-Jean,Hôpital et Centre de réadaptation de Jonquière,16,2026-07-24,patients_sur_civiere,9,False,2026-07-26
02,Saguenay - Lac-Saint-Jean,Hôpital et Centre de réadaptation de Jonquière,16,2026-07-25,patients_sur_civiere,8,False,2026-07-26
02,Saguenay - Lac-Saint-Jean,Hôpital et Centre de réadaptation de Jonquière,16,2026-07-26,patients_sur_civiere,8,False,2026-07-26
02,Saguenay - Lac-Saint-Jean,Hôpital et Centre de réadaptation de Jonquière,16,2026-07-20,patients_24h_plus,0,False,2026-07-26
02,Saguenay - Lac-Saint-Jean,Hôpital et Centre de réadaptation de Jonquière,16,2026-07-21,patients_24h_plus,0,False,2026-07-26
02,Saguenay - Lac-Saint-Jean,Hôpital et Centre de réadaptation de Jonquière,16,2026-07-22,patients_24h_plus,0,False,2026-07-26
02,Saguenay - Lac-Saint-Jean,Hôpital et Centre de réadaptation de Jonquière,16,2026-07-23,patients_24h_plus,0,False,2026-07-26
02,Saguenay - Lac-Saint-Jean,Hôpital et Centre de réadaptation de Jonquière,16,2026-07-24,patients_24h_plus,0,False,2026-07-26
02,Saguenay - Lac-Saint-Jean,Hôpital et Centre de réadaptation de Jonquière,16,2026-07-25,patients_24h_plus,0,False,2026-07-26
02,Saguenay - Lac-Saint-Jean,Hôpital et Centre de réadaptation de Jonquière,16,2026-07-26,patients_24h_plus,0,False,2026-07-26
02,Saguenay - Lac-Saint-Jean,Hôpital et Centre de réadaptation de Jonquière,16,2026-07-20,patients_48h_plus,0,False,2026-07-26
02,Saguenay - Lac-Saint-Jean,Hôpital et Centre de réadaptation de Jonquière,16,2026-07-21,patients_48h_plus,0,False,2026-07-26
02,Saguenay - Lac-Saint-Jean,Hôpital et Centre de réadaptation de Jonquière,16,2026-07-22,patients_48h_plus,0,False,2026-07-26
02,Saguenay - Lac-Saint-Jean,Hôpital et Centre de réadaptation de Jonquière,16,2026-07-23,patients_48h_plus,0,False,2026-07-26
02,Saguenay - Lac-Saint-Jean,Hôpital et Centre de réadaptation de Jonquière,16,2026-07-24,patients_48h_plus,0,False,2026-07-26
02,Saguenay - Lac-Saint-Jean,Hôpital et Centre de réadaptation de Jonquière,16,2026-07-25,patients_48h_plus,0,False,2026-07-26
02,Saguenay - Lac-Saint-Jean,Hôpital et Centre de réadaptation de Jonquière,16,2026-07-26,patients_48h_plus,0,False,2026-07-26
02,Saguenay - Lac-Saint-Jean,Hôpital et Centre de réadaptation de Jonquière,16,2026-07-20,visites_totales_veille,64,False,2026-07-26
02,Saguenay - Lac-Saint-Jean,Hôpital et Centre de réadaptation de Jonquière,16,2026-07-21,visites_totales_veille,75,False,2026-07-26
02,Saguenay - Lac-Saint-Jean,Hôpital et Centre de réadaptation de Jonquière,16,2026-07-22,visites_totales_veille,84,False,2026-07-26
02,Saguenay - Lac-Saint-Jean,Hôpital et Centre de réadaptation de Jonquière,16,2026-07-23,visites_totales_veille,75,False,2026-07-26
02,Saguenay - Lac-Saint-Jean,Hôpital et Centre de réadaptation de Jonquière,16,2026-07-24,visites_totales_veille,76,False,2026-07-26
02,Saguenay - Lac-Saint-Jean,Hôpital et Centre de réadaptation de Jonquière,16,2026-07-25,visites_totales_veille,69,False,2026-07-26
02,Saguenay - Lac-Saint-Jean,Hôpital et Centre de réadaptation de Jonquière,16,2026-07-26,visites_totales_veille,75,False,2026-07-26
02,Saguenay - Lac-Saint-Jean,Hôpital et Centre de réadaptation de Jonquière,16,2026-07-20,taux_occupation,25,False,2026-07-26
02,Saguenay - Lac-Saint-Jean,Hôpital et Centre de réadaptation de Jonquière,16,2026-07-21,taux_occupation,25,False,2026-07-26
02,Saguenay - Lac-Saint-Jean,Hôpital et Centre de réadaptation de Jonquière,16,2026-07-22,taux_occupation,56,False,2026-07-26
02,Saguenay - Lac-Saint-Jean,Hôpital et Centre de réadaptation de Jonquière,16,2026-07-23,taux_occupation,69,False,2026-07-26
02,Saguenay - Lac-Saint-Jean,Hôpital et Centre de réadaptation de Jonquière,16,2026-07-24,taux_occupation,56,False,2026-07-26
02,Saguenay - Lac-Saint-Jean,Hôpital et Centre de réadaptation de Jonquière,16,2026-07-25,taux_occupation,50,False,2026-07-26
02,Saguenay - Lac-Saint-Jean,Hôpital et Centre de réadaptation de Jonquière,16,2026-07-26,taux_occupation,50,False,2026-07-26
02,Saguenay - Lac-Saint-Jean,Hôpital d'Alma,17,2026-07-20,patients_sur_civiere,3,False,2026-07-26
02,Saguenay - Lac-Saint-Jean,Hôpital d'Alma,17,2026-07-21,patients_sur_civiere,5,False,2026-07-26
02,Saguenay - Lac-Saint-Jean,Hôpital d'Alma,17,2026-07-22,patients_sur_civiere,7,False,2026-07-26
02,Saguenay - Lac-Saint-Jean,Hôpital d'Alma,17,2026-07-23,patients_sur_civiere,8,False,2026-07-26
02,Saguenay - Lac-Saint-Jean,Hôpital d'Alma,17,2026-07-24,patients_sur_civiere,7,False,2026-07-26
02,Saguenay - Lac-Saint-Jean,Hôpital d'Alma,17,2026-07-25,patients_sur_civiere,6,False,2026-07-26
02,Saguenay - Lac-Saint-Jean,Hôpital d'Alma,17,2026-07-26,patients_sur_civiere,9,False,2026-07-26
02,Saguenay - Lac-Saint-Jean,Hôpital d'Alma,17,2026-07-20,patients_24h_plus,1,False,2026-07-26
02,Saguenay - Lac-Saint-Jean,Hôpital d'Alma,17,2026-07-21,patients_24h_plus,0,False,2026-07-26
02,Saguenay - Lac-Saint-Jean,Hôpital d'Alma,17,2026-07-22,patients_24h_plus,0,False,2026-07-26
02,Saguenay - Lac-Saint-Jean,Hôpital d'Alma,17,2026-07-23,patients_24h_plus,0,False,2026-07-26
02,Saguenay - Lac-Saint-Jean,Hôpital d'Alma,17,2026-07-24,patients_24h_plus,0,False,2026-07-26
02,Saguenay - Lac-Saint-Jean,Hôpital d'Alma,17,2026-07-25,patients_24h_plus,0,False,2026-07-26
02,Saguenay - Lac-Saint-Jean,Hôpital d'Alma,17,2026-07-26,patients_24h_plus,0,False,2026-07-26
02,Saguenay - Lac-Saint-Jean,Hôpital d'Alma,17,2026-07-20,patients_48h_plus,0,False,2026-07-26
02,Saguenay - Lac-Saint-Jean,Hôpital d'Alma,17,2026-07-21,patients_48h_plus,0,False,2026-07-26
02,Saguenay - Lac-Saint-Jean,Hôpital d'Alma,17,2026-07-22,patients_48h_plus,0,False,2026-07-26
02,Saguenay - Lac-Saint-Jean,Hôpital d'Alma,17,2026-07-23,patients_48h_plus,0,False,2026-07-26
02,Saguenay - Lac-Saint-Jean,Hôpital d'Alma,17,2026-07-24,patients_48h_plus,0,False,2026-07-26
02,Saguenay - Lac-Saint-Jean,Hôpital d'Alma,17,2026-07-25,patients_48h_plus,0,False,2026-07-26
02,Saguenay - Lac-Saint-Jean,Hôpital d'Alma,17,2026-07-26,patients_48h_plus,0,False,2026-07-26
02,Saguenay - Lac-Saint-Jean,Hôpital d'Alma,17,2026-07-20,visites_totales_veille,95,False,2026-07-26
02,Saguenay - Lac-Saint-Jean,Hôpital d'Alma,17,2026-07-21,visites_totales_veille,106,False,2026-07-26
02,Saguenay - Lac-Saint-Jean,Hôpital d'Alma,17,2026-07-22,visites_totales_veille,102,False,2026-07-26
02,Saguenay - Lac-Saint-Jean,Hôpital d'Alma,17,2026-07-23,visites_totales_veille,106,False,2026-07-26
02,Saguenay - Lac-Saint-Jean,Hôpital d'Alma,17,2026-07-24,visites_totales_veille,102,False,2026-07-26
02,Saguenay - Lac-Saint-Jean,Hôpital d'Alma,17,2026-07-25,visites_totales_veille,101,False,2026-07-26
02,Saguenay - Lac-Saint-Jean,Hôpital d'Alma,17,2026-07-26,visites_totales_veille,98,False,2026-07-26
02,Saguenay - Lac-Saint-Jean,Hôpital d'Alma,17,2026-07-20,taux_occupation,18,False,2026-07-26
02,Saguenay - Lac-Saint-Jean,Hôpital d'Alma,17,2026-07-21,taux_occupation,29,False,2026-07-26
02,Saguenay - Lac-Saint-Jean,Hôpital d'Alma,17,2026-07-22,taux_occupation,41,False,2026-07-26
02,Saguenay - Lac-Saint-Jean,Hôpital d'Alma,17,2026-07-23,taux_occupation,47,False,2026-07-26
02,Saguenay - Lac-Saint-Jean,Hôpital d'Alma,17,2026-07-24,taux_occupation,41,False,2026-07-26
02,Saguenay - Lac-Saint-Jean,Hôpital d'Alma,17,2026-07-25,taux_occupation,35,False,2026-07-26
02,Saguenay - Lac-Saint-Jean,Hôpital d'Alma,17,2026-07-26,taux_occupation,53,False,2026-07-26
02,Saguenay - Lac-Saint-Jean,"Hôpital, CLSC et Centre d'hébergement de Roberval",13,2026-07-20,patients_sur_civiere,11,False,2026-07-26
02,Saguenay - Lac-Saint-Jean,"Hôpital, CLSC et Centre d'hébergement de Roberval",13,2026-07-21,patients_sur_civiere,14,False,2026-07-26
02,Saguenay - Lac-Saint-Jean,"Hôpital, CLSC et Centre d'hébergement de Roberval",13,2026-07-22,patients_sur_civiere,9,False,2026-07-26
02,Saguenay - Lac-Saint-Jean,"Hôpital, CLSC et Centre d'hébergement de Roberval",13,2026-07-23,patients_sur_civiere,6,False,2026-07-26
02,Saguenay - Lac-Saint-Jean,"Hôpital, CLSC et Centre d'hébergement de Roberval",13,2026-07-24,patients_sur_civiere,2,False,2026-07-26
02,Saguenay - Lac-Saint-Jean,"Hôpital, CLSC et Centre d'hébergement de Roberval",13,2026-07-25,patients_sur_civiere,8,False,2026-07-26
02,Saguenay - Lac-Saint-Jean,"Hôpital, CLSC et Centre d'hébergement de Roberval",13,2026-07-26,patients_sur_civiere,4,False,2026-07-26
02,Saguenay - Lac-Saint-Jean,"Hôpital, CLSC et Centre d'hébergement de Roberval",13,2026-07-20,patients_24h_plus,0,False,2026-07-26
02,Saguenay - Lac-Saint-Jean,"Hôpital, CLSC et Centre d'hébergement de Roberval",13,2026-07-21,patients_24h_plus,0,False,2026-07-26
02,Saguenay - Lac-Saint-Jean,"Hôpital, CLSC et Centre d'hébergement de Roberval",13,2026-07-22,patients_24h_plus,1,False,2026-07-26
02,Saguenay - Lac-Saint-Jean,"Hôpital, CLSC et Centre d'hébergement de Roberval",13,2026-07-23,patients_24h_plus,1,False,2026-07-26
02,Saguenay - Lac-Saint-Jean,"Hôpital, CLSC et Centre d'hébergement de Roberval",13,2026-07-24,patients_24h_plus,0,False,2026-07-26
02,Saguenay - Lac-Saint-Jean,"Hôpital, CLSC et Centre d'hébergement de Roberval",13,2026-07-25,patients_24h_plus,0,False,2026-07-26
02,Saguenay - Lac-Saint-Jean,"Hôpital, CLSC et Centre d'hébergement de Roberval",13,2026-07-26,patients_24h_plus,0,False,2026-07-26
02,Saguenay - Lac-Saint-Jean,"Hôpital, CLSC et Centre d'hébergement de Roberval",13,2026-07-20,patients_48h_plus,0,False,2026-07-26
02,Saguenay - Lac-Saint-Jean,"Hôpital, CLSC et Centre d'hébergement de Roberval",13,2026-07-21,patients_48h_plus,0,False,2026-07-26
02,Saguenay - Lac-Saint-Jean,"Hôpital, CLSC et Centre d'hébergement de Roberval",13,2026-07-22,patients_48h_plus,0,False,2026-07-26
02,Saguenay - Lac-Saint-Jean,"Hôpital, CLSC et Centre d'hébergement de Roberval",13,2026-07-23,patients_48h_plus,0,False,2026-07-26
02,Saguenay - Lac-Saint-Jean,"Hôpital, CLSC et Centre d'hébergement de Roberval",13,2026-07-24,patients_48h_plus,0,False,2026-07-26
02,Saguenay - Lac-Saint-Jean,"Hôpital, CLSC et Centre d'hébergement de Roberval",13,2026-07-25,patients_48h_plus,0,False,2026-07-26
02,Saguenay - Lac-Saint-Jean,"Hôpital, CLSC et Centre d'hébergement de Roberval",13,2026-07-26,patients_48h_plus,0,False,2026-07-26
02,Saguenay - Lac-Saint-Jean,"Hôpital, CLSC et Centre d'hébergement de Roberval",13,2026-07-20,visites_totales_veille,68,False,2026-07-26
02,Saguenay - Lac-Saint-Jean,"Hôpital, CLSC et Centre d'hébergement de Roberval",13,2026-07-21,visites_totales_veille,82,False,2026-07-26
02,Saguenay - Lac-Saint-Jean,"Hôpital, CLSC et Centre d'hébergement de Roberval",13,2026-07-22,visites_totales_veille,76,False,2026-07-26
02,Saguenay - Lac-Saint-Jean,"Hôpital, CLSC et Centre d'hébergement de Roberval",13,2026-07-23,visites_totales_veille,76,False,2026-07-26
02,Saguenay - Lac-Saint-Jean,"Hôpital, CLSC et Centre d'hébergement de Roberval",13,2026-07-24,visites_totales_veille,79,False,2026-07-26
02,Saguenay - Lac-Saint-Jean,"Hôpital, CLSC et Centre d'hébergement de Roberval",13,2026-07-25,visites_totales_veille,63,False,2026-07-26
02,Saguenay - Lac-Saint-Jean,"Hôpital, CLSC et Centre d'hébergement de Roberval",13,2026-07-26,visites_totales_veille,69,False,2026-07-26
02,Saguenay - Lac-Saint-Jean,"Hôpital, CLSC et Centre d'hébergement de Roberval",13,2026-07-20,taux_occupation,85,False,2026-07-26
02,Saguenay - Lac-Saint-Jean,"Hôpital, CLSC et Centre d'hébergement de Roberval",13,2026-07-21,taux_occupation,108,False,2026-07-26
02,Saguenay - Lac-Saint-Jean,"Hôpital, CLSC et Centre d'hébergement de Roberval",13,2026-07-22,taux_occupation,69,False,2026-07-26
02,Saguenay - Lac-Saint-Jean,"Hôpital, CLSC et Centre d'hébergement de Roberval",13,2026-07-23,taux_occupation,46,False,2026-07-26
02,Saguenay - Lac-Saint-Jean,"Hôpital, CLSC et Centre d'hébergement de Roberval",13,2026-07-24,taux_occupation,15,False,2026-07-26
02,Saguenay - Lac-Saint-Jean,"Hôpital, CLSC et Centre d'hébergement de Roberval",13,2026-07-25,taux_occupation,62,False,2026-07-26
02,Saguenay - Lac-Saint-Jean,"Hôpital, CLSC et Centre d'hébergement de Roberval",13,2026-07-26,taux_occupation,31,False,2026-07-26
02,Saguenay - Lac-Saint-Jean,Hôpital de Dolbeau-Mistassini,10,2026-07-20,patients_sur_civiere,8,False,2026-07-26
02,Saguenay - Lac-Saint-Jean,Hôpital de Dolbeau-Mistassini,10,2026-07-21,patients_sur_civiere,6,False,2026-07-26
02,Saguenay - Lac-Saint-Jean,Hôpital de Dolbeau-Mistassini,10,2026-07-22,patients_sur_civiere,7,False,2026-07-26
02,Saguenay - Lac-Saint-Jean,Hôpital de Dolbeau-Mistassini,10,2026-07-23,patients_sur_civiere,7,False,2026-07-26
02,Saguenay - Lac-Saint-Jean,Hôpital de Dolbeau-Mistassini,10,2026-07-24,patients_sur_civiere,2,False,2026-07-26
02,Saguenay - Lac-Saint-Jean,Hôpital de Dolbeau-Mistassini,10,2026-07-25,patients_sur_civiere,9,False,2026-07-26
02,Saguenay - Lac-Saint-Jean,Hôpital de Dolbeau-Mistassini,10,2026-07-26,patients_sur_civiere,6,False,2026-07-26
02,Saguenay - Lac-Saint-Jean,Hôpital de Dolbeau-Mistassini,10,2026-07-20,patients_24h_plus,2,False,2026-07-26
02,Saguenay - Lac-Saint-Jean,Hôpital de Dolbeau-Mistassini,10,2026-07-21,patients_24h_plus,2,False,2026-07-26
02,Saguenay - Lac-Saint-Jean,Hôpital de Dolbeau-Mistassini,10,2026-07-22,patients_24h_plus,0,False,2026-07-26
02,Saguenay - Lac-Saint-Jean,Hôpital de Dolbeau-Mistassini,10,2026-07-23,patients_24h_plus,0,False,2026-07-26
02,Saguenay - Lac-Saint-Jean,Hôpital de Dolbeau-Mistassini,10,2026-07-24,patients_24h_plus,0,False,2026-07-26
02,Saguenay - Lac-Saint-Jean,Hôpital de Dolbeau-Mistassini,10,2026-07-25,patients_24h_plus,0,False,2026-07-26
02,Saguenay - Lac-Saint-Jean,Hôpital de Dolbeau-Mistassini,10,2026-07-26,patients_24h_plus,1,False,2026-07-26
02,Saguenay - Lac-Saint-Jean,Hôpital de Dolbeau-Mistassini,10,2026-07-20,patients_48h_plus,0,False,2026-07-26
02,Saguenay - Lac-Saint-Jean,Hôpital de Dolbeau-Mistassini,10,2026-07-21,patients_48h_plus,0,False,2026-07-26
02,Saguenay - Lac-Saint-Jean,Hôpital de Dolbeau-Mistassini,10,2026-07-22,patients_48h_plus,0,False,2026-07-26
02,Saguenay - Lac-Saint-Jean,Hôpital de Dolbeau-Mistassini,10,2026-07-23,patients_48h_plus,0,False,2026-07-26
02,Saguenay - Lac-Saint-Jean,Hôpital de Dolbeau-Mistassini,10,2026-07-24,patients_48h_plus,0,False,2026-07-26
02,Saguenay - Lac-Saint-Jean,Hôpital de Dolbeau-Mistassini,10,2026-07-25,patients_48h_plus,0,False,2026-07-26
02,Saguenay - Lac-Saint-Jean,Hôpital de Dolbeau-Mistassini,10,2026-07-26,patients_48h_plus,0,False,2026-07-26
02,Saguenay - Lac-Saint-Jean,Hôpital de Dolbeau-Mistassini,10,2026-07-20,visites_totales_veille,50,False,2026-07-26
02,Saguenay - Lac-Saint-Jean,Hôpital de Dolbeau-Mistassini,10,2026-07-21,visites_totales_veille,60,False,2026-07-26
02,Saguenay - Lac-Saint-Jean,Hôpital de Dolbeau-Mistassini,10,2026-07-22,visites_totales_veille,59,False,2026-07-26
02,Saguenay - Lac-Saint-Jean,Hôpital de Dolbeau-Mistassini,10,2026-07-23,visites_totales_veille,70,False,2026-07-26
02,Saguenay - Lac-Saint-Jean,Hôpital de Dolbeau-Mistassini,10,2026-07-24,visites_totales_veille,58,False,2026-07-26
02,Saguenay - Lac-Saint-Jean,Hôpital de Dolbeau-Mistassini,10,2026-07-25,visites_totales_veille,76,False,2026-07-26
02,Saguenay - Lac-Saint-Jean,Hôpital de Dolbeau-Mistassini,10,2026-07-26,visites_totales_veille,63,False,2026-07-26
02,Saguenay - Lac-Saint-Jean,Hôpital de Dolbeau-Mistassini,10,2026-07-20,taux_occupation,80,False,2026-07-26
02,Saguenay - Lac-Saint-Jean,Hôpital de Dolbeau-Mistassini,10,2026-07-21,taux_occupation,60,False,2026-07-26
02,Saguenay - Lac-Saint-Jean,Hôpital de Dolbeau-Mistassini,10,2026-07-22,taux_occupation,70,False,2026-07-26
02,Saguenay - Lac-Saint-Jean,Hôpital de Dolbeau-Mistassini,10,2026-07-23,taux_occupation,70,False,2026-07-26
02,Saguenay - Lac-Saint-Jean,Hôpital de Dolbeau-Mistassini,10,2026-07-24,taux_occupation,20,False,2026-07-26
02,Saguenay - Lac-Saint-Jean,Hôpital de Dolbeau-Mistassini,10,2026-07-25,taux_occupation,90,False,2026-07-26
02,Saguenay - Lac-Saint-Jean,Hôpital de Dolbeau-Mistassini,10,2026-07-26,taux_occupation,60,False,2026-07-26
02,Saguenay - Lac-Saint-Jean,Total (02) Saguenay-Lac-Saint-Jean,104,2026-07-20,patients_sur_civiere,59,True,2026-07-26
02,Saguenay - Lac-Saint-Jean,Total (02) Saguenay-Lac-Saint-Jean,104,2026-07-21,patients_sur_civiere,57,True,2026-07-26
02,Saguenay - Lac-Saint-Jean,Total (02) Saguenay-Lac-Saint-Jean,104,2026-07-22,patients_sur_civiere,68,True,2026-07-26
02,Saguenay - Lac-Saint-Jean,Total (02) Saguenay-Lac-Saint-Jean,104,2026-07-23,patients_sur_civiere,73,True,2026-07-26
02,Saguenay - Lac-Saint-Jean,Total (02) Saguenay-Lac-Saint-Jean,104,2026-07-24,patients_sur_civiere,55,True,2026-07-26
02,Saguenay - Lac-Saint-Jean,Total (02) Saguenay-Lac-Saint-Jean,104,2026-07-25,patients_sur_civiere,63,True,2026-07-26
02,Saguenay - Lac-Saint-Jean,Total (02) Saguenay-Lac-Saint-Jean,104,2026-07-26,patients_sur_civiere,58,True,2026-07-26
02,Saguenay - Lac-Saint-Jean,Total (02) Saguenay-Lac-Saint-Jean,104,2026-07-20,patients_24h_plus,5,True,2026-07-26
02,Saguenay - Lac-Saint-Jean,Total (02) Saguenay-Lac-Saint-Jean,104,2026-07-21,patients_24h_plus,3,True,2026-07-26
02,Saguenay - Lac-Saint-Jean,Total (02) Saguenay-Lac-Saint-Jean,104,2026-07-22,patients_24h_plus,2,True,2026-07-26
02,Saguenay - Lac-Saint-Jean,Total (02) Saguenay-Lac-Saint-Jean,104,2026-07-23,patients_24h_plus,5,True,2026-07-26
02,Saguenay - Lac-Saint-Jean,Total (02) Saguenay-Lac-Saint-Jean,104,2026-07-24,patients_24h_plus,1,True,2026-07-26
02,Saguenay - Lac-Saint-Jean,Total (02) Saguenay-Lac-Saint-Jean,104,2026-07-25,patients_24h_plus,1,True,2026-07-26
02,Saguenay - Lac-Saint-Jean,Total (02) Saguenay-Lac-Saint-Jean,104,2026-07-26,patients_24h_plus,1,True,2026-07-26
02,Saguenay - Lac-Saint-Jean,Total (02) Saguenay-Lac-Saint-Jean,104,2026-07-20,patients_48h_plus,0,True,2026-07-26
02,Saguenay - Lac-Saint-Jean,Total (02) Saguenay-Lac-Saint-Jean,104,2026-07-21,patients_48h_plus,0,True,2026-07-26
02,Saguenay - Lac-Saint-Jean,Total (02) Saguenay-Lac-Saint-Jean,104,2026-07-22,patients_48h_plus,0,True,2026-07-26
02,Saguenay - Lac-Saint-Jean,Total (02) Saguenay-Lac-Saint-Jean,104,2026-07-23,patients_48h_plus,0,True,2026-07-26
02,Saguenay - Lac-Saint-Jean,Total (02) Saguenay-Lac-Saint-Jean,104,2026-07-24,patients_48h_plus,0,True,2026-07-26
02,Saguenay - Lac-Saint-Jean,Total (02) Saguenay-Lac-Saint-Jean,104,2026-07-25,patients_48h_plus,0,True,2026-07-26
02,Saguenay - Lac-Saint-Jean,Total (02) Saguenay-Lac-Saint-Jean,104,2026-07-26,patients_48h_plus,0,True,2026-07-26
02,Saguenay - Lac-Saint-Jean,Total (02) Saguenay-Lac-Saint-Jean,104,2026-07-20,visites_totales_veille,478,True,2026-07-26
02,Saguenay - Lac-Saint-Jean,Total (02) Saguenay-Lac-Saint-Jean,104,2026-07-21,visites_totales_veille,498,True,2026-07-26
02,Saguenay - Lac-Saint-Jean,Total (02) Saguenay-Lac-Saint-Jean,104,2026-07-22,visites_totales_veille,506,True,2026-07-26
02,Saguenay - Lac-Saint-Jean,Total (02) Saguenay-Lac-Saint-Jean,104,2026-07-23,visites_totales_veille,525,True,2026-07-26
02,Saguenay - Lac-Saint-Jean,Total (02) Saguenay-Lac-Saint-Jean,104,2026-07-24,visites_totales_veille,503,True,2026-07-26
02,Saguenay - Lac-Saint-Jean,Total (02) Saguenay-Lac-Saint-Jean,104,2026-07-25,visites_totales_veille,511,True,2026-07-26
02,Saguenay - Lac-Saint-Jean,Total (02) Saguenay-Lac-Saint-Jean,104,2026-07-26,visites_totales_veille,481,True,2026-07-26
02,Saguenay - Lac-Saint-Jean,Total (02) Saguenay-Lac-Saint-Jean,104,2026-07-20,taux_occupation,57,True,2026-07-26
02,Saguenay - Lac-Saint-Jean,Total (02) Saguenay-Lac-Saint-Jean,104,2026-07-21,taux_occupation,55,True,2026-07-26
02,Saguenay - Lac-Saint-Jean,Total (02) Saguenay-Lac-Saint-Jean,104,2026-07-22,taux_occupation,65,True,2026-07-26
02,Saguenay - Lac-Saint-Jean,Total (02) Saguenay-Lac-Saint-Jean,104,2026-07-23,taux_occupation,70,True,2026-07-26
02,Saguenay - Lac-Saint-Jean,Total (02) Saguenay-Lac-Saint-Jean,104,2026-07-24,taux_occupation,53,True,2026-07-26
02,Saguenay - Lac-Saint-Jean,Total (02) Saguenay-Lac-Saint-Jean,104,2026-07-25,taux_occupation,61,True,2026-07-26
02,Saguenay - Lac-Saint-Jean,Total (02) Saguenay-Lac-Saint-Jean,104,2026-07-26,taux_occupation,56,True,2026-07-26
03,Québec,Hôpital régional de Portneuf et CLSC Saint-Raymond,7,2026-07-20,patients_sur_civiere,5,False,2026-07-26
03,Québec,Hôpital régional de Portneuf et CLSC Saint-Raymond,7,2026-07-21,patients_sur_civiere,4,False,2026-07-26
03,Québec,Hôpital régional de Portneuf et CLSC Saint-Raymond,7,2026-07-22,patients_sur_civiere,6,False,2026-07-26
03,Québec,Hôpital régional de Portneuf et CLSC Saint-Raymond,7,2026-07-23,patients_sur_civiere,6,False,2026-07-26
03,Québec,Hôpital régional de Portneuf et CLSC Saint-Raymond,7,2026-07-24,patients_sur_civiere,3,False,2026-07-26
03,Québec,Hôpital régional de Portneuf et CLSC Saint-Raymond,7,2026-07-25,patients_sur_civiere,2,False,2026-07-26
03,Québec,Hôpital régional de Portneuf et CLSC Saint-Raymond,7,2026-07-26,patients_sur_civiere,4,False,2026-07-26
03,Québec,Hôpital régional de Portneuf et CLSC Saint-Raymond,7,2026-07-20,patients_24h_plus,0,False,2026-07-26
03,Québec,Hôpital régional de Portneuf et CLSC Saint-Raymond,7,2026-07-21,patients_24h_plus,0,False,2026-07-26
03,Québec,Hôpital régional de Portneuf et CLSC Saint-Raymond,7,2026-07-22,patients_24h_plus,0,False,2026-07-26
03,Québec,Hôpital régional de Portneuf et CLSC Saint-Raymond,7,2026-07-23,patients_24h_plus,0,False,2026-07-26
03,Québec,Hôpital régional de Portneuf et CLSC Saint-Raymond,7,2026-07-24,patients_24h_plus,0,False,2026-07-26
03,Québec,Hôpital régional de Portneuf et CLSC Saint-Raymond,7,2026-07-25,patients_24h_plus,0,False,2026-07-26
03,Québec,Hôpital régional de Portneuf et CLSC Saint-Raymond,7,2026-07-26,patients_24h_plus,0,False,2026-07-26
03,Québec,Hôpital régional de Portneuf et CLSC Saint-Raymond,7,2026-07-20,patients_48h_plus,0,False,2026-07-26
03,Québec,Hôpital régional de Portneuf et CLSC Saint-Raymond,7,2026-07-21,patients_48h_plus,0,False,2026-07-26
03,Québec,Hôpital régional de Portneuf et CLSC Saint-Raymond,7,2026-07-22,patients_48h_plus,0,False,2026-07-26
03,Québec,Hôpital régional de Portneuf et CLSC Saint-Raymond,7,2026-07-23,patients_48h_plus,0,False,2026-07-26
03,Québec,Hôpital régional de Portneuf et CLSC Saint-Raymond,7,2026-07-24,patients_48h_plus,0,False,2026-07-26
03,Québec,Hôpital régional de Portneuf et CLSC Saint-Raymond,7,2026-07-25,patients_48h_plus,0,False,2026-07-26
03,Québec,Hôpital régional de Portneuf et CLSC Saint-Raymond,7,2026-07-26,patients_48h_plus,0,False,2026-07-26
03,Québec,Hôpital régional de Portneuf et CLSC Saint-Raymond,7,2026-07-20,visites_totales_veille,57,False,2026-07-26
03,Québec,Hôpital régional de Portneuf et CLSC Saint-Raymond,7,2026-07-21,visites_totales_veille,58,False,2026-07-26
03,Québec,Hôpital régional de Portneuf et CLSC Saint-Raymond,7,2026-07-22,visites_totales_veille,51,False,2026-07-26
03,Québec,Hôpital régional de Portneuf et CLSC Saint-Raymond,7,2026-07-23,visites_totales_veille,52,False,2026-07-26
03,Québec,Hôpital régional de Portneuf et CLSC Saint-Raymond,7,2026-07-24,visites_totales_veille,61,False,2026-07-26
03,Québec,Hôpital régional de Portneuf et CLSC Saint-Raymond,7,2026-07-25,visites_totales_veille,69,False,2026-07-26
03,Québec,Hôpital régional de Portneuf et CLSC Saint-Raymond,7,2026-07-26,visites_totales_veille,54,False,2026-07-26
03,Québec,Hôpital régional de Portneuf et CLSC Saint-Raymond,7,2026-07-20,taux_occupation,71,False,2026-07-26
03,Québec,Hôpital régional de Portneuf et CLSC Saint-Raymond,7,2026-07-21,taux_occupation,57,False,2026-07-26
03,Québec,Hôpital régional de Portneuf et CLSC Saint-Raymond,7,2026-07-22,taux_occupation,86,False,2026-07-26
03,Québec,Hôpital régional de Portneuf et CLSC Saint-Raymond,7,2026-07-23,taux_occupation,86,False,2026-07-26
03,Québec,Hôpital régional de Portneuf et CLSC Saint-Raymond,7,2026-07-24,taux_occupation,43,False,2026-07-26
03,Québec,Hôpital régional de Portneuf et CLSC Saint-Raymond,7,2026-07-25,taux_occupation,29,False,2026-07-26
03,Québec,Hôpital régional de Portneuf et CLSC Saint-Raymond,7,2026-07-26,taux_occupation,57,False,2026-07-26
03,Québec,CLSC Saint-Marc-des-Carrières,3,2026-07-20,patients_sur_civiere,0,False,2026-07-26
03,Québec,CLSC Saint-Marc-des-Carrières,3,2026-07-21,patients_sur_civiere,1,False,2026-07-26
03,Québec,CLSC Saint-Marc-des-Carrières,3,2026-07-22,patients_sur_civiere,2,False,2026-07-26
03,Québec,CLSC Saint-Marc-des-Carrières,3,2026-07-23,patients_sur_civiere,4,False,2026-07-26
03,Québec,CLSC Saint-Marc-des-Carrières,3,2026-07-24,patients_sur_civiere,0,False,2026-07-26
03,Québec,CLSC Saint-Marc-des-Carrières,3,2026-07-25,patients_sur_civiere,2,False,2026-07-26
03,Québec,CLSC Saint-Marc-des-Carrières,3,2026-07-26,patients_sur_civiere,2,False,2026-07-26
03,Québec,CLSC Saint-Marc-des-Carrières,3,2026-07-20,patients_24h_plus,0,False,2026-07-26
03,Québec,CLSC Saint-Marc-des-Carrières,3,2026-07-21,patients_24h_plus,0,False,2026-07-26
03,Québec,CLSC Saint-Marc-des-Carrières,3,2026-07-22,patients_24h_plus,0,False,2026-07-26
03,Québec,CLSC Saint-Marc-des-Carrières,3,2026-07-23,patients_24h_plus,0,False,2026-07-26
03,Québec,CLSC Saint-Marc-des-Carrières,3,2026-07-24,patients_24h_plus,0,False,2026-07-26
03,Québec,CLSC Saint-Marc-des-Carrières,3,2026-07-25,patients_24h_plus,0,False,2026-07-26
03,Québec,CLSC Saint-Marc-des-Carrières,3,2026-07-26,patients_24h_plus,0,False,2026-07-26
03,Québec,CLSC Saint-Marc-des-Carrières,3,2026-07-20,patients_48h_plus,0,False,2026-07-26
03,Québec,CLSC Saint-Marc-des-Carrières,3,2026-07-21,patients_48h_plus,0,False,2026-07-26
03,Québec,CLSC Saint-Marc-des-Carrières,3,2026-07-22,patients_48h_plus,0,False,2026-07-26
03,Québec,CLSC Saint-Marc-des-Carrières,3,2026-07-23,patients_48h_plus,0,False,2026-07-26
03,Québec,CLSC Saint-Marc-des-Carrières,3,2026-07-24,patients_48h_plus,0,False,2026-07-26
03,Québec,CLSC Saint-Marc-des-Carrières,3,2026-07-25,patients_48h_plus,0,False,2026-07-26
03,Québec,CLSC Saint-Marc-des-Carrières,3,2026-07-26,patients_48h_plus,0,False,2026-07-26
03,Québec,CLSC Saint-Marc-des-Carrières,3,2026-07-20,visites_totales_veille,48,False,2026-07-26
03,Québec,CLSC Saint-Marc-des-Carrières,3,2026-07-21,visites_totales_veille,51,False,2026-07-26
03,Québec,CLSC Saint-Marc-des-Carrières,3,2026-07-22,visites_totales_veille,52,False,2026-07-26
03,Québec,CLSC Saint-Marc-des-Carrières,3,2026-07-23,visites_totales_veille,42,False,2026-07-26
03,Québec,CLSC Saint-Marc-des-Carrières,3,2026-07-24,visites_totales_veille,44,False,2026-07-26
03,Québec,CLSC Saint-Marc-des-Carrières,3,2026-07-25,visites_totales_veille,45,False,2026-07-26
03,Québec,CLSC Saint-Marc-des-Carrières,3,2026-07-26,visites_totales_veille,45,False,2026-07-26
03,Québec,CLSC Saint-Marc-des-Carrières,3,2026-07-20,taux_occupation,0,False,2026-07-26
03,Québec,CLSC Saint-Marc-des-Carrières,3,2026-07-21,taux_occupation,33,False,2026-07-26
03,Québec,CLSC Saint-Marc-des-Carrières,3,2026-07-22,taux_occupation,67,False,2026-07-26
03,Québec,CLSC Saint-Marc-des-Carrières,3,2026-07-23,taux_occupation,133,False,2026-07-26
03,Québec,CLSC Saint-Marc-des-Carrières,3,2026-07-24,taux_occupation,0,False,2026-07-26
03,Québec,CLSC Saint-Marc-des-Carrières,3,2026-07-25,taux_occupation,67,False,2026-07-26
03,Québec,CLSC Saint-Marc-des-Carrières,3,2026-07-26,taux_occupation,67,False,2026-07-26
03,Québec,Hôpital Chauveau,5,2026-07-20,patients_sur_civiere,1,False,2026-07-26
03,Québec,Hôpital Chauveau,5,2026-07-21,patients_sur_civiere,1,False,2026-07-26
03,Québec,Hôpital Chauveau,5,2026-07-22,patients_sur_civiere,1,False,2026-07-26
03,Québec,Hôpital Chauveau,5,2026-07-23,patients_sur_civiere,0,False,2026-07-26
03,Québec,Hôpital Chauveau,5,2026-07-24,patients_sur_civiere,1,False,2026-07-26
03,Québec,Hôpital Chauveau,5,2026-07-25,patients_sur_civiere,2,False,2026-07-26
03,Québec,Hôpital Chauveau,5,2026-07-26,patients_sur_civiere,1,False,2026-07-26
03,Québec,Hôpital Chauveau,5,2026-07-20,patients_24h_plus,0,False,2026-07-26
03,Québec,Hôpital Chauveau,5,2026-07-21,patients_24h_plus,0,False,2026-07-26
03,Québec,Hôpital Chauveau,5,2026-07-22,patients_24h_plus,0,False,2026-07-26
03,Québec,Hôpital Chauveau,5,2026-07-23,patients_24h_plus,0,False,2026-07-26
03,Québec,Hôpital Chauveau,5,2026-07-24,patients_24h_plus,0,False,2026-07-26
03,Québec,Hôpital Chauveau,5,2026-07-25,patients_24h_plus,0,False,2026-07-26
03,Québec,Hôpital Chauveau,5,2026-07-26,patients_24h_plus,0,False,2026-07-26
03,Québec,Hôpital Chauveau,5,2026-07-20,patients_48h_plus,0,False,2026-07-26
03,Québec,Hôpital Chauveau,5,2026-07-21,patients_48h_plus,0,False,2026-07-26
03,Québec,Hôpital Chauveau,5,2026-07-22,patients_48h_plus,0,False,2026-07-26
03,Québec,Hôpital Chauveau,5,2026-07-23,patients_48h_plus,0,False,2026-07-26
03,Québec,Hôpital Chauveau,5,2026-07-24,patients_48h_plus,0,False,2026-07-26
03,Québec,Hôpital Chauveau,5,2026-07-25,patients_48h_plus,0,False,2026-07-26
03,Québec,Hôpital Chauveau,5,2026-07-26,patients_48h_plus,0,False,2026-07-26
03,Québec,Hôpital Chauveau,5,2026-07-20,visites_totales_veille,101,False,2026-07-26
03,Québec,Hôpital Chauveau,5,2026-07-21,visites_totales_veille,113,False,2026-07-26
03,Québec,Hôpital Chauveau,5,2026-07-22,visites_totales_veille,106,False,2026-07-26
03,Québec,Hôpital Chauveau,5,2026-07-23,visites_totales_veille,106,False,2026-07-26
03,Québec,Hôpital Chauveau,5,2026-07-24,visites_totales_veille,109,False,2026-07-26
03,Québec,Hôpital Chauveau,5,2026-07-25,visites_totales_veille,117,False,2026-07-26
03,Québec,Hôpital Chauveau,5,2026-07-26,visites_totales_veille,89,False,2026-07-26
03,Québec,Hôpital Chauveau,5,2026-07-20,taux_occupation,20,False,2026-07-26
03,Québec,Hôpital Chauveau,5,2026-07-21,taux_occupation,20,False,2026-07-26
03,Québec,Hôpital Chauveau,5,2026-07-22,taux_occupation,20,False,2026-07-26
03,Québec,Hôpital Chauveau,5,2026-07-23,taux_occupation,0,False,2026-07-26
03,Québec,Hôpital Chauveau,5,2026-07-24,taux_occupation,20,False,2026-07-26
03,Québec,Hôpital Chauveau,5,2026-07-25,taux_occupation,40,False,2026-07-26
03,Québec,Hôpital Chauveau,5,2026-07-26,taux_occupation,20,False,2026-07-26
03,Québec,Hôpital de Sainte-Anne-de-Beaupré,4,2026-07-20,patients_sur_civiere,2,False,2026-07-26
03,Québec,Hôpital de Sainte-Anne-de-Beaupré,4,2026-07-21,patients_sur_civiere,2,False,2026-07-26
03,Québec,Hôpital de Sainte-Anne-de-Beaupré,4,2026-07-22,patients_sur_civiere,1,False,2026-07-26
03,Québec,Hôpital de Sainte-Anne-de-Beaupré,4,2026-07-23,patients_sur_civiere,1,False,2026-07-26
03,Québec,Hôpital de Sainte-Anne-de-Beaupré,4,2026-07-24,patients_sur_civiere,1,False,2026-07-26
03,Québec,Hôpital de Sainte-Anne-de-Beaupré,4,2026-07-25,patients_sur_civiere,1,False,2026-07-26
03,Québec,Hôpital de Sainte-Anne-de-Beaupré,4,2026-07-26,patients_sur_civiere,1,False,2026-07-26
03,Québec,Hôpital de Sainte-Anne-de-Beaupré,4,2026-07-20,patients_24h_plus,0,False,2026-07-26
03,Québec,Hôpital de Sainte-Anne-de-Beaupré,4,2026-07-21,patients_24h_plus,1,False,2026-07-26
03,Québec,Hôpital de Sainte-Anne-de-Beaupré,4,2026-07-22,patients_24h_plus,0,False,2026-07-26
03,Québec,Hôpital de Sainte-Anne-de-Beaupré,4,2026-07-23,patients_24h_plus,0,False,2026-07-26
03,Québec,Hôpital de Sainte-Anne-de-Beaupré,4,2026-07-24,patients_24h_plus,0,False,2026-07-26
03,Québec,Hôpital de Sainte-Anne-de-Beaupré,4,2026-07-25,patients_24h_plus,0,False,2026-07-26
03,Québec,Hôpital de Sainte-Anne-de-Beaupré,4,2026-07-26,patients_24h_plus,0,False,2026-07-26
03,Québec,Hôpital de Sainte-Anne-de-Beaupré,4,2026-07-20,patients_48h_plus,0,False,2026-07-26
03,Québec,Hôpital de Sainte-Anne-de-Beaupré,4,2026-07-21,patients_48h_plus,0,False,2026-07-26
03,Québec,Hôpital de Sainte-Anne-de-Beaupré,4,2026-07-22,patients_48h_plus,0,False,2026-07-26
03,Québec,Hôpital de Sainte-Anne-de-Beaupré,4,2026-07-23,patients_48h_plus,0,False,2026-07-26
03,Québec,Hôpital de Sainte-Anne-de-Beaupré,4,2026-07-24,patients_48h_plus,0,False,2026-07-26
03,Québec,Hôpital de Sainte-Anne-de-Beaupré,4,2026-07-25,patients_48h_plus,0,False,2026-07-26
03,Québec,Hôpital de Sainte-Anne-de-Beaupré,4,2026-07-26,patients_48h_plus,0,False,2026-07-26
03,Québec,Hôpital de Sainte-Anne-de-Beaupré,4,2026-07-20,visites_totales_veille,45,False,2026-07-26
03,Québec,Hôpital de Sainte-Anne-de-Beaupré,4,2026-07-21,visites_totales_veille,50,False,2026-07-26
03,Québec,Hôpital de Sainte-Anne-de-Beaupré,4,2026-07-22,visites_totales_veille,54,False,2026-07-26
03,Québec,Hôpital de Sainte-Anne-de-Beaupré,4,2026-07-23,visites_totales_veille,50,False,2026-07-26
03,Québec,Hôpital de Sainte-Anne-de-Beaupré,4,2026-07-24,visites_totales_veille,56,False,2026-07-26
03,Québec,Hôpital de Sainte-Anne-de-Beaupré,4,2026-07-25,visites_totales_veille,51,False,2026-07-26
03,Québec,Hôpital de Sainte-Anne-de-Beaupré,4,2026-07-26,visites_totales_veille,43,False,2026-07-26
03,Québec,Hôpital de Sainte-Anne-de-Beaupré,4,2026-07-20,taux_occupation,50,False,2026-07-26
03,Québec,Hôpital de Sainte-Anne-de-Beaupré,4,2026-07-21,taux_occupation,50,False,2026-07-26
03,Québec,Hôpital de Sainte-Anne-de-Beaupré,4,2026-07-22,taux_occupation,25,False,2026-07-26
03,Québec,Hôpital de Sainte-Anne-de-Beaupré,4,2026-07-23,taux_occupation,25,False,2026-07-26
03,Québec,Hôpital de Sainte-Anne-de-Beaupré,4,2026-07-24,taux_occupation,25,False,2026-07-26
03,Québec,Hôpital de Sainte-Anne-de-Beaupré,4,2026-07-25,taux_occupation,25,False,2026-07-26
03,Québec,Hôpital de Sainte-Anne-de-Beaupré,4,2026-07-26,taux_occupation,25,False,2026-07-26
03,Québec,Hôpital de La Malbaie,9,2026-07-20,patients_sur_civiere,2,False,2026-07-26
03,Québec,Hôpital de La Malbaie,9,2026-07-21,patients_sur_civiere,5,False,2026-07-26
03,Québec,Hôpital de La Malbaie,9,2026-07-22,patients_sur_civiere,6,False,2026-07-26
03,Québec,Hôpital de La Malbaie,9,2026-07-23,patients_sur_civiere,2,False,2026-07-26
03,Québec,Hôpital de La Malbaie,9,2026-07-24,patients_sur_civiere,2,False,2026-07-26
03,Québec,Hôpital de La Malbaie,9,2026-07-25,patients_sur_civiere,2,False,2026-07-26
03,Québec,Hôpital de La Malbaie,9,2026-07-26,patients_sur_civiere,2,False,2026-07-26
03,Québec,Hôpital de La Malbaie,9,2026-07-20,patients_24h_plus,0,False,2026-07-26
03,Québec,Hôpital de La Malbaie,9,2026-07-21,patients_24h_plus,0,False,2026-07-26
03,Québec,Hôpital de La Malbaie,9,2026-07-22,patients_24h_plus,1,False,2026-07-26
03,Québec,Hôpital de La Malbaie,9,2026-07-23,patients_24h_plus,0,False,2026-07-26
03,Québec,Hôpital de La Malbaie,9,2026-07-24,patients_24h_plus,0,False,2026-07-26
03,Québec,Hôpital de La Malbaie,9,2026-07-25,patients_24h_plus,0,False,2026-07-26
03,Québec,Hôpital de La Malbaie,9,2026-07-26,patients_24h_plus,0,False,2026-07-26
03,Québec,Hôpital de La Malbaie,9,2026-07-20,patients_48h_plus,0,False,2026-07-26
03,Québec,Hôpital de La Malbaie,9,2026-07-21,patients_48h_plus,0,False,2026-07-26
03,Québec,Hôpital de La Malbaie,9,2026-07-22,patients_48h_plus,0,False,2026-07-26
03,Québec,Hôpital de La Malbaie,9,2026-07-23,patients_48h_plus,0,False,2026-07-26
03,Québec,Hôpital de La Malbaie,9,2026-07-24,patients_48h_plus,0,False,2026-07-26
03,Québec,Hôpital de La Malbaie,9,2026-07-25,patients_48h_plus,0,False,2026-07-26
03,Québec,Hôpital de La Malbaie,9,2026-07-26,patients_48h_plus,0,False,2026-07-26
03,Québec,Hôpital de La Malbaie,9,2026-07-20,visites_totales_veille,45,False,2026-07-26
03,Québec,Hôpital de La Malbaie,9,2026-07-21,visites_totales_veille,47,False,2026-07-26
03,Québec,Hôpital de La Malbaie,9,2026-07-22,visites_totales_veille,47,False,2026-07-26
03,Québec,Hôpital de La Malbaie,9,2026-07-23,visites_totales_veille,38,False,2026-07-26
03,Québec,Hôpital de La Malbaie,9,2026-07-24,visites_totales_veille,39,False,2026-07-26
03,Québec,Hôpital de La Malbaie,9,2026-07-25,visites_totales_veille,44,False,2026-07-26
03,Québec,Hôpital de La Malbaie,9,2026-07-26,visites_totales_veille,49,False,2026-07-26
03,Québec,Hôpital de La Malbaie,9,2026-07-20,taux_occupation,22,False,2026-07-26
03,Québec,Hôpital de La Malbaie,9,2026-07-21,taux_occupation,56,False,2026-07-26
03,Québec,Hôpital de La Malbaie,9,2026-07-22,taux_occupation,67,False,2026-07-26
03,Québec,Hôpital de La Malbaie,9,2026-07-23,taux_occupation,22,False,2026-07-26
03,Québec,Hôpital de La Malbaie,9,2026-07-24,taux_occupation,22,False,2026-07-26
03,Québec,Hôpital de La Malbaie,9,2026-07-25,taux_occupation,22,False,2026-07-26
03,Québec,Hôpital de La Malbaie,9,2026-07-26,taux_occupation,22,False,2026-07-26
03,Québec,Centre hospitalier de l'Université Laval,43,2026-07-20,patients_sur_civiere,45,False,2026-07-26
03,Québec,Centre hospitalier de l'Université Laval,43,2026-07-21,patients_sur_civiere,46,False,2026-07-26
03,Québec,Centre hospitalier de l'Université Laval,43,2026-07-22,patients_sur_civiere,48,False,2026-07-26
03,Québec,Centre hospitalier de l'Université Laval,43,2026-07-23,patients_sur_civiere,39,False,2026-07-26
03,Québec,Centre hospitalier de l'Université Laval,43,2026-07-24,patients_sur_civiere,42,False,2026-07-26
03,Québec,Centre hospitalier de l'Université Laval,43,2026-07-25,patients_sur_civiere,37,False,2026-07-26
03,Québec,Centre hospitalier de l'Université Laval,43,2026-07-26,patients_sur_civiere,40,False,2026-07-26
03,Québec,Centre hospitalier de l'Université Laval,43,2026-07-20,patients_24h_plus,7,False,2026-07-26
03,Québec,Centre hospitalier de l'Université Laval,43,2026-07-21,patients_24h_plus,5,False,2026-07-26
03,Québec,Centre hospitalier de l'Université Laval,43,2026-07-22,patients_24h_plus,3,False,2026-07-26
03,Québec,Centre hospitalier de l'Université Laval,43,2026-07-23,patients_24h_plus,4,False,2026-07-26
03,Québec,Centre hospitalier de l'Université Laval,43,2026-07-24,patients_24h_plus,6,False,2026-07-26
03,Québec,Centre hospitalier de l'Université Laval,43,2026-07-25,patients_24h_plus,5,False,2026-07-26
03,Québec,Centre hospitalier de l'Université Laval,43,2026-07-26,patients_24h_plus,7,False,2026-07-26
03,Québec,Centre hospitalier de l'Université Laval,43,2026-07-20,patients_48h_plus,4,False,2026-07-26
03,Québec,Centre hospitalier de l'Université Laval,43,2026-07-21,patients_48h_plus,1,False,2026-07-26
03,Québec,Centre hospitalier de l'Université Laval,43,2026-07-22,patients_48h_plus,1,False,2026-07-26
03,Québec,Centre hospitalier de l'Université Laval,43,2026-07-23,patients_48h_plus,0,False,2026-07-26
03,Québec,Centre hospitalier de l'Université Laval,43,2026-07-24,patients_48h_plus,0,False,2026-07-26
03,Québec,Centre hospitalier de l'Université Laval,43,2026-07-25,patients_48h_plus,1,False,2026-07-26
03,Québec,Centre hospitalier de l'Université Laval,43,2026-07-26,patients_48h_plus,3,False,2026-07-26
03,Québec,Centre hospitalier de l'Université Laval,43,2026-07-20,visites_totales_veille,177,False,2026-07-26
03,Québec,Centre hospitalier de l'Université Laval,43,2026-07-21,visites_totales_veille,201,False,2026-07-26
03,Québec,Centre hospitalier de l'Université Laval,43,2026-07-22,visites_totales_veille,186,False,2026-07-26
03,Québec,Centre hospitalier de l'Université Laval,43,2026-07-23,visites_totales_veille,221,False,2026-07-26
03,Québec,Centre hospitalier de l'Université Laval,43,2026-07-24,visites_totales_veille,207,False,2026-07-26
03,Québec,Centre hospitalier de l'Université Laval,43,2026-07-25,visites_totales_veille,200,False,2026-07-26
03,Québec,Centre hospitalier de l'Université Laval,43,2026-07-26,visites_totales_veille,196,False,2026-07-26
03,Québec,Centre hospitalier de l'Université Laval,43,2026-07-20,taux_occupation,105,False,2026-07-26
03,Québec,Centre hospitalier de l'Université Laval,43,2026-07-21,taux_occupation,107,False,2026-07-26
03,Québec,Centre hospitalier de l'Université Laval,43,2026-07-22,taux_occupation,112,False,2026-07-26
03,Québec,Centre hospitalier de l'Université Laval,43,2026-07-23,taux_occupation,91,False,2026-07-26
03,Québec,Centre hospitalier de l'Université Laval,43,2026-07-24,taux_occupation,98,False,2026-07-26
03,Québec,Centre hospitalier de l'Université Laval,43,2026-07-25,taux_occupation,86,False,2026-07-26
03,Québec,Centre hospitalier de l'Université Laval,43,2026-07-26,taux_occupation,93,False,2026-07-26
03,Québec,Hôpital Saint-François-d'Assise,34,2026-07-20,patients_sur_civiere,41,False,2026-07-26
03,Québec,Hôpital Saint-François-d'Assise,34,2026-07-21,patients_sur_civiere,39,False,2026-07-26
03,Québec,Hôpital Saint-François-d'Assise,34,2026-07-22,patients_sur_civiere,32,False,2026-07-26
03,Québec,Hôpital Saint-François-d'Assise,34,2026-07-23,patients_sur_civiere,40,False,2026-07-26
03,Québec,Hôpital Saint-François-d'Assise,34,2026-07-24,patients_sur_civiere,31,False,2026-07-26
03,Québec,Hôpital Saint-François-d'Assise,34,2026-07-25,patients_sur_civiere,34,False,2026-07-26
03,Québec,Hôpital Saint-François-d'Assise,34,2026-07-26,patients_sur_civiere,33,False,2026-07-26
03,Québec,Hôpital Saint-François-d'Assise,34,2026-07-20,patients_24h_plus,2,False,2026-07-26
03,Québec,Hôpital Saint-François-d'Assise,34,2026-07-21,patients_24h_plus,4,False,2026-07-26
03,Québec,Hôpital Saint-François-d'Assise,34,2026-07-22,patients_24h_plus,2,False,2026-07-26
03,Québec,Hôpital Saint-François-d'Assise,34,2026-07-23,patients_24h_plus,2,False,2026-07-26
03,Québec,Hôpital Saint-François-d'Assise,34,2026-07-24,patients_24h_plus,6,False,2026-07-26
03,Québec,Hôpital Saint-François-d'Assise,34,2026-07-25,patients_24h_plus,1,False,2026-07-26
03,Québec,Hôpital Saint-François-d'Assise,34,2026-07-26,patients_24h_plus,4,False,2026-07-26
03,Québec,Hôpital Saint-François-d'Assise,34,2026-07-20,patients_48h_plus,0,False,2026-07-26
03,Québec,Hôpital Saint-François-d'Assise,34,2026-07-21,patients_48h_plus,0,False,2026-07-26
03,Québec,Hôpital Saint-François-d'Assise,34,2026-07-22,patients_48h_plus,0,False,2026-07-26
03,Québec,Hôpital Saint-François-d'Assise,34,2026-07-23,patients_48h_plus,0,False,2026-07-26
03,Québec,Hôpital Saint-François-d'Assise,34,2026-07-24,patients_48h_plus,0,False,2026-07-26
03,Québec,Hôpital Saint-François-d'Assise,34,2026-07-25,patients_48h_plus,0,False,2026-07-26
03,Québec,Hôpital Saint-François-d'Assise,34,2026-07-26,patients_48h_plus,0,False,2026-07-26
03,Québec,Hôpital Saint-François-d'Assise,34,2026-07-20,visites_totales_veille,121,False,2026-07-26
03,Québec,Hôpital Saint-François-d'Assise,34,2026-07-21,visites_totales_veille,118,False,2026-07-26
03,Québec,Hôpital Saint-François-d'Assise,34,2026-07-22,visites_totales_veille,125,False,2026-07-26
03,Québec,Hôpital Saint-François-d'Assise,34,2026-07-23,visites_totales_veille,130,False,2026-07-26
03,Québec,Hôpital Saint-François-d'Assise,34,2026-07-24,visites_totales_veille,126,False,2026-07-26
03,Québec,Hôpital Saint-François-d'Assise,34,2026-07-25,visites_totales_veille,128,False,2026-07-26
03,Québec,Hôpital Saint-François-d'Assise,34,2026-07-26,visites_totales_veille,106,False,2026-07-26
03,Québec,Hôpital Saint-François-d'Assise,34,2026-07-20,taux_occupation,121,False,2026-07-26
03,Québec,Hôpital Saint-François-d'Assise,34,2026-07-21,taux_occupation,115,False,2026-07-26
03,Québec,Hôpital Saint-François-d'Assise,34,2026-07-22,taux_occupation,94,False,2026-07-26
03,Québec,Hôpital Saint-François-d'Assise,34,2026-07-23,taux_occupation,118,False,2026-07-26
03,Québec,Hôpital Saint-François-d'Assise,34,2026-07-24,taux_occupation,91,False,2026-07-26
03,Québec,Hôpital Saint-François-d'Assise,34,2026-07-25,taux_occupation,100,False,2026-07-26
03,Québec,Hôpital Saint-François-d'Assise,34,2026-07-26,taux_occupation,97,False,2026-07-26
03,Québec,Hôtel-Dieu de Québec,15,2026-07-20,patients_sur_civiere,16,False,2026-07-26
03,Québec,Hôtel-Dieu de Québec,15,2026-07-21,patients_sur_civiere,15,False,2026-07-26
03,Québec,Hôtel-Dieu de Québec,15,2026-07-22,patients_sur_civiere,11,False,2026-07-26
03,Québec,Hôtel-Dieu de Québec,15,2026-07-23,patients_sur_civiere,16,False,2026-07-26
03,Québec,Hôtel-Dieu de Québec,15,2026-07-24,patients_sur_civiere,15,False,2026-07-26
03,Québec,Hôtel-Dieu de Québec,15,2026-07-25,patients_sur_civiere,9,False,2026-07-26
03,Québec,Hôtel-Dieu de Québec,15,2026-07-26,patients_sur_civiere,13,False,2026-07-26
03,Québec,Hôtel-Dieu de Québec,15,2026-07-20,patients_24h_plus,1,False,2026-07-26
03,Québec,Hôtel-Dieu de Québec,15,2026-07-21,patients_24h_plus,0,False,2026-07-26
03,Québec,Hôtel-Dieu de Québec,15,2026-07-22,patients_24h_plus,2,False,2026-07-26
03,Québec,Hôtel-Dieu de Québec,15,2026-07-23,patients_24h_plus,0,False,2026-07-26
03,Québec,Hôtel-Dieu de Québec,15,2026-07-24,patients_24h_plus,0,False,2026-07-26
03,Québec,Hôtel-Dieu de Québec,15,2026-07-25,patients_24h_plus,1,False,2026-07-26
03,Québec,Hôtel-Dieu de Québec,15,2026-07-26,patients_24h_plus,0,False,2026-07-26
03,Québec,Hôtel-Dieu de Québec,15,2026-07-20,patients_48h_plus,0,False,2026-07-26
03,Québec,Hôtel-Dieu de Québec,15,2026-07-21,patients_48h_plus,0,False,2026-07-26
03,Québec,Hôtel-Dieu de Québec,15,2026-07-22,patients_48h_plus,0,False,2026-07-26
03,Québec,Hôtel-Dieu de Québec,15,2026-07-23,patients_48h_plus,0,False,2026-07-26
03,Québec,Hôtel-Dieu de Québec,15,2026-07-24,patients_48h_plus,0,False,2026-07-26
03,Québec,Hôtel-Dieu de Québec,15,2026-07-25,patients_48h_plus,0,False,2026-07-26
03,Québec,Hôtel-Dieu de Québec,15,2026-07-26,patients_48h_plus,0,False,2026-07-26
03,Québec,Hôtel-Dieu de Québec,15,2026-07-20,visites_totales_veille,57,False,2026-07-26
03,Québec,Hôtel-Dieu de Québec,15,2026-07-21,visites_totales_veille,70,False,2026-07-26
03,Québec,Hôtel-Dieu de Québec,15,2026-07-22,visites_totales_veille,58,False,2026-07-26
03,Québec,Hôtel-Dieu de Québec,15,2026-07-23,visites_totales_veille,65,False,2026-07-26
03,Québec,Hôtel-Dieu de Québec,15,2026-07-24,visites_totales_veille,66,False,2026-07-26
03,Québec,Hôtel-Dieu de Québec,15,2026-07-25,visites_totales_veille,68,False,2026-07-26
03,Québec,Hôtel-Dieu de Québec,15,2026-07-26,visites_totales_veille,65,False,2026-07-26
03,Québec,Hôtel-Dieu de Québec,15,2026-07-20,taux_occupation,107,False,2026-07-26
03,Québec,Hôtel-Dieu de Québec,15,2026-07-21,taux_occupation,100,False,2026-07-26
03,Québec,Hôtel-Dieu de Québec,15,2026-07-22,taux_occupation,73,False,2026-07-26
03,Québec,Hôtel-Dieu de Québec,15,2026-07-23,taux_occupation,107,False,2026-07-26
03,Québec,Hôtel-Dieu de Québec,15,2026-07-24,taux_occupation,100,False,2026-07-26
03,Québec,Hôtel-Dieu de Québec,15,2026-07-25,taux_occupation,60,False,2026-07-26
03,Québec,Hôtel-Dieu de Québec,15,2026-07-26,taux_occupation,87,False,2026-07-26
03,Québec,Hôpital de l'Enfant-Jésus,48,2026-07-20,patients_sur_civiere,55,False,2026-07-26
03,Québec,Hôpital de l'Enfant-Jésus,48,2026-07-21,patients_sur_civiere,57,False,2026-07-26
03,Québec,Hôpital de l'Enfant-Jésus,48,2026-07-22,patients_sur_civiere,57,False,2026-07-26
03,Québec,Hôpital de l'Enfant-Jésus,48,2026-07-23,patients_sur_civiere,54,False,2026-07-26
03,Québec,Hôpital de l'Enfant-Jésus,48,2026-07-24,patients_sur_civiere,54,False,2026-07-26
03,Québec,Hôpital de l'Enfant-Jésus,48,2026-07-25,patients_sur_civiere,50,False,2026-07-26
03,Québec,Hôpital de l'Enfant-Jésus,48,2026-07-26,patients_sur_civiere,54,False,2026-07-26
03,Québec,Hôpital de l'Enfant-Jésus,48,2026-07-20,patients_24h_plus,14,False,2026-07-26
03,Québec,Hôpital de l'Enfant-Jésus,48,2026-07-21,patients_24h_plus,9,False,2026-07-26
03,Québec,Hôpital de l'Enfant-Jésus,48,2026-07-22,patients_24h_plus,7,False,2026-07-26
03,Québec,Hôpital de l'Enfant-Jésus,48,2026-07-23,patients_24h_plus,7,False,2026-07-26
03,Québec,Hôpital de l'Enfant-Jésus,48,2026-07-24,patients_24h_plus,10,False,2026-07-26
03,Québec,Hôpital de l'Enfant-Jésus,48,2026-07-25,patients_24h_plus,7,False,2026-07-26
03,Québec,Hôpital de l'Enfant-Jésus,48,2026-07-26,patients_24h_plus,7,False,2026-07-26
03,Québec,Hôpital de l'Enfant-Jésus,48,2026-07-20,patients_48h_plus,6,False,2026-07-26
03,Québec,Hôpital de l'Enfant-Jésus,48,2026-07-21,patients_48h_plus,2,False,2026-07-26
03,Québec,Hôpital de l'Enfant-Jésus,48,2026-07-22,patients_48h_plus,1,False,2026-07-26
03,Québec,Hôpital de l'Enfant-Jésus,48,2026-07-23,patients_48h_plus,2,False,2026-07-26
03,Québec,Hôpital de l'Enfant-Jésus,48,2026-07-24,patients_48h_plus,4,False,2026-07-26
03,Québec,Hôpital de l'Enfant-Jésus,48,2026-07-25,patients_48h_plus,3,False,2026-07-26
03,Québec,Hôpital de l'Enfant-Jésus,48,2026-07-26,patients_48h_plus,2,False,2026-07-26
03,Québec,Hôpital de l'Enfant-Jésus,48,2026-07-20,visites_totales_veille,165,False,2026-07-26
03,Québec,Hôpital de l'Enfant-Jésus,48,2026-07-21,visites_totales_veille,202,False,2026-07-26
03,Québec,Hôpital de l'Enfant-Jésus,48,2026-07-22,visites_totales_veille,200,False,2026-07-26
03,Québec,Hôpital de l'Enfant-Jésus,48,2026-07-23,visites_totales_veille,199,False,2026-07-26
03,Québec,Hôpital de l'Enfant-Jésus,48,2026-07-24,visites_totales_veille,187,False,2026-07-26
03,Québec,Hôpital de l'Enfant-Jésus,48,2026-07-25,visites_totales_veille,184,False,2026-07-26
03,Québec,Hôpital de l'Enfant-Jésus,48,2026-07-26,visites_totales_veille,184,False,2026-07-26
03,Québec,Hôpital de l'Enfant-Jésus,48,2026-07-20,taux_occupation,115,False,2026-07-26
03,Québec,Hôpital de l'Enfant-Jésus,48,2026-07-21,taux_occupation,119,False,2026-07-26
03,Québec,Hôpital de l'Enfant-Jésus,48,2026-07-22,taux_occupation,119,False,2026-07-26
03,Québec,Hôpital de l'Enfant-Jésus,48,2026-07-23,taux_occupation,113,False,2026-07-26
03,Québec,Hôpital de l'Enfant-Jésus,48,2026-07-24,taux_occupation,113,False,2026-07-26
03,Québec,Hôpital de l'Enfant-Jésus,48,2026-07-25,taux_occupation,104,False,2026-07-26
03,Québec,Hôpital de l'Enfant-Jésus,48,2026-07-26,taux_occupation,113,False,2026-07-26
03,Québec,Hôpital du Saint-Sacrement,22,2026-07-20,patients_sur_civiere,21,False,2026-07-26
03,Québec,Hôpital du Saint-Sacrement,22,2026-07-21,patients_sur_civiere,15,False,2026-07-26
03,Québec,Hôpital du Saint-Sacrement,22,2026-07-22,patients_sur_civiere,16,False,2026-07-26
03,Québec,Hôpital du Saint-Sacrement,22,2026-07-23,patients_sur_civiere,21,False,2026-07-26
03,Québec,Hôpital du Saint-Sacrement,22,2026-07-24,patients_sur_civiere,21,False,2026-07-26
03,Québec,Hôpital du Saint-Sacrement,22,2026-07-25,patients_sur_civiere,20,False,2026-07-26
03,Québec,Hôpital du Saint-Sacrement,22,2026-07-26,patients_sur_civiere,15,False,2026-07-26
03,Québec,Hôpital du Saint-Sacrement,22,2026-07-20,patients_24h_plus,2,False,2026-07-26
03,Québec,Hôpital du Saint-Sacrement,22,2026-07-21,patients_24h_plus,0,False,2026-07-26
03,Québec,Hôpital du Saint-Sacrement,22,2026-07-22,patients_24h_plus,0,False,2026-07-26
03,Québec,Hôpital du Saint-Sacrement,22,2026-07-23,patients_24h_plus,0,False,2026-07-26
03,Québec,Hôpital du Saint-Sacrement,22,2026-07-24,patients_24h_plus,4,False,2026-07-26
03,Québec,Hôpital du Saint-Sacrement,22,2026-07-25,patients_24h_plus,0,False,2026-07-26
03,Québec,Hôpital du Saint-Sacrement,22,2026-07-26,patients_24h_plus,1,False,2026-07-26
03,Québec,Hôpital du Saint-Sacrement,22,2026-07-20,patients_48h_plus,0,False,2026-07-26
03,Québec,Hôpital du Saint-Sacrement,22,2026-07-21,patients_48h_plus,0,False,2026-07-26
03,Québec,Hôpital du Saint-Sacrement,22,2026-07-22,patients_48h_plus,0,False,2026-07-26
03,Québec,Hôpital du Saint-Sacrement,22,2026-07-23,patients_48h_plus,0,False,2026-07-26
03,Québec,Hôpital du Saint-Sacrement,22,2026-07-24,patients_48h_plus,0,False,2026-07-26
03,Québec,Hôpital du Saint-Sacrement,22,2026-07-25,patients_48h_plus,0,False,2026-07-26
03,Québec,Hôpital du Saint-Sacrement,22,2026-07-26,patients_48h_plus,0,False,2026-07-26
03,Québec,Hôpital du Saint-Sacrement,22,2026-07-20,visites_totales_veille,99,False,2026-07-26
03,Québec,Hôpital du Saint-Sacrement,22,2026-07-21,visites_totales_veille,114,False,2026-07-26
03,Québec,Hôpital du Saint-Sacrement,22,2026-07-22,visites_totales_veille,127,False,2026-07-26
03,Québec,Hôpital du Saint-Sacrement,22,2026-07-23,visites_totales_veille,113,False,2026-07-26
03,Québec,Hôpital du Saint-Sacrement,22,2026-07-24,visites_totales_veille,109,False,2026-07-26
03,Québec,Hôpital du Saint-Sacrement,22,2026-07-25,visites_totales_veille,119,False,2026-07-26
03,Québec,Hôpital du Saint-Sacrement,22,2026-07-26,visites_totales_veille,86,False,2026-07-26
03,Québec,Hôpital du Saint-Sacrement,22,2026-07-20,taux_occupation,95,False,2026-07-26
03,Québec,Hôpital du Saint-Sacrement,22,2026-07-21,taux_occupation,68,False,2026-07-26
03,Québec,Hôpital du Saint-Sacrement,22,2026-07-22,taux_occupation,73,False,2026-07-26
03,Québec,Hôpital du Saint-Sacrement,22,2026-07-23,taux_occupation,95,False,2026-07-26
03,Québec,Hôpital du Saint-Sacrement,22,2026-07-24,taux_occupation,95,False,2026-07-26
03,Québec,Hôpital du Saint-Sacrement,22,2026-07-25,taux_occupation,91,False,2026-07-26
03,Québec,Hôpital du Saint-Sacrement,22,2026-07-26,taux_occupation,68,False,2026-07-26
03,Québec,Institut universitaire de cardiologie et de pneumologie de Québec (IUCPQ),20,2026-07-20,patients_sur_civiere,20,False,2026-07-26
03,Québec,Institut universitaire de cardiologie et de pneumologie de Québec (IUCPQ),20,2026-07-21,patients_sur_civiere,14,False,2026-07-26
03,Québec,Institut universitaire de cardiologie et de pneumologie de Québec (IUCPQ),20,2026-07-22,patients_sur_civiere,22,False,2026-07-26
03,Québec,Institut universitaire de cardiologie et de pneumologie de Québec (IUCPQ),20,2026-07-23,patients_sur_civiere,19,False,2026-07-26
03,Québec,Institut universitaire de cardiologie et de pneumologie de Québec (IUCPQ),20,2026-07-24,patients_sur_civiere,17,False,2026-07-26
03,Québec,Institut universitaire de cardiologie et de pneumologie de Québec (IUCPQ),20,2026-07-25,patients_sur_civiere,20,False,2026-07-26
03,Québec,Institut universitaire de cardiologie et de pneumologie de Québec (IUCPQ),20,2026-07-26,patients_sur_civiere,16,False,2026-07-26
03,Québec,Institut universitaire de cardiologie et de pneumologie de Québec (IUCPQ),20,2026-07-20,patients_24h_plus,0,False,2026-07-26
03,Québec,Institut universitaire de cardiologie et de pneumologie de Québec (IUCPQ),20,2026-07-21,patients_24h_plus,0,False,2026-07-26
03,Québec,Institut universitaire de cardiologie et de pneumologie de Québec (IUCPQ),20,2026-07-22,patients_24h_plus,1,False,2026-07-26
03,Québec,Institut universitaire de cardiologie et de pneumologie de Québec (IUCPQ),20,2026-07-23,patients_24h_plus,2,False,2026-07-26
03,Québec,Institut universitaire de cardiologie et de pneumologie de Québec (IUCPQ),20,2026-07-24,patients_24h_plus,2,False,2026-07-26
03,Québec,Institut universitaire de cardiologie et de pneumologie de Québec (IUCPQ),20,2026-07-25,patients_24h_plus,0,False,2026-07-26
03,Québec,Institut universitaire de cardiologie et de pneumologie de Québec (IUCPQ),20,2026-07-26,patients_24h_plus,0,False,2026-07-26
03,Québec,Institut universitaire de cardiologie et de pneumologie de Québec (IUCPQ),20,2026-07-20,patients_48h_plus,0,False,2026-07-26
03,Québec,Institut universitaire de cardiologie et de pneumologie de Québec (IUCPQ),20,2026-07-21,patients_48h_plus,0,False,2026-07-26
03,Québec,Institut universitaire de cardiologie et de pneumologie de Québec (IUCPQ),20,2026-07-22,patients_48h_plus,0,False,2026-07-26
03,Québec,Institut universitaire de cardiologie et de pneumologie de Québec (IUCPQ),20,2026-07-23,patients_48h_plus,0,False,2026-07-26
03,Québec,Institut universitaire de cardiologie et de pneumologie de Québec (IUCPQ),20,2026-07-24,patients_48h_plus,0,False,2026-07-26
03,Québec,Institut universitaire de cardiologie et de pneumologie de Québec (IUCPQ),20,2026-07-25,patients_48h_plus,0,False,2026-07-26
03,Québec,Institut universitaire de cardiologie et de pneumologie de Québec (IUCPQ),20,2026-07-26,patients_48h_plus,0,False,2026-07-26
03,Québec,Institut universitaire de cardiologie et de pneumologie de Québec (IUCPQ),20,2026-07-20,visites_totales_veille,90,False,2026-07-26
03,Québec,Institut universitaire de cardiologie et de pneumologie de Québec (IUCPQ),20,2026-07-21,visites_totales_veille,103,False,2026-07-26
03,Québec,Institut universitaire de cardiologie et de pneumologie de Québec (IUCPQ),20,2026-07-22,visites_totales_veille,105,False,2026-07-26
03,Québec,Institut universitaire de cardiologie et de pneumologie de Québec (IUCPQ),20,2026-07-23,visites_totales_veille,86,False,2026-07-26
03,Québec,Institut universitaire de cardiologie et de pneumologie de Québec (IUCPQ),20,2026-07-24,visites_totales_veille,102,False,2026-07-26
03,Québec,Institut universitaire de cardiologie et de pneumologie de Québec (IUCPQ),20,2026-07-25,visites_totales_veille,87,False,2026-07-26
03,Québec,Institut universitaire de cardiologie et de pneumologie de Québec (IUCPQ),20,2026-07-26,visites_totales_veille,69,False,2026-07-26
03,Québec,Institut universitaire de cardiologie et de pneumologie de Québec (IUCPQ),20,2026-07-20,taux_occupation,100,False,2026-07-26
03,Québec,Institut universitaire de cardiologie et de pneumologie de Québec (IUCPQ),20,2026-07-21,taux_occupation,70,False,2026-07-26
03,Québec,Institut universitaire de cardiologie et de pneumologie de Québec (IUCPQ),20,2026-07-22,taux_occupation,110,False,2026-07-26
03,Québec,Institut universitaire de cardiologie et de pneumologie de Québec (IUCPQ),20,2026-07-23,taux_occupation,95,False,2026-07-26
03,Québec,Institut universitaire de cardiologie et de pneumologie de Québec (IUCPQ),20,2026-07-24,taux_occupation,85,False,2026-07-26
03,Québec,Institut universitaire de cardiologie et de pneumologie de Québec (IUCPQ),20,2026-07-25,taux_occupation,100,False,2026-07-26
03,Québec,Institut universitaire de cardiologie et de pneumologie de Québec (IUCPQ),20,2026-07-26,taux_occupation,80,False,2026-07-26
03,Québec,Total (03) Capitale-Nationale,210,2026-07-20,patients_sur_civiere,208,True,2026-07-26
03,Québec,Total (03) Capitale-Nationale,210,2026-07-21,patients_sur_civiere,199,True,2026-07-26
03,Québec,Total (03) Capitale-Nationale,210,2026-07-22,patients_sur_civiere,202,True,2026-07-26
03,Québec,Total (03) Capitale-Nationale,210,2026-07-23,patients_sur_civiere,202,True,2026-07-26
03,Québec,Total (03) Capitale-Nationale,210,2026-07-24,patients_sur_civiere,187,True,2026-07-26
03,Québec,Total (03) Capitale-Nationale,210,2026-07-25,patients_sur_civiere,179,True,2026-07-26
03,Québec,Total (03) Capitale-Nationale,210,2026-07-26,patients_sur_civiere,181,True,2026-07-26
03,Québec,Total (03) Capitale-Nationale,210,2026-07-20,patients_24h_plus,26,True,2026-07-26
03,Québec,Total (03) Capitale-Nationale,210,2026-07-21,patients_24h_plus,19,True,2026-07-26
03,Québec,Total (03) Capitale-Nationale,210,2026-07-22,patients_24h_plus,16,True,2026-07-26
03,Québec,Total (03) Capitale-Nationale,210,2026-07-23,patients_24h_plus,15,True,2026-07-26
03,Québec,Total (03) Capitale-Nationale,210,2026-07-24,patients_24h_plus,28,True,2026-07-26
03,Québec,Total (03) Capitale-Nationale,210,2026-07-25,patients_24h_plus,14,True,2026-07-26
03,Québec,Total (03) Capitale-Nationale,210,2026-07-26,patients_24h_plus,19,True,2026-07-26
03,Québec,Total (03) Capitale-Nationale,210,2026-07-20,patients_48h_plus,10,True,2026-07-26
03,Québec,Total (03) Capitale-Nationale,210,2026-07-21,patients_48h_plus,3,True,2026-07-26
03,Québec,Total (03) Capitale-Nationale,210,2026-07-22,patients_48h_plus,2,True,2026-07-26
03,Québec,Total (03) Capitale-Nationale,210,2026-07-23,patients_48h_plus,2,True,2026-07-26
03,Québec,Total (03) Capitale-Nationale,210,2026-07-24,patients_48h_plus,4,True,2026-07-26
03,Québec,Total (03) Capitale-Nationale,210,2026-07-25,patients_48h_plus,4,True,2026-07-26
03,Québec,Total (03) Capitale-Nationale,210,2026-07-26,patients_48h_plus,5,True,2026-07-26
03,Québec,Total (03) Capitale-Nationale,210,2026-07-20,visites_totales_veille,1005,True,2026-07-26
03,Québec,Total (03) Capitale-Nationale,210,2026-07-21,visites_totales_veille,1127,True,2026-07-26
03,Québec,Total (03) Capitale-Nationale,210,2026-07-22,visites_totales_veille,1111,True,2026-07-26
03,Québec,Total (03) Capitale-Nationale,210,2026-07-23,visites_totales_veille,1102,True,2026-07-26
03,Québec,Total (03) Capitale-Nationale,210,2026-07-24,visites_totales_veille,1106,True,2026-07-26
03,Québec,Total (03) Capitale-Nationale,210,2026-07-25,visites_totales_veille,1112,True,2026-07-26
03,Québec,Total (03) Capitale-Nationale,210,2026-07-26,visites_totales_veille,986,True,2026-07-26
03,Québec,Total (03) Capitale-Nationale,210,2026-07-20,taux_occupation,99,True,2026-07-26
03,Québec,Total (03) Capitale-Nationale,210,2026-07-21,taux_occupation,95,True,2026-07-26
03,Québec,Total (03) Capitale-Nationale,210,2026-07-22,taux_occupation,96,True,2026-07-26
03,Québec,Total (03) Capitale-Nationale,210,2026-07-23,taux_occupation,96,True,2026-07-26
03,Québec,Total (03) Capitale-Nationale,210,2026-07-24,taux_occupation,89,True,2026-07-26
03,Québec,Total (03) Capitale-Nationale,210,2026-07-25,taux_occupation,85,True,2026-07-26
03,Québec,Total (03) Capitale-Nationale,210,2026-07-26,taux_occupation,86,True,2026-07-26
05,Estrie,Hôpital Fleurimont,36,2026-07-20,patients_sur_civiere,30,False,2026-07-26
05,Estrie,Hôpital Fleurimont,36,2026-07-21,patients_sur_civiere,34,False,2026-07-26
05,Estrie,Hôpital Fleurimont,36,2026-07-22,patients_sur_civiere,24,False,2026-07-26
05,Estrie,Hôpital Fleurimont,36,2026-07-23,patients_sur_civiere,26,False,2026-07-26
05,Estrie,Hôpital Fleurimont,36,2026-07-24,patients_sur_civiere,30,False,2026-07-26
05,Estrie,Hôpital Fleurimont,36,2026-07-25,patients_sur_civiere,32,False,2026-07-26
05,Estrie,Hôpital Fleurimont,36,2026-07-26,patients_sur_civiere,30,False,2026-07-26
05,Estrie,Hôpital Fleurimont,36,2026-07-20,patients_24h_plus,2,False,2026-07-26
05,Estrie,Hôpital Fleurimont,36,2026-07-21,patients_24h_plus,1,False,2026-07-26
05,Estrie,Hôpital Fleurimont,36,2026-07-22,patients_24h_plus,2,False,2026-07-26
05,Estrie,Hôpital Fleurimont,36,2026-07-23,patients_24h_plus,0,False,2026-07-26
05,Estrie,Hôpital Fleurimont,36,2026-07-24,patients_24h_plus,0,False,2026-07-26
05,Estrie,Hôpital Fleurimont,36,2026-07-25,patients_24h_plus,1,False,2026-07-26
05,Estrie,Hôpital Fleurimont,36,2026-07-26,patients_24h_plus,6,False,2026-07-26
05,Estrie,Hôpital Fleurimont,36,2026-07-20,patients_48h_plus,0,False,2026-07-26
05,Estrie,Hôpital Fleurimont,36,2026-07-21,patients_48h_plus,0,False,2026-07-26
05,Estrie,Hôpital Fleurimont,36,2026-07-22,patients_48h_plus,0,False,2026-07-26
05,Estrie,Hôpital Fleurimont,36,2026-07-23,patients_48h_plus,0,False,2026-07-26
05,Estrie,Hôpital Fleurimont,36,2026-07-24,patients_48h_plus,0,False,2026-07-26
05,Estrie,Hôpital Fleurimont,36,2026-07-25,patients_48h_plus,0,False,2026-07-26
05,Estrie,Hôpital Fleurimont,36,2026-07-26,patients_48h_plus,0,False,2026-07-26
05,Estrie,Hôpital Fleurimont,36,2026-07-20,visites_totales_veille,123,False,2026-07-26
05,Estrie,Hôpital Fleurimont,36,2026-07-21,visites_totales_veille,164,False,2026-07-26
05,Estrie,Hôpital Fleurimont,36,2026-07-22,visites_totales_veille,130,False,2026-07-26
05,Estrie,Hôpital Fleurimont,36,2026-07-23,visites_totales_veille,138,False,2026-07-26
05,Estrie,Hôpital Fleurimont,36,2026-07-24,visites_totales_veille,123,False,2026-07-26
05,Estrie,Hôpital Fleurimont,36,2026-07-25,visites_totales_veille,160,False,2026-07-26
05,Estrie,Hôpital Fleurimont,36,2026-07-26,visites_totales_veille,117,False,2026-07-26
05,Estrie,Hôpital Fleurimont,36,2026-07-20,taux_occupation,83,False,2026-07-26
05,Estrie,Hôpital Fleurimont,36,2026-07-21,taux_occupation,94,False,2026-07-26
05,Estrie,Hôpital Fleurimont,36,2026-07-22,taux_occupation,67,False,2026-07-26
05,Estrie,Hôpital Fleurimont,36,2026-07-23,taux_occupation,72,False,2026-07-26
05,Estrie,Hôpital Fleurimont,36,2026-07-24,taux_occupation,83,False,2026-07-26
05,Estrie,Hôpital Fleurimont,36,2026-07-25,taux_occupation,89,False,2026-07-26
05,Estrie,Hôpital Fleurimont,36,2026-07-26,taux_occupation,83,False,2026-07-26
05,Estrie,Hôpital Brome-Missisquoi-Perkins,16,2026-07-20,patients_sur_civiere,21,False,2026-07-26
05,Estrie,Hôpital Brome-Missisquoi-Perkins,16,2026-07-21,patients_sur_civiere,15,False,2026-07-26
05,Estrie,Hôpital Brome-Missisquoi-Perkins,16,2026-07-22,patients_sur_civiere,19,False,2026-07-26
05,Estrie,Hôpital Brome-Missisquoi-Perkins,16,2026-07-23,patients_sur_civiere,17,False,2026-07-26
05,Estrie,Hôpital Brome-Missisquoi-Perkins,16,2026-07-24,patients_sur_civiere,20,False,2026-07-26
05,Estrie,Hôpital Brome-Missisquoi-Perkins,16,2026-07-25,patients_sur_civiere,17,False,2026-07-26
05,Estrie,Hôpital Brome-Missisquoi-Perkins,16,2026-07-26,patients_sur_civiere,19,False,2026-07-26
05,Estrie,Hôpital Brome-Missisquoi-Perkins,16,2026-07-20,patients_24h_plus,2,False,2026-07-26
05,Estrie,Hôpital Brome-Missisquoi-Perkins,16,2026-07-21,patients_24h_plus,4,False,2026-07-26
05,Estrie,Hôpital Brome-Missisquoi-Perkins,16,2026-07-22,patients_24h_plus,5,False,2026-07-26
05,Estrie,Hôpital Brome-Missisquoi-Perkins,16,2026-07-23,patients_24h_plus,4,False,2026-07-26
05,Estrie,Hôpital Brome-Missisquoi-Perkins,16,2026-07-24,patients_24h_plus,2,False,2026-07-26
05,Estrie,Hôpital Brome-Missisquoi-Perkins,16,2026-07-25,patients_24h_plus,6,False,2026-07-26
05,Estrie,Hôpital Brome-Missisquoi-Perkins,16,2026-07-26,patients_24h_plus,2,False,2026-07-26
05,Estrie,Hôpital Brome-Missisquoi-Perkins,16,2026-07-20,patients_48h_plus,0,False,2026-07-26
05,Estrie,Hôpital Brome-Missisquoi-Perkins,16,2026-07-21,patients_48h_plus,0,False,2026-07-26
05,Estrie,Hôpital Brome-Missisquoi-Perkins,16,2026-07-22,patients_48h_plus,0,False,2026-07-26
05,Estrie,Hôpital Brome-Missisquoi-Perkins,16,2026-07-23,patients_48h_plus,0,False,2026-07-26
05,Estrie,Hôpital Brome-Missisquoi-Perkins,16,2026-07-24,patients_48h_plus,0,False,2026-07-26
05,Estrie,Hôpital Brome-Missisquoi-Perkins,16,2026-07-25,patients_48h_plus,0,False,2026-07-26
05,Estrie,Hôpital Brome-Missisquoi-Perkins,16,2026-07-26,patients_48h_plus,0,False,2026-07-26
05,Estrie,Hôpital Brome-Missisquoi-Perkins,16,2026-07-20,visites_totales_veille,103,False,2026-07-26
05,Estrie,Hôpital Brome-Missisquoi-Perkins,16,2026-07-21,visites_totales_veille,88,False,2026-07-26
05,Estrie,Hôpital Brome-Missisquoi-Perkins,16,2026-07-22,visites_totales_veille,90,False,2026-07-26
05,Estrie,Hôpital Brome-Missisquoi-Perkins,16,2026-07-23,visites_totales_veille,79,False,2026-07-26
05,Estrie,Hôpital Brome-Missisquoi-Perkins,16,2026-07-24,visites_totales_veille,91,False,2026-07-26
05,Estrie,Hôpital Brome-Missisquoi-Perkins,16,2026-07-25,visites_totales_veille,88,False,2026-07-26
05,Estrie,Hôpital Brome-Missisquoi-Perkins,16,2026-07-26,visites_totales_veille,90,False,2026-07-26
05,Estrie,Hôpital Brome-Missisquoi-Perkins,16,2026-07-20,taux_occupation,131,False,2026-07-26
05,Estrie,Hôpital Brome-Missisquoi-Perkins,16,2026-07-21,taux_occupation,94,False,2026-07-26
05,Estrie,Hôpital Brome-Missisquoi-Perkins,16,2026-07-22,taux_occupation,119,False,2026-07-26
05,Estrie,Hôpital Brome-Missisquoi-Perkins,16,2026-07-23,taux_occupation,106,False,2026-07-26
05,Estrie,Hôpital Brome-Missisquoi-Perkins,16,2026-07-24,taux_occupation,125,False,2026-07-26
05,Estrie,Hôpital Brome-Missisquoi-Perkins,16,2026-07-25,taux_occupation,106,False,2026-07-26
05,Estrie,Hôpital Brome-Missisquoi-Perkins,16,2026-07-26,taux_occupation,119,False,2026-07-26
05,Estrie,Hôtel-Dieu,44,2026-07-20,patients_sur_civiere,50,False,2026-07-26
05,Estrie,Hôtel-Dieu,44,2026-07-21,patients_sur_civiere,52,False,2026-07-26
05,Estrie,Hôtel-Dieu,44,2026-07-22,patients_sur_civiere,57,False,2026-07-26
05,Estrie,Hôtel-Dieu,44,2026-07-23,patients_sur_civiere,40,False,2026-07-26
05,Estrie,Hôtel-Dieu,44,2026-07-24,patients_sur_civiere,40,False,2026-07-26
05,Estrie,Hôtel-Dieu,44,2026-07-25,patients_sur_civiere,41,False,2026-07-26
05,Estrie,Hôtel-Dieu,44,2026-07-26,patients_sur_civiere,56,False,2026-07-26
05,Estrie,Hôtel-Dieu,44,2026-07-20,patients_24h_plus,22,False,2026-07-26
05,Estrie,Hôtel-Dieu,44,2026-07-21,patients_24h_plus,17,False,2026-07-26
05,Estrie,Hôtel-Dieu,44,2026-07-22,patients_24h_plus,18,False,2026-07-26
05,Estrie,Hôtel-Dieu,44,2026-07-23,patients_24h_plus,11,False,2026-07-26
05,Estrie,Hôtel-Dieu,44,2026-07-24,patients_24h_plus,10,False,2026-07-26
05,Estrie,Hôtel-Dieu,44,2026-07-25,patients_24h_plus,7,False,2026-07-26
05,Estrie,Hôtel-Dieu,44,2026-07-26,patients_24h_plus,10,False,2026-07-26
05,Estrie,Hôtel-Dieu,44,2026-07-20,patients_48h_plus,15,False,2026-07-26
05,Estrie,Hôtel-Dieu,44,2026-07-21,patients_48h_plus,8,False,2026-07-26
05,Estrie,Hôtel-Dieu,44,2026-07-22,patients_48h_plus,8,False,2026-07-26
05,Estrie,Hôtel-Dieu,44,2026-07-23,patients_48h_plus,7,False,2026-07-26
05,Estrie,Hôtel-Dieu,44,2026-07-24,patients_48h_plus,5,False,2026-07-26
05,Estrie,Hôtel-Dieu,44,2026-07-25,patients_48h_plus,4,False,2026-07-26
05,Estrie,Hôtel-Dieu,44,2026-07-26,patients_48h_plus,6,False,2026-07-26
05,Estrie,Hôtel-Dieu,44,2026-07-20,visites_totales_veille,114,False,2026-07-26
05,Estrie,Hôtel-Dieu,44,2026-07-21,visites_totales_veille,151,False,2026-07-26
05,Estrie,Hôtel-Dieu,44,2026-07-22,visites_totales_veille,148,False,2026-07-26
05,Estrie,Hôtel-Dieu,44,2026-07-23,visites_totales_veille,122,False,2026-07-26
05,Estrie,Hôtel-Dieu,44,2026-07-24,visites_totales_veille,138,False,2026-07-26
05,Estrie,Hôtel-Dieu,44,2026-07-25,visites_totales_veille,126,False,2026-07-26
05,Estrie,Hôtel-Dieu,44,2026-07-26,visites_totales_veille,140,False,2026-07-26
05,Estrie,Hôtel-Dieu,44,2026-07-20,taux_occupation,114,False,2026-07-26
05,Estrie,Hôtel-Dieu,44,2026-07-21,taux_occupation,118,False,2026-07-26
05,Estrie,Hôtel-Dieu,44,2026-07-22,taux_occupation,130,False,2026-07-26
05,Estrie,Hôtel-Dieu,44,2026-07-23,taux_occupation,91,False,2026-07-26
05,Estrie,Hôtel-Dieu,44,2026-07-24,taux_occupation,91,False,2026-07-26
05,Estrie,Hôtel-Dieu,44,2026-07-25,taux_occupation,93,False,2026-07-26
05,Estrie,Hôtel-Dieu,44,2026-07-26,taux_occupation,127,False,2026-07-26
05,Estrie,Centre hospitalier de Granby,20,2026-07-20,patients_sur_civiere,31,False,2026-07-26
05,Estrie,Centre hospitalier de Granby,20,2026-07-21,patients_sur_civiere,26,False,2026-07-26
05,Estrie,Centre hospitalier de Granby,20,2026-07-22,patients_sur_civiere,28,False,2026-07-26
05,Estrie,Centre hospitalier de Granby,20,2026-07-23,patients_sur_civiere,24,False,2026-07-26
05,Estrie,Centre hospitalier de Granby,20,2026-07-24,patients_sur_civiere,23,False,2026-07-26
05,Estrie,Centre hospitalier de Granby,20,2026-07-25,patients_sur_civiere,26,False,2026-07-26
05,Estrie,Centre hospitalier de Granby,20,2026-07-26,patients_sur_civiere,29,False,2026-07-26
05,Estrie,Centre hospitalier de Granby,20,2026-07-20,patients_24h_plus,8,False,2026-07-26
05,Estrie,Centre hospitalier de Granby,20,2026-07-21,patients_24h_plus,8,False,2026-07-26
05,Estrie,Centre hospitalier de Granby,20,2026-07-22,patients_24h_plus,6,False,2026-07-26
05,Estrie,Centre hospitalier de Granby,20,2026-07-23,patients_24h_plus,4,False,2026-07-26
05,Estrie,Centre hospitalier de Granby,20,2026-07-24,patients_24h_plus,4,False,2026-07-26
05,Estrie,Centre hospitalier de Granby,20,2026-07-25,patients_24h_plus,8,False,2026-07-26
05,Estrie,Centre hospitalier de Granby,20,2026-07-26,patients_24h_plus,9,False,2026-07-26
05,Estrie,Centre hospitalier de Granby,20,2026-07-20,patients_48h_plus,1,False,2026-07-26
05,Estrie,Centre hospitalier de Granby,20,2026-07-21,patients_48h_plus,0,False,2026-07-26
05,Estrie,Centre hospitalier de Granby,20,2026-07-22,patients_48h_plus,0,False,2026-07-26
05,Estrie,Centre hospitalier de Granby,20,2026-07-23,patients_48h_plus,0,False,2026-07-26
05,Estrie,Centre hospitalier de Granby,20,2026-07-24,patients_48h_plus,0,False,2026-07-26
05,Estrie,Centre hospitalier de Granby,20,2026-07-25,patients_48h_plus,1,False,2026-07-26
05,Estrie,Centre hospitalier de Granby,20,2026-07-26,patients_48h_plus,4,False,2026-07-26
05,Estrie,Centre hospitalier de Granby,20,2026-07-20,visites_totales_veille,105,False,2026-07-26
05,Estrie,Centre hospitalier de Granby,20,2026-07-21,visites_totales_veille,117,False,2026-07-26
05,Estrie,Centre hospitalier de Granby,20,2026-07-22,visites_totales_veille,123,False,2026-07-26
05,Estrie,Centre hospitalier de Granby,20,2026-07-23,visites_totales_veille,116,False,2026-07-26
05,Estrie,Centre hospitalier de Granby,20,2026-07-24,visites_totales_veille,97,False,2026-07-26
05,Estrie,Centre hospitalier de Granby,20,2026-07-25,visites_totales_veille,121,False,2026-07-26
05,Estrie,Centre hospitalier de Granby,20,2026-07-26,visites_totales_veille,110,False,2026-07-26
05,Estrie,Centre hospitalier de Granby,20,2026-07-20,taux_occupation,155,False,2026-07-26
05,Estrie,Centre hospitalier de Granby,20,2026-07-21,taux_occupation,130,False,2026-07-26
05,Estrie,Centre hospitalier de Granby,20,2026-07-22,taux_occupation,140,False,2026-07-26
05,Estrie,Centre hospitalier de Granby,20,2026-07-23,taux_occupation,120,False,2026-07-26
05,Estrie,Centre hospitalier de Granby,20,2026-07-24,taux_occupation,115,False,2026-07-26
05,Estrie,Centre hospitalier de Granby,20,2026-07-25,taux_occupation,130,False,2026-07-26
05,Estrie,Centre hospitalier de Granby,20,2026-07-26,taux_occupation,145,False,2026-07-26
05,Estrie,Memphrémagog,11,2026-07-20,patients_sur_civiere,7,False,2026-07-26
05,Estrie,Memphrémagog,11,2026-07-21,patients_sur_civiere,7,False,2026-07-26
05,Estrie,Memphrémagog,11,2026-07-22,patients_sur_civiere,9,False,2026-07-26
05,Estrie,Memphrémagog,11,2026-07-23,patients_sur_civiere,9,False,2026-07-26
05,Estrie,Memphrémagog,11,2026-07-24,patients_sur_civiere,5,False,2026-07-26
05,Estrie,Memphrémagog,11,2026-07-25,patients_sur_civiere,8,False,2026-07-26
05,Estrie,Memphrémagog,11,2026-07-26,patients_sur_civiere,8,False,2026-07-26
05,Estrie,Memphrémagog,11,2026-07-20,patients_24h_plus,2,False,2026-07-26
05,Estrie,Memphrémagog,11,2026-07-21,patients_24h_plus,0,False,2026-07-26
05,Estrie,Memphrémagog,11,2026-07-22,patients_24h_plus,2,False,2026-07-26
05,Estrie,Memphrémagog,11,2026-07-23,patients_24h_plus,1,False,2026-07-26
05,Estrie,Memphrémagog,11,2026-07-24,patients_24h_plus,0,False,2026-07-26
05,Estrie,Memphrémagog,11,2026-07-25,patients_24h_plus,1,False,2026-07-26
05,Estrie,Memphrémagog,11,2026-07-26,patients_24h_plus,0,False,2026-07-26
05,Estrie,Memphrémagog,11,2026-07-20,patients_48h_plus,1,False,2026-07-26
05,Estrie,Memphrémagog,11,2026-07-21,patients_48h_plus,0,False,2026-07-26
05,Estrie,Memphrémagog,11,2026-07-22,patients_48h_plus,0,False,2026-07-26
05,Estrie,Memphrémagog,11,2026-07-23,patients_48h_plus,0,False,2026-07-26
05,Estrie,Memphrémagog,11,2026-07-24,patients_48h_plus,0,False,2026-07-26
05,Estrie,Memphrémagog,11,2026-07-25,patients_48h_plus,0,False,2026-07-26
05,Estrie,Memphrémagog,11,2026-07-26,patients_48h_plus,0,False,2026-07-26
05,Estrie,Memphrémagog,11,2026-07-20,visites_totales_veille,60,False,2026-07-26
05,Estrie,Memphrémagog,11,2026-07-21,visites_totales_veille,69,False,2026-07-26
05,Estrie,Memphrémagog,11,2026-07-22,visites_totales_veille,56,False,2026-07-26
05,Estrie,Memphrémagog,11,2026-07-23,visites_totales_veille,65,False,2026-07-26
05,Estrie,Memphrémagog,11,2026-07-24,visites_totales_veille,62,False,2026-07-26
05,Estrie,Memphrémagog,11,2026-07-25,visites_totales_veille,60,False,2026-07-26
05,Estrie,Memphrémagog,11,2026-07-26,visites_totales_veille,66,False,2026-07-26
05,Estrie,Memphrémagog,11,2026-07-20,taux_occupation,64,False,2026-07-26
05,Estrie,Memphrémagog,11,2026-07-21,taux_occupation,64,False,2026-07-26
05,Estrie,Memphrémagog,11,2026-07-22,taux_occupation,82,False,2026-07-26
05,Estrie,Memphrémagog,11,2026-07-23,taux_occupation,82,False,2026-07-26
05,Estrie,Memphrémagog,11,2026-07-24,taux_occupation,45,False,2026-07-26
05,Estrie,Memphrémagog,11,2026-07-25,taux_occupation,73,False,2026-07-26
05,Estrie,Memphrémagog,11,2026-07-26,taux_occupation,73,False,2026-07-26
05,Estrie,MRC-de-Coaticook,6,2026-07-20,patients_sur_civiere,1,False,2026-07-26
05,Estrie,MRC-de-Coaticook,6,2026-07-21,patients_sur_civiere,3,False,2026-07-26
05,Estrie,MRC-de-Coaticook,6,2026-07-22,patients_sur_civiere,2,False,2026-07-26
05,Estrie,MRC-de-Coaticook,6,2026-07-23,patients_sur_civiere,1,False,2026-07-26
05,Estrie,MRC-de-Coaticook,6,2026-07-24,patients_sur_civiere,2,False,2026-07-26
05,Estrie,MRC-de-Coaticook,6,2026-07-25,patients_sur_civiere,2,False,2026-07-26
05,Estrie,MRC-de-Coaticook,6,2026-07-26,patients_sur_civiere,0,False,2026-07-26
05,Estrie,MRC-de-Coaticook,6,2026-07-20,patients_24h_plus,0,False,2026-07-26
05,Estrie,MRC-de-Coaticook,6,2026-07-21,patients_24h_plus,0,False,2026-07-26
05,Estrie,MRC-de-Coaticook,6,2026-07-22,patients_24h_plus,0,False,2026-07-26
05,Estrie,MRC-de-Coaticook,6,2026-07-23,patients_24h_plus,0,False,2026-07-26
05,Estrie,MRC-de-Coaticook,6,2026-07-24,patients_24h_plus,0,False,2026-07-26
05,Estrie,MRC-de-Coaticook,6,2026-07-25,patients_24h_plus,0,False,2026-07-26
05,Estrie,MRC-de-Coaticook,6,2026-07-26,patients_24h_plus,0,False,2026-07-26
05,Estrie,MRC-de-Coaticook,6,2026-07-20,patients_48h_plus,0,False,2026-07-26
05,Estrie,MRC-de-Coaticook,6,2026-07-21,patients_48h_plus,0,False,2026-07-26
05,Estrie,MRC-de-Coaticook,6,2026-07-22,patients_48h_plus,0,False,2026-07-26
05,Estrie,MRC-de-Coaticook,6,2026-07-23,patients_48h_plus,0,False,2026-07-26
05,Estrie,MRC-de-Coaticook,6,2026-07-24,patients_48h_plus,0,False,2026-07-26
05,Estrie,MRC-de-Coaticook,6,2026-07-25,patients_48h_plus,0,False,2026-07-26
05,Estrie,MRC-de-Coaticook,6,2026-07-26,patients_48h_plus,0,False,2026-07-26
05,Estrie,MRC-de-Coaticook,6,2026-07-20,visites_totales_veille,52,False,2026-07-26
05,Estrie,MRC-de-Coaticook,6,2026-07-21,visites_totales_veille,65,False,2026-07-26
05,Estrie,MRC-de-Coaticook,6,2026-07-22,visites_totales_veille,71,False,2026-07-26
05,Estrie,MRC-de-Coaticook,6,2026-07-23,visites_totales_veille,54,False,2026-07-26
05,Estrie,MRC-de-Coaticook,6,2026-07-24,visites_totales_veille,53,False,2026-07-26
05,Estrie,MRC-de-Coaticook,6,2026-07-25,visites_totales_veille,67,False,2026-07-26
05,Estrie,MRC-de-Coaticook,6,2026-07-26,visites_totales_veille,64,False,2026-07-26
05,Estrie,MRC-de-Coaticook,6,2026-07-20,taux_occupation,17,False,2026-07-26
05,Estrie,MRC-de-Coaticook,6,2026-07-21,taux_occupation,50,False,2026-07-26
05,Estrie,MRC-de-Coaticook,6,2026-07-22,taux_occupation,33,False,2026-07-26
05,Estrie,MRC-de-Coaticook,6,2026-07-23,taux_occupation,17,False,2026-07-26
05,Estrie,MRC-de-Coaticook,6,2026-07-24,taux_occupation,33,False,2026-07-26
05,Estrie,MRC-de-Coaticook,6,2026-07-25,taux_occupation,33,False,2026-07-26
05,Estrie,MRC-de-Coaticook,6,2026-07-26,taux_occupation,0,False,2026-07-26
05,Estrie,Granit,5,2026-07-20,patients_sur_civiere,1,False,2026-07-26
05,Estrie,Granit,5,2026-07-21,patients_sur_civiere,3,False,2026-07-26
05,Estrie,Granit,5,2026-07-22,patients_sur_civiere,4,False,2026-07-26
05,Estrie,Granit,5,2026-07-23,patients_sur_civiere,4,False,2026-07-26
05,Estrie,Granit,5,2026-07-24,patients_sur_civiere,3,False,2026-07-26
05,Estrie,Granit,5,2026-07-25,patients_sur_civiere,3,False,2026-07-26
05,Estrie,Granit,5,2026-07-26,patients_sur_civiere,2,False,2026-07-26
05,Estrie,Granit,5,2026-07-20,patients_24h_plus,0,False,2026-07-26
05,Estrie,Granit,5,2026-07-21,patients_24h_plus,0,False,2026-07-26
05,Estrie,Granit,5,2026-07-22,patients_24h_plus,0,False,2026-07-26
05,Estrie,Granit,5,2026-07-23,patients_24h_plus,1,False,2026-07-26
05,Estrie,Granit,5,2026-07-24,patients_24h_plus,1,False,2026-07-26
05,Estrie,Granit,5,2026-07-25,patients_24h_plus,0,False,2026-07-26
05,Estrie,Granit,5,2026-07-26,patients_24h_plus,0,False,2026-07-26
05,Estrie,Granit,5,2026-07-20,patients_48h_plus,0,False,2026-07-26
05,Estrie,Granit,5,2026-07-21,patients_48h_plus,0,False,2026-07-26
05,Estrie,Granit,5,2026-07-22,patients_48h_plus,0,False,2026-07-26
05,Estrie,Granit,5,2026-07-23,patients_48h_plus,0,False,2026-07-26
05,Estrie,Granit,5,2026-07-24,patients_48h_plus,1,False,2026-07-26
05,Estrie,Granit,5,2026-07-25,patients_48h_plus,0,False,2026-07-26
05,Estrie,Granit,5,2026-07-26,patients_48h_plus,0,False,2026-07-26
05,Estrie,Granit,5,2026-07-20,visites_totales_veille,34,False,2026-07-26
05,Estrie,Granit,5,2026-07-21,visites_totales_veille,48,False,2026-07-26
05,Estrie,Granit,5,2026-07-22,visites_totales_veille,60,False,2026-07-26
05,Estrie,Granit,5,2026-07-23,visites_totales_veille,43,False,2026-07-26
05,Estrie,Granit,5,2026-07-24,visites_totales_veille,39,False,2026-07-26
05,Estrie,Granit,5,2026-07-25,visites_totales_veille,54,False,2026-07-26
05,Estrie,Granit,5,2026-07-26,visites_totales_veille,43,False,2026-07-26
05,Estrie,Granit,5,2026-07-20,taux_occupation,20,False,2026-07-26
05,Estrie,Granit,5,2026-07-21,taux_occupation,60,False,2026-07-26
05,Estrie,Granit,5,2026-07-22,taux_occupation,80,False,2026-07-26
05,Estrie,Granit,5,2026-07-23,taux_occupation,80,False,2026-07-26
05,Estrie,Granit,5,2026-07-24,taux_occupation,60,False,2026-07-26
05,Estrie,Granit,5,2026-07-25,taux_occupation,60,False,2026-07-26
05,Estrie,Granit,5,2026-07-26,taux_occupation,40,False,2026-07-26
05,Estrie,"Hôpital, CLSC et Centre d'hébergement d'Asbestos",7,2026-07-20,patients_sur_civiere,0,False,2026-07-26
05,Estrie,"Hôpital, CLSC et Centre d'hébergement d'Asbestos",7,2026-07-21,patients_sur_civiere,2,False,2026-07-26
05,Estrie,"Hôpital, CLSC et Centre d'hébergement d'Asbestos",7,2026-07-22,patients_sur_civiere,1,False,2026-07-26
05,Estrie,"Hôpital, CLSC et Centre d'hébergement d'Asbestos",7,2026-07-23,patients_sur_civiere,0,False,2026-07-26
05,Estrie,"Hôpital, CLSC et Centre d'hébergement d'Asbestos",7,2026-07-24,patients_sur_civiere,0,False,2026-07-26
05,Estrie,"Hôpital, CLSC et Centre d'hébergement d'Asbestos",7,2026-07-25,patients_sur_civiere,1,False,2026-07-26
05,Estrie,"Hôpital, CLSC et Centre d'hébergement d'Asbestos",7,2026-07-26,patients_sur_civiere,1,False,2026-07-26
05,Estrie,"Hôpital, CLSC et Centre d'hébergement d'Asbestos",7,2026-07-20,patients_24h_plus,0,False,2026-07-26
05,Estrie,"Hôpital, CLSC et Centre d'hébergement d'Asbestos",7,2026-07-21,patients_24h_plus,0,False,2026-07-26
05,Estrie,"Hôpital, CLSC et Centre d'hébergement d'Asbestos",7,2026-07-22,patients_24h_plus,0,False,2026-07-26
05,Estrie,"Hôpital, CLSC et Centre d'hébergement d'Asbestos",7,2026-07-23,patients_24h_plus,0,False,2026-07-26
05,Estrie,"Hôpital, CLSC et Centre d'hébergement d'Asbestos",7,2026-07-24,patients_24h_plus,0,False,2026-07-26
05,Estrie,"Hôpital, CLSC et Centre d'hébergement d'Asbestos",7,2026-07-25,patients_24h_plus,0,False,2026-07-26
05,Estrie,"Hôpital, CLSC et Centre d'hébergement d'Asbestos",7,2026-07-26,patients_24h_plus,0,False,2026-07-26
05,Estrie,"Hôpital, CLSC et Centre d'hébergement d'Asbestos",7,2026-07-20,patients_48h_plus,0,False,2026-07-26
05,Estrie,"Hôpital, CLSC et Centre d'hébergement d'Asbestos",7,2026-07-21,patients_48h_plus,0,False,2026-07-26
05,Estrie,"Hôpital, CLSC et Centre d'hébergement d'Asbestos",7,2026-07-22,patients_48h_plus,0,False,2026-07-26
05,Estrie,"Hôpital, CLSC et Centre d'hébergement d'Asbestos",7,2026-07-23,patients_48h_plus,0,False,2026-07-26
05,Estrie,"Hôpital, CLSC et Centre d'hébergement d'Asbestos",7,2026-07-24,patients_48h_plus,0,False,2026-07-26
05,Estrie,"Hôpital, CLSC et Centre d'hébergement d'Asbestos",7,2026-07-25,patients_48h_plus,0,False,2026-07-26
05,Estrie,"Hôpital, CLSC et Centre d'hébergement d'Asbestos",7,2026-07-26,patients_48h_plus,0,False,2026-07-26
05,Estrie,"Hôpital, CLSC et Centre d'hébergement d'Asbestos",7,2026-07-20,visites_totales_veille,44,False,2026-07-26
05,Estrie,"Hôpital, CLSC et Centre d'hébergement d'Asbestos",7,2026-07-21,visites_totales_veille,47,False,2026-07-26
05,Estrie,"Hôpital, CLSC et Centre d'hébergement d'Asbestos",7,2026-07-22,visites_totales_veille,39,False,2026-07-26
05,Estrie,"Hôpital, CLSC et Centre d'hébergement d'Asbestos",7,2026-07-23,visites_totales_veille,36,False,2026-07-26
05,Estrie,"Hôpital, CLSC et Centre d'hébergement d'Asbestos",7,2026-07-24,visites_totales_veille,46,False,2026-07-26
05,Estrie,"Hôpital, CLSC et Centre d'hébergement d'Asbestos",7,2026-07-25,visites_totales_veille,42,False,2026-07-26
05,Estrie,"Hôpital, CLSC et Centre d'hébergement d'Asbestos",7,2026-07-26,visites_totales_veille,40,False,2026-07-26
05,Estrie,"Hôpital, CLSC et Centre d'hébergement d'Asbestos",7,2026-07-20,taux_occupation,0,False,2026-07-26
05,Estrie,"Hôpital, CLSC et Centre d'hébergement d'Asbestos",7,2026-07-21,taux_occupation,29,False,2026-07-26
05,Estrie,"Hôpital, CLSC et Centre d'hébergement d'Asbestos",7,2026-07-22,taux_occupation,14,False,2026-07-26
05,Estrie,"Hôpital, CLSC et Centre d'hébergement d'Asbestos",7,2026-07-23,taux_occupation,0,False,2026-07-26
05,Estrie,"Hôpital, CLSC et Centre d'hébergement d'Asbestos",7,2026-07-24,taux_occupation,0,False,2026-07-26
05,Estrie,"Hôpital, CLSC et Centre d'hébergement d'Asbestos",7,2026-07-25,taux_occupation,14,False,2026-07-26
05,Estrie,"Hôpital, CLSC et Centre d'hébergement d'Asbestos",7,2026-07-26,taux_occupation,14,False,2026-07-26
05,Estrie,Total (05) Estrie,145,2026-07-20,patients_sur_civiere,141,True,2026-07-26
05,Estrie,Total (05) Estrie,145,2026-07-21,patients_sur_civiere,142,True,2026-07-26
05,Estrie,Total (05) Estrie,145,2026-07-22,patients_sur_civiere,144,True,2026-07-26
05,Estrie,Total (05) Estrie,145,2026-07-23,patients_sur_civiere,121,True,2026-07-26
05,Estrie,Total (05) Estrie,145,2026-07-24,patients_sur_civiere,123,True,2026-07-26
05,Estrie,Total (05) Estrie,145,2026-07-25,patients_sur_civiere,130,True,2026-07-26
05,Estrie,Total (05) Estrie,145,2026-07-26,patients_sur_civiere,145,True,2026-07-26
05,Estrie,Total (05) Estrie,145,2026-07-20,patients_24h_plus,36,True,2026-07-26
05,Estrie,Total (05) Estrie,145,2026-07-21,patients_24h_plus,30,True,2026-07-26
05,Estrie,Total (05) Estrie,145,2026-07-22,patients_24h_plus,33,True,2026-07-26
05,Estrie,Total (05) Estrie,145,2026-07-23,patients_24h_plus,21,True,2026-07-26
05,Estrie,Total (05) Estrie,145,2026-07-24,patients_24h_plus,17,True,2026-07-26
05,Estrie,Total (05) Estrie,145,2026-07-25,patients_24h_plus,23,True,2026-07-26
05,Estrie,Total (05) Estrie,145,2026-07-26,patients_24h_plus,27,True,2026-07-26
05,Estrie,Total (05) Estrie,145,2026-07-20,patients_48h_plus,17,True,2026-07-26
05,Estrie,Total (05) Estrie,145,2026-07-21,patients_48h_plus,8,True,2026-07-26
05,Estrie,Total (05) Estrie,145,2026-07-22,patients_48h_plus,8,True,2026-07-26
05,Estrie,Total (05) Estrie,145,2026-07-23,patients_48h_plus,7,True,2026-07-26
05,Estrie,Total (05) Estrie,145,2026-07-24,patients_48h_plus,6,True,2026-07-26
05,Estrie,Total (05) Estrie,145,2026-07-25,patients_48h_plus,5,True,2026-07-26
05,Estrie,Total (05) Estrie,145,2026-07-26,patients_48h_plus,10,True,2026-07-26
05,Estrie,Total (05) Estrie,145,2026-07-20,visites_totales_veille,635,True,2026-07-26
05,Estrie,Total (05) Estrie,145,2026-07-21,visites_totales_veille,749,True,2026-07-26
05,Estrie,Total (05) Estrie,145,2026-07-22,visites_totales_veille,717,True,2026-07-26
05,Estrie,Total (05) Estrie,145,2026-07-23,visites_totales_veille,653,True,2026-07-26
05,Estrie,Total (05) Estrie,145,2026-07-24,visites_totales_veille,649,True,2026-07-26
05,Estrie,Total (05) Estrie,145,2026-07-25,visites_totales_veille,718,True,2026-07-26
05,Estrie,Total (05) Estrie,145,2026-07-26,visites_totales_veille,670,True,2026-07-26
05,Estrie,Total (05) Estrie,145,2026-07-20,taux_occupation,97,True,2026-07-26
05,Estrie,Total (05) Estrie,145,2026-07-21,taux_occupation,98,True,2026-07-26
05,Estrie,Total (05) Estrie,145,2026-07-22,taux_occupation,99,True,2026-07-26
05,Estrie,Total (05) Estrie,145,2026-07-23,taux_occupation,83,True,2026-07-26
05,Estrie,Total (05) Estrie,145,2026-07-24,taux_occupation,85,True,2026-07-26
05,Estrie,Total (05) Estrie,145,2026-07-25,taux_occupation,90,True,2026-07-26
05,Estrie,Total (05) Estrie,145,2026-07-26,taux_occupation,100,True,2026-07-26
06,Montréal-Centre,Hôpital Maisonneuve-Rosemont,54,2026-07-20,patients_sur_civiere,60,False,2026-07-26
06,Montréal-Centre,Hôpital Maisonneuve-Rosemont,54,2026-07-21,patients_sur_civiere,70,False,2026-07-26
06,Montréal-Centre,Hôpital Maisonneuve-Rosemont,54,2026-07-22,patients_sur_civiere,70,False,2026-07-26
06,Montréal-Centre,Hôpital Maisonneuve-Rosemont,54,2026-07-23,patients_sur_civiere,83,False,2026-07-26
06,Montréal-Centre,Hôpital Maisonneuve-Rosemont,54,2026-07-24,patients_sur_civiere,78,False,2026-07-26
06,Montréal-Centre,Hôpital Maisonneuve-Rosemont,54,2026-07-25,patients_sur_civiere,60,False,2026-07-26
06,Montréal-Centre,Hôpital Maisonneuve-Rosemont,54,2026-07-26,patients_sur_civiere,62,False,2026-07-26
06,Montréal-Centre,Hôpital Maisonneuve-Rosemont,54,2026-07-20,patients_24h_plus,20,False,2026-07-26
06,Montréal-Centre,Hôpital Maisonneuve-Rosemont,54,2026-07-21,patients_24h_plus,28,False,2026-07-26
06,Montréal-Centre,Hôpital Maisonneuve-Rosemont,54,2026-07-22,patients_24h_plus,23,False,2026-07-26
06,Montréal-Centre,Hôpital Maisonneuve-Rosemont,54,2026-07-23,patients_24h_plus,26,False,2026-07-26
06,Montréal-Centre,Hôpital Maisonneuve-Rosemont,54,2026-07-24,patients_24h_plus,27,False,2026-07-26
06,Montréal-Centre,Hôpital Maisonneuve-Rosemont,54,2026-07-25,patients_24h_plus,14,False,2026-07-26
06,Montréal-Centre,Hôpital Maisonneuve-Rosemont,54,2026-07-26,patients_24h_plus,25,False,2026-07-26
06,Montréal-Centre,Hôpital Maisonneuve-Rosemont,54,2026-07-20,patients_48h_plus,5,False,2026-07-26
06,Montréal-Centre,Hôpital Maisonneuve-Rosemont,54,2026-07-21,patients_48h_plus,4,False,2026-07-26
06,Montréal-Centre,Hôpital Maisonneuve-Rosemont,54,2026-07-22,patients_48h_plus,4,False,2026-07-26
06,Montréal-Centre,Hôpital Maisonneuve-Rosemont,54,2026-07-23,patients_48h_plus,5,False,2026-07-26
06,Montréal-Centre,Hôpital Maisonneuve-Rosemont,54,2026-07-24,patients_48h_plus,4,False,2026-07-26
06,Montréal-Centre,Hôpital Maisonneuve-Rosemont,54,2026-07-25,patients_48h_plus,0,False,2026-07-26
06,Montréal-Centre,Hôpital Maisonneuve-Rosemont,54,2026-07-26,patients_48h_plus,4,False,2026-07-26
06,Montréal-Centre,Hôpital Maisonneuve-Rosemont,54,2026-07-20,visites_totales_veille,149,False,2026-07-26
06,Montréal-Centre,Hôpital Maisonneuve-Rosemont,54,2026-07-21,visites_totales_veille,234,False,2026-07-26
06,Montréal-Centre,Hôpital Maisonneuve-Rosemont,54,2026-07-22,visites_totales_veille,225,False,2026-07-26
06,Montréal-Centre,Hôpital Maisonneuve-Rosemont,54,2026-07-23,visites_totales_veille,206,False,2026-07-26
06,Montréal-Centre,Hôpital Maisonneuve-Rosemont,54,2026-07-24,visites_totales_veille,194,False,2026-07-26
06,Montréal-Centre,Hôpital Maisonneuve-Rosemont,54,2026-07-25,visites_totales_veille,197,False,2026-07-26
06,Montréal-Centre,Hôpital Maisonneuve-Rosemont,54,2026-07-26,visites_totales_veille,162,False,2026-07-26
06,Montréal-Centre,Hôpital Maisonneuve-Rosemont,54,2026-07-20,taux_occupation,111,False,2026-07-26
06,Montréal-Centre,Hôpital Maisonneuve-Rosemont,54,2026-07-21,taux_occupation,130,False,2026-07-26
06,Montréal-Centre,Hôpital Maisonneuve-Rosemont,54,2026-07-22,taux_occupation,130,False,2026-07-26
06,Montréal-Centre,Hôpital Maisonneuve-Rosemont,54,2026-07-23,taux_occupation,154,False,2026-07-26
06,Montréal-Centre,Hôpital Maisonneuve-Rosemont,54,2026-07-24,taux_occupation,144,False,2026-07-26
06,Montréal-Centre,Hôpital Maisonneuve-Rosemont,54,2026-07-25,taux_occupation,111,False,2026-07-26
06,Montréal-Centre,Hôpital Maisonneuve-Rosemont,54,2026-07-26,taux_occupation,115,False,2026-07-26
06,Montréal-Centre,Centre hospitalier de l'université de Montréal,51,2026-07-20,patients_sur_civiere,56,False,2026-07-26
06,Montréal-Centre,Centre hospitalier de l'université de Montréal,51,2026-07-21,patients_sur_civiere,63,False,2026-07-26
06,Montréal-Centre,Centre hospitalier de l'université de Montréal,51,2026-07-22,patients_sur_civiere,84,False,2026-07-26
06,Montréal-Centre,Centre hospitalier de l'université de Montréal,51,2026-07-23,patients_sur_civiere,73,False,2026-07-26
06,Montréal-Centre,Centre hospitalier de l'université de Montréal,51,2026-07-24,patients_sur_civiere,76,False,2026-07-26
06,Montréal-Centre,Centre hospitalier de l'université de Montréal,51,2026-07-25,patients_sur_civiere,62,False,2026-07-26
06,Montréal-Centre,Centre hospitalier de l'université de Montréal,51,2026-07-26,patients_sur_civiere,61,False,2026-07-26
06,Montréal-Centre,Centre hospitalier de l'université de Montréal,51,2026-07-20,patients_24h_plus,11,False,2026-07-26
06,Montréal-Centre,Centre hospitalier de l'université de Montréal,51,2026-07-21,patients_24h_plus,14,False,2026-07-26
06,Montréal-Centre,Centre hospitalier de l'université de Montréal,51,2026-07-22,patients_24h_plus,10,False,2026-07-26
06,Montréal-Centre,Centre hospitalier de l'université de Montréal,51,2026-07-23,patients_24h_plus,13,False,2026-07-26
06,Montréal-Centre,Centre hospitalier de l'université de Montréal,51,2026-07-24,patients_24h_plus,15,False,2026-07-26
06,Montréal-Centre,Centre hospitalier de l'université de Montréal,51,2026-07-25,patients_24h_plus,10,False,2026-07-26
06,Montréal-Centre,Centre hospitalier de l'université de Montréal,51,2026-07-26,patients_24h_plus,13,False,2026-07-26
06,Montréal-Centre,Centre hospitalier de l'université de Montréal,51,2026-07-20,patients_48h_plus,4,False,2026-07-26
06,Montréal-Centre,Centre hospitalier de l'université de Montréal,51,2026-07-21,patients_48h_plus,2,False,2026-07-26
06,Montréal-Centre,Centre hospitalier de l'université de Montréal,51,2026-07-22,patients_48h_plus,1,False,2026-07-26
06,Montréal-Centre,Centre hospitalier de l'université de Montréal,51,2026-07-23,patients_48h_plus,2,False,2026-07-26
06,Montréal-Centre,Centre hospitalier de l'université de Montréal,51,2026-07-24,patients_48h_plus,1,False,2026-07-26
06,Montréal-Centre,Centre hospitalier de l'université de Montréal,51,2026-07-25,patients_48h_plus,2,False,2026-07-26
06,Montréal-Centre,Centre hospitalier de l'université de Montréal,51,2026-07-26,patients_48h_plus,5,False,2026-07-26
06,Montréal-Centre,Centre hospitalier de l'université de Montréal,51,2026-07-20,visites_totales_veille,202,False,2026-07-26
06,Montréal-Centre,Centre hospitalier de l'université de Montréal,51,2026-07-21,visites_totales_veille,245,False,2026-07-26
06,Montréal-Centre,Centre hospitalier de l'université de Montréal,51,2026-07-22,visites_totales_veille,233,False,2026-07-26
06,Montréal-Centre,Centre hospitalier de l'université de Montréal,51,2026-07-23,visites_totales_veille,248,False,2026-07-26
06,Montréal-Centre,Centre hospitalier de l'université de Montréal,51,2026-07-24,visites_totales_veille,246,False,2026-07-26
06,Montréal-Centre,Centre hospitalier de l'université de Montréal,51,2026-07-25,visites_totales_veille,224,False,2026-07-26
06,Montréal-Centre,Centre hospitalier de l'université de Montréal,51,2026-07-26,visites_totales_veille,204,False,2026-07-26
06,Montréal-Centre,Centre hospitalier de l'université de Montréal,51,2026-07-20,taux_occupation,110,False,2026-07-26
06,Montréal-Centre,Centre hospitalier de l'université de Montréal,51,2026-07-21,taux_occupation,124,False,2026-07-26
06,Montréal-Centre,Centre hospitalier de l'université de Montréal,51,2026-07-22,taux_occupation,165,False,2026-07-26
06,Montréal-Centre,Centre hospitalier de l'université de Montréal,51,2026-07-23,taux_occupation,143,False,2026-07-26
06,Montréal-Centre,Centre hospitalier de l'université de Montréal,51,2026-07-24,taux_occupation,149,False,2026-07-26
06,Montréal-Centre,Centre hospitalier de l'université de Montréal,51,2026-07-25,taux_occupation,122,False,2026-07-26
06,Montréal-Centre,Centre hospitalier de l'université de Montréal,51,2026-07-26,taux_occupation,120,False,2026-07-26
06,Montréal-Centre,Hôpital Royal Victoria,33,2026-07-20,patients_sur_civiere,65,False,2026-07-26
06,Montréal-Centre,Hôpital Royal Victoria,33,2026-07-21,patients_sur_civiere,65,False,2026-07-26
06,Montréal-Centre,Hôpital Royal Victoria,33,2026-07-22,patients_sur_civiere,81,False,2026-07-26
06,Montréal-Centre,Hôpital Royal Victoria,33,2026-07-23,patients_sur_civiere,74,False,2026-07-26
06,Montréal-Centre,Hôpital Royal Victoria,33,2026-07-24,patients_sur_civiere,56,False,2026-07-26
06,Montréal-Centre,Hôpital Royal Victoria,33,2026-07-25,patients_sur_civiere,63,False,2026-07-26
06,Montréal-Centre,Hôpital Royal Victoria,33,2026-07-26,patients_sur_civiere,68,False,2026-07-26
06,Montréal-Centre,Hôpital Royal Victoria,33,2026-07-20,patients_24h_plus,33,False,2026-07-26
06,Montréal-Centre,Hôpital Royal Victoria,33,2026-07-21,patients_24h_plus,36,False,2026-07-26
06,Montréal-Centre,Hôpital Royal Victoria,33,2026-07-22,patients_24h_plus,40,False,2026-07-26
06,Montréal-Centre,Hôpital Royal Victoria,33,2026-07-23,patients_24h_plus,42,False,2026-07-26
06,Montréal-Centre,Hôpital Royal Victoria,33,2026-07-24,patients_24h_plus,24,False,2026-07-26
06,Montréal-Centre,Hôpital Royal Victoria,33,2026-07-25,patients_24h_plus,25,False,2026-07-26
06,Montréal-Centre,Hôpital Royal Victoria,33,2026-07-26,patients_24h_plus,32,False,2026-07-26
06,Montréal-Centre,Hôpital Royal Victoria,33,2026-07-20,patients_48h_plus,18,False,2026-07-26
06,Montréal-Centre,Hôpital Royal Victoria,33,2026-07-21,patients_48h_plus,14,False,2026-07-26
06,Montréal-Centre,Hôpital Royal Victoria,33,2026-07-22,patients_48h_plus,22,False,2026-07-26
06,Montréal-Centre,Hôpital Royal Victoria,33,2026-07-23,patients_48h_plus,17,False,2026-07-26
06,Montréal-Centre,Hôpital Royal Victoria,33,2026-07-24,patients_48h_plus,13,False,2026-07-26
06,Montréal-Centre,Hôpital Royal Victoria,33,2026-07-25,patients_48h_plus,13,False,2026-07-26
06,Montréal-Centre,Hôpital Royal Victoria,33,2026-07-26,patients_48h_plus,18,False,2026-07-26
06,Montréal-Centre,Hôpital Royal Victoria,33,2026-07-20,visites_totales_veille,130,False,2026-07-26
06,Montréal-Centre,Hôpital Royal Victoria,33,2026-07-21,visites_totales_veille,150,False,2026-07-26
06,Montréal-Centre,Hôpital Royal Victoria,33,2026-07-22,visites_totales_veille,177,False,2026-07-26
06,Montréal-Centre,Hôpital Royal Victoria,33,2026-07-23,visites_totales_veille,147,False,2026-07-26
06,Montréal-Centre,Hôpital Royal Victoria,33,2026-07-24,visites_totales_veille,137,False,2026-07-26
06,Montréal-Centre,Hôpital Royal Victoria,33,2026-07-25,visites_totales_veille,148,False,2026-07-26
06,Montréal-Centre,Hôpital Royal Victoria,33,2026-07-26,visites_totales_veille,143,False,2026-07-26
06,Montréal-Centre,Hôpital Royal Victoria,33,2026-07-20,taux_occupation,197,False,2026-07-26
06,Montréal-Centre,Hôpital Royal Victoria,33,2026-07-21,taux_occupation,197,False,2026-07-26
06,Montréal-Centre,Hôpital Royal Victoria,33,2026-07-22,taux_occupation,245,False,2026-07-26
06,Montréal-Centre,Hôpital Royal Victoria,33,2026-07-23,taux_occupation,224,False,2026-07-26
06,Montréal-Centre,Hôpital Royal Victoria,33,2026-07-24,taux_occupation,170,False,2026-07-26
06,Montréal-Centre,Hôpital Royal Victoria,33,2026-07-25,taux_occupation,191,False,2026-07-26
06,Montréal-Centre,Hôpital Royal Victoria,33,2026-07-26,taux_occupation,206,False,2026-07-26
06,Montréal-Centre,Hôpital de Montréal pour enfants,12,2026-07-20,patients_sur_civiere,22,False,2026-07-26
06,Montréal-Centre,Hôpital de Montréal pour enfants,12,2026-07-21,patients_sur_civiere,12,False,2026-07-26
06,Montréal-Centre,Hôpital de Montréal pour enfants,12,2026-07-22,patients_sur_civiere,12,False,2026-07-26
06,Montréal-Centre,Hôpital de Montréal pour enfants,12,2026-07-23,patients_sur_civiere,10,False,2026-07-26
06,Montréal-Centre,Hôpital de Montréal pour enfants,12,2026-07-24,patients_sur_civiere,14,False,2026-07-26
06,Montréal-Centre,Hôpital de Montréal pour enfants,12,2026-07-25,patients_sur_civiere,13,False,2026-07-26
06,Montréal-Centre,Hôpital de Montréal pour enfants,12,2026-07-26,patients_sur_civiere,9,False,2026-07-26
06,Montréal-Centre,Hôpital de Montréal pour enfants,12,2026-07-20,patients_24h_plus,0,False,2026-07-26
06,Montréal-Centre,Hôpital de Montréal pour enfants,12,2026-07-21,patients_24h_plus,0,False,2026-07-26
06,Montréal-Centre,Hôpital de Montréal pour enfants,12,2026-07-22,patients_24h_plus,0,False,2026-07-26
06,Montréal-Centre,Hôpital de Montréal pour enfants,12,2026-07-23,patients_24h_plus,0,False,2026-07-26
06,Montréal-Centre,Hôpital de Montréal pour enfants,12,2026-07-24,patients_24h_plus,0,False,2026-07-26
06,Montréal-Centre,Hôpital de Montréal pour enfants,12,2026-07-25,patients_24h_plus,0,False,2026-07-26
06,Montréal-Centre,Hôpital de Montréal pour enfants,12,2026-07-26,patients_24h_plus,0,False,2026-07-26
06,Montréal-Centre,Hôpital de Montréal pour enfants,12,2026-07-20,patients_48h_plus,0,False,2026-07-26
06,Montréal-Centre,Hôpital de Montréal pour enfants,12,2026-07-21,patients_48h_plus,0,False,2026-07-26
06,Montréal-Centre,Hôpital de Montréal pour enfants,12,2026-07-22,patients_48h_plus,0,False,2026-07-26
06,Montréal-Centre,Hôpital de Montréal pour enfants,12,2026-07-23,patients_48h_plus,0,False,2026-07-26
06,Montréal-Centre,Hôpital de Montréal pour enfants,12,2026-07-24,patients_48h_plus,0,False,2026-07-26
06,Montréal-Centre,Hôpital de Montréal pour enfants,12,2026-07-25,patients_48h_plus,0,False,2026-07-26
06,Montréal-Centre,Hôpital de Montréal pour enfants,12,2026-07-26,patients_48h_plus,0,False,2026-07-26
06,Montréal-Centre,Hôpital de Montréal pour enfants,12,2026-07-20,visites_totales_veille,173,False,2026-07-26
06,Montréal-Centre,Hôpital de Montréal pour enfants,12,2026-07-21,visites_totales_veille,192,False,2026-07-26
06,Montréal-Centre,Hôpital de Montréal pour enfants,12,2026-07-22,visites_totales_veille,167,False,2026-07-26
06,Montréal-Centre,Hôpital de Montréal pour enfants,12,2026-07-23,visites_totales_veille,155,False,2026-07-26
06,Montréal-Centre,Hôpital de Montréal pour enfants,12,2026-07-24,visites_totales_veille,143,False,2026-07-26
06,Montréal-Centre,Hôpital de Montréal pour enfants,12,2026-07-25,visites_totales_veille,148,False,2026-07-26
06,Montréal-Centre,Hôpital de Montréal pour enfants,12,2026-07-26,visites_totales_veille,133,False,2026-07-26
06,Montréal-Centre,Hôpital de Montréal pour enfants,12,2026-07-20,taux_occupation,183,False,2026-07-26
06,Montréal-Centre,Hôpital de Montréal pour enfants,12,2026-07-21,taux_occupation,100,False,2026-07-26
06,Montréal-Centre,Hôpital de Montréal pour enfants,12,2026-07-22,taux_occupation,100,False,2026-07-26
06,Montréal-Centre,Hôpital de Montréal pour enfants,12,2026-07-23,taux_occupation,83,False,2026-07-26
06,Montréal-Centre,Hôpital de Montréal pour enfants,12,2026-07-24,taux_occupation,117,False,2026-07-26
06,Montréal-Centre,Hôpital de Montréal pour enfants,12,2026-07-25,taux_occupation,108,False,2026-07-26
06,Montréal-Centre,Hôpital de Montréal pour enfants,12,2026-07-26,taux_occupation,75,False,2026-07-26
06,Montréal-Centre,Campus Lachine,14,2026-07-20,patients_sur_civiere,15,False,2026-07-26
06,Montréal-Centre,Campus Lachine,14,2026-07-21,patients_sur_civiere,21,False,2026-07-26
06,Montréal-Centre,Campus Lachine,14,2026-07-22,patients_sur_civiere,17,False,2026-07-26
06,Montréal-Centre,Campus Lachine,14,2026-07-23,patients_sur_civiere,17,False,2026-07-26
06,Montréal-Centre,Campus Lachine,14,2026-07-24,patients_sur_civiere,16,False,2026-07-26
06,Montréal-Centre,Campus Lachine,14,2026-07-25,patients_sur_civiere,15,False,2026-07-26
06,Montréal-Centre,Campus Lachine,14,2026-07-26,patients_sur_civiere,14,False,2026-07-26
06,Montréal-Centre,Campus Lachine,14,2026-07-20,patients_24h_plus,3,False,2026-07-26
06,Montréal-Centre,Campus Lachine,14,2026-07-21,patients_24h_plus,10,False,2026-07-26
06,Montréal-Centre,Campus Lachine,14,2026-07-22,patients_24h_plus,8,False,2026-07-26
06,Montréal-Centre,Campus Lachine,14,2026-07-23,patients_24h_plus,11,False,2026-07-26
06,Montréal-Centre,Campus Lachine,14,2026-07-24,patients_24h_plus,8,False,2026-07-26
06,Montréal-Centre,Campus Lachine,14,2026-07-25,patients_24h_plus,7,False,2026-07-26
06,Montréal-Centre,Campus Lachine,14,2026-07-26,patients_24h_plus,6,False,2026-07-26
06,Montréal-Centre,Campus Lachine,14,2026-07-20,patients_48h_plus,1,False,2026-07-26
06,Montréal-Centre,Campus Lachine,14,2026-07-21,patients_48h_plus,1,False,2026-07-26
06,Montréal-Centre,Campus Lachine,14,2026-07-22,patients_48h_plus,1,False,2026-07-26
06,Montréal-Centre,Campus Lachine,14,2026-07-23,patients_48h_plus,5,False,2026-07-26
06,Montréal-Centre,Campus Lachine,14,2026-07-24,patients_48h_plus,5,False,2026-07-26
06,Montréal-Centre,Campus Lachine,14,2026-07-25,patients_48h_plus,4,False,2026-07-26
06,Montréal-Centre,Campus Lachine,14,2026-07-26,patients_48h_plus,2,False,2026-07-26
06,Montréal-Centre,Campus Lachine,14,2026-07-20,visites_totales_veille,64,False,2026-07-26
06,Montréal-Centre,Campus Lachine,14,2026-07-21,visites_totales_veille,69,False,2026-07-26
06,Montréal-Centre,Campus Lachine,14,2026-07-22,visites_totales_veille,69,False,2026-07-26
06,Montréal-Centre,Campus Lachine,14,2026-07-23,visites_totales_veille,57,False,2026-07-26
06,Montréal-Centre,Campus Lachine,14,2026-07-24,visites_totales_veille,66,False,2026-07-26
06,Montréal-Centre,Campus Lachine,14,2026-07-25,visites_totales_veille,61,False,2026-07-26
06,Montréal-Centre,Campus Lachine,14,2026-07-26,visites_totales_veille,51,False,2026-07-26
06,Montréal-Centre,Campus Lachine,14,2026-07-20,taux_occupation,107,False,2026-07-26
06,Montréal-Centre,Campus Lachine,14,2026-07-21,taux_occupation,150,False,2026-07-26
06,Montréal-Centre,Campus Lachine,14,2026-07-22,taux_occupation,121,False,2026-07-26
06,Montréal-Centre,Campus Lachine,14,2026-07-23,taux_occupation,121,False,2026-07-26
06,Montréal-Centre,Campus Lachine,14,2026-07-24,taux_occupation,114,False,2026-07-26
06,Montréal-Centre,Campus Lachine,14,2026-07-25,taux_occupation,107,False,2026-07-26
06,Montréal-Centre,Campus Lachine,14,2026-07-26,taux_occupation,100,False,2026-07-26
06,Montréal-Centre,Hôpital de Verdun,26,2026-07-20,patients_sur_civiere,32,False,2026-07-26
06,Montréal-Centre,Hôpital de Verdun,26,2026-07-21,patients_sur_civiere,28,False,2026-07-26
06,Montréal-Centre,Hôpital de Verdun,26,2026-07-22,patients_sur_civiere,31,False,2026-07-26
06,Montréal-Centre,Hôpital de Verdun,26,2026-07-23,patients_sur_civiere,28,False,2026-07-26
06,Montréal-Centre,Hôpital de Verdun,26,2026-07-24,patients_sur_civiere,22,False,2026-07-26
06,Montréal-Centre,Hôpital de Verdun,26,2026-07-25,patients_sur_civiere,24,False,2026-07-26
06,Montréal-Centre,Hôpital de Verdun,26,2026-07-26,patients_sur_civiere,21,False,2026-07-26
06,Montréal-Centre,Hôpital de Verdun,26,2026-07-20,patients_24h_plus,4,False,2026-07-26
06,Montréal-Centre,Hôpital de Verdun,26,2026-07-21,patients_24h_plus,6,False,2026-07-26
06,Montréal-Centre,Hôpital de Verdun,26,2026-07-22,patients_24h_plus,5,False,2026-07-26
06,Montréal-Centre,Hôpital de Verdun,26,2026-07-23,patients_24h_plus,3,False,2026-07-26
06,Montréal-Centre,Hôpital de Verdun,26,2026-07-24,patients_24h_plus,1,False,2026-07-26
06,Montréal-Centre,Hôpital de Verdun,26,2026-07-25,patients_24h_plus,0,False,2026-07-26
06,Montréal-Centre,Hôpital de Verdun,26,2026-07-26,patients_24h_plus,1,False,2026-07-26
06,Montréal-Centre,Hôpital de Verdun,26,2026-07-20,patients_48h_plus,0,False,2026-07-26
06,Montréal-Centre,Hôpital de Verdun,26,2026-07-21,patients_48h_plus,0,False,2026-07-26
06,Montréal-Centre,Hôpital de Verdun,26,2026-07-22,patients_48h_plus,0,False,2026-07-26
06,Montréal-Centre,Hôpital de Verdun,26,2026-07-23,patients_48h_plus,0,False,2026-07-26
06,Montréal-Centre,Hôpital de Verdun,26,2026-07-24,patients_48h_plus,0,False,2026-07-26
06,Montréal-Centre,Hôpital de Verdun,26,2026-07-25,patients_48h_plus,0,False,2026-07-26
06,Montréal-Centre,Hôpital de Verdun,26,2026-07-26,patients_48h_plus,0,False,2026-07-26
06,Montréal-Centre,Hôpital de Verdun,26,2026-07-20,visites_totales_veille,105,False,2026-07-26
06,Montréal-Centre,Hôpital de Verdun,26,2026-07-21,visites_totales_veille,150,False,2026-07-26
06,Montréal-Centre,Hôpital de Verdun,26,2026-07-22,visites_totales_veille,139,False,2026-07-26
06,Montréal-Centre,Hôpital de Verdun,26,2026-07-23,visites_totales_veille,123,False,2026-07-26
06,Montréal-Centre,Hôpital de Verdun,26,2026-07-24,visites_totales_veille,118,False,2026-07-26
06,Montréal-Centre,Hôpital de Verdun,26,2026-07-25,visites_totales_veille,142,False,2026-07-26
06,Montréal-Centre,Hôpital de Verdun,26,2026-07-26,visites_totales_veille,119,False,2026-07-26
06,Montréal-Centre,Hôpital de Verdun,26,2026-07-20,taux_occupation,123,False,2026-07-26
06,Montréal-Centre,Hôpital de Verdun,26,2026-07-21,taux_occupation,108,False,2026-07-26
06,Montréal-Centre,Hôpital de Verdun,26,2026-07-22,taux_occupation,119,False,2026-07-26
06,Montréal-Centre,Hôpital de Verdun,26,2026-07-23,taux_occupation,108,False,2026-07-26
06,Montréal-Centre,Hôpital de Verdun,26,2026-07-24,taux_occupation,85,False,2026-07-26
06,Montréal-Centre,Hôpital de Verdun,26,2026-07-25,taux_occupation,92,False,2026-07-26
06,Montréal-Centre,Hôpital de Verdun,26,2026-07-26,taux_occupation,81,False,2026-07-26
06,Montréal-Centre,Hôpital Notre-Dame,35,2026-07-20,patients_sur_civiere,41,False,2026-07-26
06,Montréal-Centre,Hôpital Notre-Dame,35,2026-07-21,patients_sur_civiere,45,False,2026-07-26
06,Montréal-Centre,Hôpital Notre-Dame,35,2026-07-22,patients_sur_civiere,42,False,2026-07-26
06,Montréal-Centre,Hôpital Notre-Dame,35,2026-07-23,patients_sur_civiere,45,False,2026-07-26
06,Montréal-Centre,Hôpital Notre-Dame,35,2026-07-24,patients_sur_civiere,32,False,2026-07-26
06,Montréal-Centre,Hôpital Notre-Dame,35,2026-07-25,patients_sur_civiere,40,False,2026-07-26
06,Montréal-Centre,Hôpital Notre-Dame,35,2026-07-26,patients_sur_civiere,41,False,2026-07-26
06,Montréal-Centre,Hôpital Notre-Dame,35,2026-07-20,patients_24h_plus,14,False,2026-07-26
06,Montréal-Centre,Hôpital Notre-Dame,35,2026-07-21,patients_24h_plus,16,False,2026-07-26
06,Montréal-Centre,Hôpital Notre-Dame,35,2026-07-22,patients_24h_plus,11,False,2026-07-26
06,Montréal-Centre,Hôpital Notre-Dame,35,2026-07-23,patients_24h_plus,15,False,2026-07-26
06,Montréal-Centre,Hôpital Notre-Dame,35,2026-07-24,patients_24h_plus,15,False,2026-07-26
06,Montréal-Centre,Hôpital Notre-Dame,35,2026-07-25,patients_24h_plus,16,False,2026-07-26
06,Montréal-Centre,Hôpital Notre-Dame,35,2026-07-26,patients_24h_plus,15,False,2026-07-26
06,Montréal-Centre,Hôpital Notre-Dame,35,2026-07-20,patients_48h_plus,13,False,2026-07-26
06,Montréal-Centre,Hôpital Notre-Dame,35,2026-07-21,patients_48h_plus,12,False,2026-07-26
06,Montréal-Centre,Hôpital Notre-Dame,35,2026-07-22,patients_48h_plus,9,False,2026-07-26
06,Montréal-Centre,Hôpital Notre-Dame,35,2026-07-23,patients_48h_plus,9,False,2026-07-26
06,Montréal-Centre,Hôpital Notre-Dame,35,2026-07-24,patients_48h_plus,13,False,2026-07-26
06,Montréal-Centre,Hôpital Notre-Dame,35,2026-07-25,patients_48h_plus,13,False,2026-07-26
06,Montréal-Centre,Hôpital Notre-Dame,35,2026-07-26,patients_48h_plus,12,False,2026-07-26
06,Montréal-Centre,Hôpital Notre-Dame,35,2026-07-20,visites_totales_veille,106,False,2026-07-26
06,Montréal-Centre,Hôpital Notre-Dame,35,2026-07-21,visites_totales_veille,127,False,2026-07-26
06,Montréal-Centre,Hôpital Notre-Dame,35,2026-07-22,visites_totales_veille,117,False,2026-07-26
06,Montréal-Centre,Hôpital Notre-Dame,35,2026-07-23,visites_totales_veille,120,False,2026-07-26
06,Montréal-Centre,Hôpital Notre-Dame,35,2026-07-24,visites_totales_veille,104,False,2026-07-26
06,Montréal-Centre,Hôpital Notre-Dame,35,2026-07-25,visites_totales_veille,124,False,2026-07-26
06,Montréal-Centre,Hôpital Notre-Dame,35,2026-07-26,visites_totales_veille,93,False,2026-07-26
06,Montréal-Centre,Hôpital Notre-Dame,35,2026-07-20,taux_occupation,117,False,2026-07-26
06,Montréal-Centre,Hôpital Notre-Dame,35,2026-07-21,taux_occupation,129,False,2026-07-26
06,Montréal-Centre,Hôpital Notre-Dame,35,2026-07-22,taux_occupation,120,False,2026-07-26
06,Montréal-Centre,Hôpital Notre-Dame,35,2026-07-23,taux_occupation,129,False,2026-07-26
06,Montréal-Centre,Hôpital Notre-Dame,35,2026-07-24,taux_occupation,91,False,2026-07-26
06,Montréal-Centre,Hôpital Notre-Dame,35,2026-07-25,taux_occupation,114,False,2026-07-26
06,Montréal-Centre,Hôpital Notre-Dame,35,2026-07-26,taux_occupation,117,False,2026-07-26
06,Montréal-Centre,Hôpital de La Salle,15,2026-07-20,patients_sur_civiere,19,False,2026-07-26
06,Montréal-Centre,Hôpital de La Salle,15,2026-07-21,patients_sur_civiere,23,False,2026-07-26
06,Montréal-Centre,Hôpital de La Salle,15,2026-07-22,patients_sur_civiere,16,False,2026-07-26
06,Montréal-Centre,Hôpital de La Salle,15,2026-07-23,patients_sur_civiere,17,False,2026-07-26
06,Montréal-Centre,Hôpital de La Salle,15,2026-07-24,patients_sur_civiere,19,False,2026-07-26
06,Montréal-Centre,Hôpital de La Salle,15,2026-07-25,patients_sur_civiere,18,False,2026-07-26
06,Montréal-Centre,Hôpital de La Salle,15,2026-07-26,patients_sur_civiere,19,False,2026-07-26
06,Montréal-Centre,Hôpital de La Salle,15,2026-07-20,patients_24h_plus,11,False,2026-07-26
06,Montréal-Centre,Hôpital de La Salle,15,2026-07-21,patients_24h_plus,5,False,2026-07-26
06,Montréal-Centre,Hôpital de La Salle,15,2026-07-22,patients_24h_plus,6,False,2026-07-26
06,Montréal-Centre,Hôpital de La Salle,15,2026-07-23,patients_24h_plus,8,False,2026-07-26
06,Montréal-Centre,Hôpital de La Salle,15,2026-07-24,patients_24h_plus,8,False,2026-07-26
06,Montréal-Centre,Hôpital de La Salle,15,2026-07-25,patients_24h_plus,9,False,2026-07-26
06,Montréal-Centre,Hôpital de La Salle,15,2026-07-26,patients_24h_plus,11,False,2026-07-26
06,Montréal-Centre,Hôpital de La Salle,15,2026-07-20,patients_48h_plus,3,False,2026-07-26
06,Montréal-Centre,Hôpital de La Salle,15,2026-07-21,patients_48h_plus,4,False,2026-07-26
06,Montréal-Centre,Hôpital de La Salle,15,2026-07-22,patients_48h_plus,3,False,2026-07-26
06,Montréal-Centre,Hôpital de La Salle,15,2026-07-23,patients_48h_plus,1,False,2026-07-26
06,Montréal-Centre,Hôpital de La Salle,15,2026-07-24,patients_48h_plus,6,False,2026-07-26
06,Montréal-Centre,Hôpital de La Salle,15,2026-07-25,patients_48h_plus,3,False,2026-07-26
06,Montréal-Centre,Hôpital de La Salle,15,2026-07-26,patients_48h_plus,7,False,2026-07-26
06,Montréal-Centre,Hôpital de La Salle,15,2026-07-20,visites_totales_veille,69,False,2026-07-26
06,Montréal-Centre,Hôpital de La Salle,15,2026-07-21,visites_totales_veille,82,False,2026-07-26
06,Montréal-Centre,Hôpital de La Salle,15,2026-07-22,visites_totales_veille,90,False,2026-07-26
06,Montréal-Centre,Hôpital de La Salle,15,2026-07-23,visites_totales_veille,77,False,2026-07-26
06,Montréal-Centre,Hôpital de La Salle,15,2026-07-24,visites_totales_veille,69,False,2026-07-26
06,Montréal-Centre,Hôpital de La Salle,15,2026-07-25,visites_totales_veille,88,False,2026-07-26
06,Montréal-Centre,Hôpital de La Salle,15,2026-07-26,visites_totales_veille,69,False,2026-07-26
06,Montréal-Centre,Hôpital de La Salle,15,2026-07-20,taux_occupation,127,False,2026-07-26
06,Montréal-Centre,Hôpital de La Salle,15,2026-07-21,taux_occupation,153,False,2026-07-26
06,Montréal-Centre,Hôpital de La Salle,15,2026-07-22,taux_occupation,107,False,2026-07-26
06,Montréal-Centre,Hôpital de La Salle,15,2026-07-23,taux_occupation,113,False,2026-07-26
06,Montréal-Centre,Hôpital de La Salle,15,2026-07-24,taux_occupation,127,False,2026-07-26
06,Montréal-Centre,Hôpital de La Salle,15,2026-07-25,taux_occupation,120,False,2026-07-26
06,Montréal-Centre,Hôpital de La Salle,15,2026-07-26,taux_occupation,127,False,2026-07-26
06,Montréal-Centre,Hôpital général du Lakeshore,31,2026-07-20,patients_sur_civiere,58,False,2026-07-26
06,Montréal-Centre,Hôpital général du Lakeshore,31,2026-07-21,patients_sur_civiere,63,False,2026-07-26
06,Montréal-Centre,Hôpital général du Lakeshore,31,2026-07-22,patients_sur_civiere,53,False,2026-07-26
06,Montréal-Centre,Hôpital général du Lakeshore,31,2026-07-23,patients_sur_civiere,63,False,2026-07-26
06,Montréal-Centre,Hôpital général du Lakeshore,31,2026-07-24,patients_sur_civiere,59,False,2026-07-26
06,Montréal-Centre,Hôpital général du Lakeshore,31,2026-07-25,patients_sur_civiere,55,False,2026-07-26
06,Montréal-Centre,Hôpital général du Lakeshore,31,2026-07-26,patients_sur_civiere,56,False,2026-07-26
06,Montréal-Centre,Hôpital général du Lakeshore,31,2026-07-20,patients_24h_plus,33,False,2026-07-26
06,Montréal-Centre,Hôpital général du Lakeshore,31,2026-07-21,patients_24h_plus,26,False,2026-07-26
06,Montréal-Centre,Hôpital général du Lakeshore,31,2026-07-22,patients_24h_plus,25,False,2026-07-26
06,Montréal-Centre,Hôpital général du Lakeshore,31,2026-07-23,patients_24h_plus,28,False,2026-07-26
06,Montréal-Centre,Hôpital général du Lakeshore,31,2026-07-24,patients_24h_plus,27,False,2026-07-26
06,Montréal-Centre,Hôpital général du Lakeshore,31,2026-07-25,patients_24h_plus,24,False,2026-07-26
06,Montréal-Centre,Hôpital général du Lakeshore,31,2026-07-26,patients_24h_plus,32,False,2026-07-26
06,Montréal-Centre,Hôpital général du Lakeshore,31,2026-07-20,patients_48h_plus,22,False,2026-07-26
06,Montréal-Centre,Hôpital général du Lakeshore,31,2026-07-21,patients_48h_plus,19,False,2026-07-26
06,Montréal-Centre,Hôpital général du Lakeshore,31,2026-07-22,patients_48h_plus,12,False,2026-07-26
06,Montréal-Centre,Hôpital général du Lakeshore,31,2026-07-23,patients_48h_plus,15,False,2026-07-26
06,Montréal-Centre,Hôpital général du Lakeshore,31,2026-07-24,patients_48h_plus,13,False,2026-07-26
06,Montréal-Centre,Hôpital général du Lakeshore,31,2026-07-25,patients_48h_plus,14,False,2026-07-26
06,Montréal-Centre,Hôpital général du Lakeshore,31,2026-07-26,patients_48h_plus,16,False,2026-07-26
06,Montréal-Centre,Hôpital général du Lakeshore,31,2026-07-20,visites_totales_veille,99,False,2026-07-26
06,Montréal-Centre,Hôpital général du Lakeshore,31,2026-07-21,visites_totales_veille,126,False,2026-07-26
06,Montréal-Centre,Hôpital général du Lakeshore,31,2026-07-22,visites_totales_veille,107,False,2026-07-26
06,Montréal-Centre,Hôpital général du Lakeshore,31,2026-07-23,visites_totales_veille,105,False,2026-07-26
06,Montréal-Centre,Hôpital général du Lakeshore,31,2026-07-24,visites_totales_veille,118,False,2026-07-26
06,Montréal-Centre,Hôpital général du Lakeshore,31,2026-07-25,visites_totales_veille,102,False,2026-07-26
06,Montréal-Centre,Hôpital général du Lakeshore,31,2026-07-26,visites_totales_veille,99,False,2026-07-26
06,Montréal-Centre,Hôpital général du Lakeshore,31,2026-07-20,taux_occupation,187,False,2026-07-26
06,Montréal-Centre,Hôpital général du Lakeshore,31,2026-07-21,taux_occupation,203,False,2026-07-26
06,Montréal-Centre,Hôpital général du Lakeshore,31,2026-07-22,taux_occupation,171,False,2026-07-26
06,Montréal-Centre,Hôpital général du Lakeshore,31,2026-07-23,taux_occupation,203,False,2026-07-26
06,Montréal-Centre,Hôpital général du Lakeshore,31,2026-07-24,taux_occupation,190,False,2026-07-26
06,Montréal-Centre,Hôpital général du Lakeshore,31,2026-07-25,taux_occupation,177,False,2026-07-26
06,Montréal-Centre,Hôpital général du Lakeshore,31,2026-07-26,taux_occupation,181,False,2026-07-26
06,Montréal-Centre,CHU Sainte-Justine,16,2026-07-20,patients_sur_civiere,10,False,2026-07-26
06,Montréal-Centre,CHU Sainte-Justine,16,2026-07-21,patients_sur_civiere,12,False,2026-07-26
06,Montréal-Centre,CHU Sainte-Justine,16,2026-07-22,patients_sur_civiere,13,False,2026-07-26
06,Montréal-Centre,CHU Sainte-Justine,16,2026-07-23,patients_sur_civiere,9,False,2026-07-26
06,Montréal-Centre,CHU Sainte-Justine,16,2026-07-24,patients_sur_civiere,5,False,2026-07-26
06,Montréal-Centre,CHU Sainte-Justine,16,2026-07-25,patients_sur_civiere,11,False,2026-07-26
06,Montréal-Centre,CHU Sainte-Justine,16,2026-07-26,patients_sur_civiere,9,False,2026-07-26
06,Montréal-Centre,CHU Sainte-Justine,16,2026-07-20,patients_24h_plus,1,False,2026-07-26
06,Montréal-Centre,CHU Sainte-Justine,16,2026-07-21,patients_24h_plus,0,False,2026-07-26
06,Montréal-Centre,CHU Sainte-Justine,16,2026-07-22,patients_24h_plus,0,False,2026-07-26
06,Montréal-Centre,CHU Sainte-Justine,16,2026-07-23,patients_24h_plus,0,False,2026-07-26
06,Montréal-Centre,CHU Sainte-Justine,16,2026-07-24,patients_24h_plus,0,False,2026-07-26
06,Montréal-Centre,CHU Sainte-Justine,16,2026-07-25,patients_24h_plus,0,False,2026-07-26
06,Montréal-Centre,CHU Sainte-Justine,16,2026-07-26,patients_24h_plus,0,False,2026-07-26
06,Montréal-Centre,CHU Sainte-Justine,16,2026-07-20,patients_48h_plus,0,False,2026-07-26
06,Montréal-Centre,CHU Sainte-Justine,16,2026-07-21,patients_48h_plus,0,False,2026-07-26
06,Montréal-Centre,CHU Sainte-Justine,16,2026-07-22,patients_48h_plus,0,False,2026-07-26
06,Montréal-Centre,CHU Sainte-Justine,16,2026-07-23,patients_48h_plus,0,False,2026-07-26
06,Montréal-Centre,CHU Sainte-Justine,16,2026-07-24,patients_48h_plus,0,False,2026-07-26
06,Montréal-Centre,CHU Sainte-Justine,16,2026-07-25,patients_48h_plus,0,False,2026-07-26
06,Montréal-Centre,CHU Sainte-Justine,16,2026-07-26,patients_48h_plus,0,False,2026-07-26
06,Montréal-Centre,CHU Sainte-Justine,16,2026-07-20,visites_totales_veille,169,False,2026-07-26
06,Montréal-Centre,CHU Sainte-Justine,16,2026-07-21,visites_totales_veille,178,False,2026-07-26
06,Montréal-Centre,CHU Sainte-Justine,16,2026-07-22,visites_totales_veille,186,False,2026-07-26
06,Montréal-Centre,CHU Sainte-Justine,16,2026-07-23,visites_totales_veille,142,False,2026-07-26
06,Montréal-Centre,CHU Sainte-Justine,16,2026-07-24,visites_totales_veille,150,False,2026-07-26
06,Montréal-Centre,CHU Sainte-Justine,16,2026-07-25,visites_totales_veille,147,False,2026-07-26
06,Montréal-Centre,CHU Sainte-Justine,16,2026-07-26,visites_totales_veille,158,False,2026-07-26
06,Montréal-Centre,CHU Sainte-Justine,16,2026-07-20,taux_occupation,63,False,2026-07-26
06,Montréal-Centre,CHU Sainte-Justine,16,2026-07-21,taux_occupation,75,False,2026-07-26
06,Montréal-Centre,CHU Sainte-Justine,16,2026-07-22,taux_occupation,81,False,2026-07-26
06,Montréal-Centre,CHU Sainte-Justine,16,2026-07-23,taux_occupation,56,False,2026-07-26
06,Montréal-Centre,CHU Sainte-Justine,16,2026-07-24,taux_occupation,31,False,2026-07-26
06,Montréal-Centre,CHU Sainte-Justine,16,2026-07-25,taux_occupation,69,False,2026-07-26
06,Montréal-Centre,CHU Sainte-Justine,16,2026-07-26,taux_occupation,56,False,2026-07-26
06,Montréal-Centre,Total (06) Montréal,287,2026-07-20,patients_sur_civiere,378,True,2026-07-26
06,Montréal-Centre,Total (06) Montréal,287,2026-07-21,patients_sur_civiere,402,True,2026-07-26
06,Montréal-Centre,Total (06) Montréal,287,2026-07-22,patients_sur_civiere,419,True,2026-07-26
06,Montréal-Centre,Total (06) Montréal,287,2026-07-23,patients_sur_civiere,419,True,2026-07-26
06,Montréal-Centre,Total (06) Montréal,287,2026-07-24,patients_sur_civiere,377,True,2026-07-26
06,Montréal-Centre,Total (06) Montréal,287,2026-07-25,patients_sur_civiere,361,True,2026-07-26
06,Montréal-Centre,Total (06) Montréal,287,2026-07-26,patients_sur_civiere,360,True,2026-07-26
06,Montréal-Centre,Total (06) Montréal,287,2026-07-20,patients_24h_plus,130,True,2026-07-26
06,Montréal-Centre,Total (06) Montréal,287,2026-07-21,patients_24h_plus,141,True,2026-07-26
06,Montréal-Centre,Total (06) Montréal,287,2026-07-22,patients_24h_plus,128,True,2026-07-26
06,Montréal-Centre,Total (06) Montréal,287,2026-07-23,patients_24h_plus,146,True,2026-07-26
06,Montréal-Centre,Total (06) Montréal,287,2026-07-24,patients_24h_plus,125,True,2026-07-26
06,Montréal-Centre,Total (06) Montréal,287,2026-07-25,patients_24h_plus,105,True,2026-07-26
06,Montréal-Centre,Total (06) Montréal,287,2026-07-26,patients_24h_plus,135,True,2026-07-26
06,Montréal-Centre,Total (06) Montréal,287,2026-07-20,patients_48h_plus,66,True,2026-07-26
06,Montréal-Centre,Total (06) Montréal,287,2026-07-21,patients_48h_plus,56,True,2026-07-26
06,Montréal-Centre,Total (06) Montréal,287,2026-07-22,patients_48h_plus,52,True,2026-07-26
06,Montréal-Centre,Total (06) Montréal,287,2026-07-23,patients_48h_plus,54,True,2026-07-26
06,Montréal-Centre,Total (06) Montréal,287,2026-07-24,patients_48h_plus,55,True,2026-07-26
06,Montréal-Centre,Total (06) Montréal,287,2026-07-25,patients_48h_plus,49,True,2026-07-26
06,Montréal-Centre,Total (06) Montréal,287,2026-07-26,patients_48h_plus,64,True,2026-07-26
06,Montréal-Centre,Total (06) Montréal,287,2026-07-20,visites_totales_veille,1266,True,2026-07-26
06,Montréal-Centre,Total (06) Montréal,287,2026-07-21,visites_totales_veille,1553,True,2026-07-26
06,Montréal-Centre,Total (06) Montréal,287,2026-07-22,visites_totales_veille,1510,True,2026-07-26
06,Montréal-Centre,Total (06) Montréal,287,2026-07-23,visites_totales_veille,1380,True,2026-07-26
06,Montréal-Centre,Total (06) Montréal,287,2026-07-24,visites_totales_veille,1345,True,2026-07-26
06,Montréal-Centre,Total (06) Montréal,287,2026-07-25,visites_totales_veille,1381,True,2026-07-26
06,Montréal-Centre,Total (06) Montréal,287,2026-07-26,visites_totales_veille,1231,True,2026-07-26
06,Montréal-Centre,Total (06) Montréal,287,2026-07-20,taux_occupation,132,True,2026-07-26
06,Montréal-Centre,Total (06) Montréal,287,2026-07-21,taux_occupation,140,True,2026-07-26
06,Montréal-Centre,Total (06) Montréal,287,2026-07-22,taux_occupation,146,True,2026-07-26
06,Montréal-Centre,Total (06) Montréal,287,2026-07-23,taux_occupation,146,True,2026-07-26
06,Montréal-Centre,Total (06) Montréal,287,2026-07-24,taux_occupation,131,True,2026-07-26
06,Montréal-Centre,Total (06) Montréal,287,2026-07-25,taux_occupation,126,True,2026-07-26
06,Montréal-Centre,Total (06) Montréal,287,2026-07-26,taux_occupation,125,True,2026-07-26
07,Outaouais,Hôpital du Pontiac,4,2026-07-20,patients_sur_civiere,4,False,2026-07-26
07,Outaouais,Hôpital du Pontiac,4,2026-07-21,patients_sur_civiere,2,False,2026-07-26
07,Outaouais,Hôpital du Pontiac,4,2026-07-22,patients_sur_civiere,1,False,2026-07-26
07,Outaouais,Hôpital du Pontiac,4,2026-07-23,patients_sur_civiere,1,False,2026-07-26
07,Outaouais,Hôpital du Pontiac,4,2026-07-24,patients_sur_civiere,0,False,2026-07-26
07,Outaouais,Hôpital du Pontiac,4,2026-07-25,patients_sur_civiere,0,False,2026-07-26
07,Outaouais,Hôpital du Pontiac,4,2026-07-26,patients_sur_civiere,1,False,2026-07-26
07,Outaouais,Hôpital du Pontiac,4,2026-07-20,patients_24h_plus,0,False,2026-07-26
07,Outaouais,Hôpital du Pontiac,4,2026-07-21,patients_24h_plus,0,False,2026-07-26
07,Outaouais,Hôpital du Pontiac,4,2026-07-22,patients_24h_plus,0,False,2026-07-26
07,Outaouais,Hôpital du Pontiac,4,2026-07-23,patients_24h_plus,0,False,2026-07-26
07,Outaouais,Hôpital du Pontiac,4,2026-07-24,patients_24h_plus,0,False,2026-07-26
07,Outaouais,Hôpital du Pontiac,4,2026-07-25,patients_24h_plus,0,False,2026-07-26
07,Outaouais,Hôpital du Pontiac,4,2026-07-26,patients_24h_plus,0,False,2026-07-26
07,Outaouais,Hôpital du Pontiac,4,2026-07-20,patients_48h_plus,0,False,2026-07-26
07,Outaouais,Hôpital du Pontiac,4,2026-07-21,patients_48h_plus,0,False,2026-07-26
07,Outaouais,Hôpital du Pontiac,4,2026-07-22,patients_48h_plus,0,False,2026-07-26
07,Outaouais,Hôpital du Pontiac,4,2026-07-23,patients_48h_plus,0,False,2026-07-26
07,Outaouais,Hôpital du Pontiac,4,2026-07-24,patients_48h_plus,0,False,2026-07-26
07,Outaouais,Hôpital du Pontiac,4,2026-07-25,patients_48h_plus,0,False,2026-07-26
07,Outaouais,Hôpital du Pontiac,4,2026-07-26,patients_48h_plus,0,False,2026-07-26
07,Outaouais,Hôpital du Pontiac,4,2026-07-20,visites_totales_veille,34,False,2026-07-26
07,Outaouais,Hôpital du Pontiac,4,2026-07-21,visites_totales_veille,41,False,2026-07-26
07,Outaouais,Hôpital du Pontiac,4,2026-07-22,visites_totales_veille,37,False,2026-07-26
07,Outaouais,Hôpital du Pontiac,4,2026-07-23,visites_totales_veille,38,False,2026-07-26
07,Outaouais,Hôpital du Pontiac,4,2026-07-24,visites_totales_veille,31,False,2026-07-26
07,Outaouais,Hôpital du Pontiac,4,2026-07-25,visites_totales_veille,32,False,2026-07-26
07,Outaouais,Hôpital du Pontiac,4,2026-07-26,visites_totales_veille,40,False,2026-07-26
07,Outaouais,Hôpital du Pontiac,4,2026-07-20,taux_occupation,100,False,2026-07-26
07,Outaouais,Hôpital du Pontiac,4,2026-07-21,taux_occupation,50,False,2026-07-26
07,Outaouais,Hôpital du Pontiac,4,2026-07-22,taux_occupation,25,False,2026-07-26
07,Outaouais,Hôpital du Pontiac,4,2026-07-23,taux_occupation,25,False,2026-07-26
07,Outaouais,Hôpital du Pontiac,4,2026-07-24,taux_occupation,0,False,2026-07-26
07,Outaouais,Hôpital du Pontiac,4,2026-07-25,taux_occupation,0,False,2026-07-26
07,Outaouais,Hôpital du Pontiac,4,2026-07-26,taux_occupation,25,False,2026-07-26
07,Outaouais,Hôpital de Hull,25,2026-07-20,patients_sur_civiere,42,False,2026-07-26
07,Outaouais,Hôpital de Hull,25,2026-07-21,patients_sur_civiere,35,False,2026-07-26
07,Outaouais,Hôpital de Hull,25,2026-07-22,patients_sur_civiere,34,False,2026-07-26
07,Outaouais,Hôpital de Hull,25,2026-07-23,patients_sur_civiere,42,False,2026-07-26
07,Outaouais,Hôpital de Hull,25,2026-07-24,patients_sur_civiere,40,False,2026-07-26
07,Outaouais,Hôpital de Hull,25,2026-07-25,patients_sur_civiere,24,False,2026-07-26
07,Outaouais,Hôpital de Hull,25,2026-07-26,patients_sur_civiere,47,False,2026-07-26
07,Outaouais,Hôpital de Hull,25,2026-07-20,patients_24h_plus,19,False,2026-07-26
07,Outaouais,Hôpital de Hull,25,2026-07-21,patients_24h_plus,12,False,2026-07-26
07,Outaouais,Hôpital de Hull,25,2026-07-22,patients_24h_plus,12,False,2026-07-26
07,Outaouais,Hôpital de Hull,25,2026-07-23,patients_24h_plus,8,False,2026-07-26
07,Outaouais,Hôpital de Hull,25,2026-07-24,patients_24h_plus,9,False,2026-07-26
07,Outaouais,Hôpital de Hull,25,2026-07-25,patients_24h_plus,7,False,2026-07-26
07,Outaouais,Hôpital de Hull,25,2026-07-26,patients_24h_plus,13,False,2026-07-26
07,Outaouais,Hôpital de Hull,25,2026-07-20,patients_48h_plus,1,False,2026-07-26
07,Outaouais,Hôpital de Hull,25,2026-07-21,patients_48h_plus,6,False,2026-07-26
07,Outaouais,Hôpital de Hull,25,2026-07-22,patients_48h_plus,4,False,2026-07-26
07,Outaouais,Hôpital de Hull,25,2026-07-23,patients_48h_plus,1,False,2026-07-26
07,Outaouais,Hôpital de Hull,25,2026-07-24,patients_48h_plus,1,False,2026-07-26
07,Outaouais,Hôpital de Hull,25,2026-07-25,patients_48h_plus,1,False,2026-07-26
07,Outaouais,Hôpital de Hull,25,2026-07-26,patients_48h_plus,4,False,2026-07-26
07,Outaouais,Hôpital de Hull,25,2026-07-20,visites_totales_veille,96,False,2026-07-26
07,Outaouais,Hôpital de Hull,25,2026-07-21,visites_totales_veille,116,False,2026-07-26
07,Outaouais,Hôpital de Hull,25,2026-07-22,visites_totales_veille,109,False,2026-07-26
07,Outaouais,Hôpital de Hull,25,2026-07-23,visites_totales_veille,102,False,2026-07-26
07,Outaouais,Hôpital de Hull,25,2026-07-24,visites_totales_veille,113,False,2026-07-26
07,Outaouais,Hôpital de Hull,25,2026-07-25,visites_totales_veille,97,False,2026-07-26
07,Outaouais,Hôpital de Hull,25,2026-07-26,visites_totales_veille,93,False,2026-07-26
07,Outaouais,Hôpital de Hull,25,2026-07-20,taux_occupation,168,False,2026-07-26
07,Outaouais,Hôpital de Hull,25,2026-07-21,taux_occupation,140,False,2026-07-26
07,Outaouais,Hôpital de Hull,25,2026-07-22,taux_occupation,136,False,2026-07-26
07,Outaouais,Hôpital de Hull,25,2026-07-23,taux_occupation,168,False,2026-07-26
07,Outaouais,Hôpital de Hull,25,2026-07-24,taux_occupation,160,False,2026-07-26
07,Outaouais,Hôpital de Hull,25,2026-07-25,taux_occupation,96,False,2026-07-26
07,Outaouais,Hôpital de Hull,25,2026-07-26,taux_occupation,188,False,2026-07-26
07,Outaouais,Hôpital de Gatineau,28,2026-07-20,patients_sur_civiere,36,False,2026-07-26
07,Outaouais,Hôpital de Gatineau,28,2026-07-21,patients_sur_civiere,49,False,2026-07-26
07,Outaouais,Hôpital de Gatineau,28,2026-07-22,patients_sur_civiere,44,False,2026-07-26
07,Outaouais,Hôpital de Gatineau,28,2026-07-23,patients_sur_civiere,39,False,2026-07-26
07,Outaouais,Hôpital de Gatineau,28,2026-07-24,patients_sur_civiere,45,False,2026-07-26
07,Outaouais,Hôpital de Gatineau,28,2026-07-25,patients_sur_civiere,28,False,2026-07-26
07,Outaouais,Hôpital de Gatineau,28,2026-07-26,patients_sur_civiere,40,False,2026-07-26
07,Outaouais,Hôpital de Gatineau,28,2026-07-20,patients_24h_plus,22,False,2026-07-26
07,Outaouais,Hôpital de Gatineau,28,2026-07-21,patients_24h_plus,17,False,2026-07-26
07,Outaouais,Hôpital de Gatineau,28,2026-07-22,patients_24h_plus,19,False,2026-07-26
07,Outaouais,Hôpital de Gatineau,28,2026-07-23,patients_24h_plus,13,False,2026-07-26
07,Outaouais,Hôpital de Gatineau,28,2026-07-24,patients_24h_plus,13,False,2026-07-26
07,Outaouais,Hôpital de Gatineau,28,2026-07-25,patients_24h_plus,9,False,2026-07-26
07,Outaouais,Hôpital de Gatineau,28,2026-07-26,patients_24h_plus,8,False,2026-07-26
07,Outaouais,Hôpital de Gatineau,28,2026-07-20,patients_48h_plus,15,False,2026-07-26
07,Outaouais,Hôpital de Gatineau,28,2026-07-21,patients_48h_plus,14,False,2026-07-26
07,Outaouais,Hôpital de Gatineau,28,2026-07-22,patients_48h_plus,6,False,2026-07-26
07,Outaouais,Hôpital de Gatineau,28,2026-07-23,patients_48h_plus,9,False,2026-07-26
07,Outaouais,Hôpital de Gatineau,28,2026-07-24,patients_48h_plus,6,False,2026-07-26
07,Outaouais,Hôpital de Gatineau,28,2026-07-25,patients_48h_plus,2,False,2026-07-26
07,Outaouais,Hôpital de Gatineau,28,2026-07-26,patients_48h_plus,2,False,2026-07-26
07,Outaouais,Hôpital de Gatineau,28,2026-07-20,visites_totales_veille,75,False,2026-07-26
07,Outaouais,Hôpital de Gatineau,28,2026-07-21,visites_totales_veille,138,False,2026-07-26
07,Outaouais,Hôpital de Gatineau,28,2026-07-22,visites_totales_veille,105,False,2026-07-26
07,Outaouais,Hôpital de Gatineau,28,2026-07-23,visites_totales_veille,92,False,2026-07-26
07,Outaouais,Hôpital de Gatineau,28,2026-07-24,visites_totales_veille,120,False,2026-07-26
07,Outaouais,Hôpital de Gatineau,28,2026-07-25,visites_totales_veille,103,False,2026-07-26
07,Outaouais,Hôpital de Gatineau,28,2026-07-26,visites_totales_veille,92,False,2026-07-26
07,Outaouais,Hôpital de Gatineau,28,2026-07-20,taux_occupation,129,False,2026-07-26
07,Outaouais,Hôpital de Gatineau,28,2026-07-21,taux_occupation,175,False,2026-07-26
07,Outaouais,Hôpital de Gatineau,28,2026-07-22,taux_occupation,157,False,2026-07-26
07,Outaouais,Hôpital de Gatineau,28,2026-07-23,taux_occupation,139,False,2026-07-26
07,Outaouais,Hôpital de Gatineau,28,2026-07-24,taux_occupation,161,False,2026-07-26
07,Outaouais,Hôpital de Gatineau,28,2026-07-25,taux_occupation,100,False,2026-07-26
07,Outaouais,Hôpital de Gatineau,28,2026-07-26,taux_occupation,143,False,2026-07-26
07,Outaouais,Hôpital de Papineau,12,2026-07-20,patients_sur_civiere,7,False,2026-07-26
07,Outaouais,Hôpital de Papineau,12,2026-07-21,patients_sur_civiere,15,False,2026-07-26
07,Outaouais,Hôpital de Papineau,12,2026-07-22,patients_sur_civiere,14,False,2026-07-26
07,Outaouais,Hôpital de Papineau,12,2026-07-23,patients_sur_civiere,16,False,2026-07-26
07,Outaouais,Hôpital de Papineau,12,2026-07-24,patients_sur_civiere,15,False,2026-07-26
07,Outaouais,Hôpital de Papineau,12,2026-07-25,patients_sur_civiere,14,False,2026-07-26
07,Outaouais,Hôpital de Papineau,12,2026-07-26,patients_sur_civiere,12,False,2026-07-26
07,Outaouais,Hôpital de Papineau,12,2026-07-20,patients_24h_plus,2,False,2026-07-26
07,Outaouais,Hôpital de Papineau,12,2026-07-21,patients_24h_plus,1,False,2026-07-26
07,Outaouais,Hôpital de Papineau,12,2026-07-22,patients_24h_plus,4,False,2026-07-26
07,Outaouais,Hôpital de Papineau,12,2026-07-23,patients_24h_plus,2,False,2026-07-26
07,Outaouais,Hôpital de Papineau,12,2026-07-24,patients_24h_plus,0,False,2026-07-26
07,Outaouais,Hôpital de Papineau,12,2026-07-25,patients_24h_plus,2,False,2026-07-26
07,Outaouais,Hôpital de Papineau,12,2026-07-26,patients_24h_plus,2,False,2026-07-26
07,Outaouais,Hôpital de Papineau,12,2026-07-20,patients_48h_plus,0,False,2026-07-26
07,Outaouais,Hôpital de Papineau,12,2026-07-21,patients_48h_plus,1,False,2026-07-26
07,Outaouais,Hôpital de Papineau,12,2026-07-22,patients_48h_plus,0,False,2026-07-26
07,Outaouais,Hôpital de Papineau,12,2026-07-23,patients_48h_plus,1,False,2026-07-26
07,Outaouais,Hôpital de Papineau,12,2026-07-24,patients_48h_plus,0,False,2026-07-26
07,Outaouais,Hôpital de Papineau,12,2026-07-25,patients_48h_plus,0,False,2026-07-26
07,Outaouais,Hôpital de Papineau,12,2026-07-26,patients_48h_plus,0,False,2026-07-26
07,Outaouais,Hôpital de Papineau,12,2026-07-20,visites_totales_veille,77,False,2026-07-26
07,Outaouais,Hôpital de Papineau,12,2026-07-21,visites_totales_veille,87,False,2026-07-26
07,Outaouais,Hôpital de Papineau,12,2026-07-22,visites_totales_veille,78,False,2026-07-26
07,Outaouais,Hôpital de Papineau,12,2026-07-23,visites_totales_veille,65,False,2026-07-26
07,Outaouais,Hôpital de Papineau,12,2026-07-24,visites_totales_veille,75,False,2026-07-26
07,Outaouais,Hôpital de Papineau,12,2026-07-25,visites_totales_veille,60,False,2026-07-26
07,Outaouais,Hôpital de Papineau,12,2026-07-26,visites_totales_veille,63,False,2026-07-26
07,Outaouais,Hôpital de Papineau,12,2026-07-20,taux_occupation,58,False,2026-07-26
07,Outaouais,Hôpital de Papineau,12,2026-07-21,taux_occupation,125,False,2026-07-26
07,Outaouais,Hôpital de Papineau,12,2026-07-22,taux_occupation,117,False,2026-07-26
07,Outaouais,Hôpital de Papineau,12,2026-07-23,taux_occupation,133,False,2026-07-26
07,Outaouais,Hôpital de Papineau,12,2026-07-24,taux_occupation,125,False,2026-07-26
07,Outaouais,Hôpital de Papineau,12,2026-07-25,taux_occupation,117,False,2026-07-26
07,Outaouais,Hôpital de Papineau,12,2026-07-26,taux_occupation,100,False,2026-07-26
07,Outaouais,Hôpital Memorial de Wakefield,4,2026-07-20,patients_sur_civiere,3,False,2026-07-26
07,Outaouais,Hôpital Memorial de Wakefield,4,2026-07-21,patients_sur_civiere,3,False,2026-07-26
07,Outaouais,Hôpital Memorial de Wakefield,4,2026-07-22,patients_sur_civiere,4,False,2026-07-26
07,Outaouais,Hôpital Memorial de Wakefield,4,2026-07-23,patients_sur_civiere,4,False,2026-07-26
07,Outaouais,Hôpital Memorial de Wakefield,4,2026-07-24,patients_sur_civiere,4,False,2026-07-26
07,Outaouais,Hôpital Memorial de Wakefield,4,2026-07-25,patients_sur_civiere,0,False,2026-07-26
07,Outaouais,Hôpital Memorial de Wakefield,4,2026-07-26,patients_sur_civiere,3,False,2026-07-26
07,Outaouais,Hôpital Memorial de Wakefield,4,2026-07-20,patients_24h_plus,0,False,2026-07-26
07,Outaouais,Hôpital Memorial de Wakefield,4,2026-07-21,patients_24h_plus,0,False,2026-07-26
07,Outaouais,Hôpital Memorial de Wakefield,4,2026-07-22,patients_24h_plus,1,False,2026-07-26
07,Outaouais,Hôpital Memorial de Wakefield,4,2026-07-23,patients_24h_plus,0,False,2026-07-26
07,Outaouais,Hôpital Memorial de Wakefield,4,2026-07-24,patients_24h_plus,0,False,2026-07-26
07,Outaouais,Hôpital Memorial de Wakefield,4,2026-07-25,patients_24h_plus,0,False,2026-07-26
07,Outaouais,Hôpital Memorial de Wakefield,4,2026-07-26,patients_24h_plus,0,False,2026-07-26
07,Outaouais,Hôpital Memorial de Wakefield,4,2026-07-20,patients_48h_plus,0,False,2026-07-26
07,Outaouais,Hôpital Memorial de Wakefield,4,2026-07-21,patients_48h_plus,0,False,2026-07-26
07,Outaouais,Hôpital Memorial de Wakefield,4,2026-07-22,patients_48h_plus,0,False,2026-07-26
07,Outaouais,Hôpital Memorial de Wakefield,4,2026-07-23,patients_48h_plus,0,False,2026-07-26
07,Outaouais,Hôpital Memorial de Wakefield,4,2026-07-24,patients_48h_plus,0,False,2026-07-26
07,Outaouais,Hôpital Memorial de Wakefield,4,2026-07-25,patients_48h_plus,0,False,2026-07-26
07,Outaouais,Hôpital Memorial de Wakefield,4,2026-07-26,patients_48h_plus,0,False,2026-07-26
07,Outaouais,Hôpital Memorial de Wakefield,4,2026-07-20,visites_totales_veille,52,False,2026-07-26
07,Outaouais,Hôpital Memorial de Wakefield,4,2026-07-21,visites_totales_veille,48,False,2026-07-26
07,Outaouais,Hôpital Memorial de Wakefield,4,2026-07-22,visites_totales_veille,67,False,2026-07-26
07,Outaouais,Hôpital Memorial de Wakefield,4,2026-07-23,visites_totales_veille,62,False,2026-07-26
07,Outaouais,Hôpital Memorial de Wakefield,4,2026-07-24,visites_totales_veille,58,False,2026-07-26
07,Outaouais,Hôpital Memorial de Wakefield,4,2026-07-25,visites_totales_veille,57,False,2026-07-26
07,Outaouais,Hôpital Memorial de Wakefield,4,2026-07-26,visites_totales_veille,59,False,2026-07-26
07,Outaouais,Hôpital Memorial de Wakefield,4,2026-07-20,taux_occupation,75,False,2026-07-26
07,Outaouais,Hôpital Memorial de Wakefield,4,2026-07-21,taux_occupation,75,False,2026-07-26
07,Outaouais,Hôpital Memorial de Wakefield,4,2026-07-22,taux_occupation,100,False,2026-07-26
07,Outaouais,Hôpital Memorial de Wakefield,4,2026-07-23,taux_occupation,100,False,2026-07-26
07,Outaouais,Hôpital Memorial de Wakefield,4,2026-07-24,taux_occupation,100,False,2026-07-26
07,Outaouais,Hôpital Memorial de Wakefield,4,2026-07-25,taux_occupation,0,False,2026-07-26
07,Outaouais,Hôpital Memorial de Wakefield,4,2026-07-26,taux_occupation,75,False,2026-07-26
07,Outaouais,Hôpital de Maniwaki,6,2026-07-20,patients_sur_civiere,6,False,2026-07-26
07,Outaouais,Hôpital de Maniwaki,6,2026-07-21,patients_sur_civiere,11,False,2026-07-26
07,Outaouais,Hôpital de Maniwaki,6,2026-07-22,patients_sur_civiere,6,False,2026-07-26
07,Outaouais,Hôpital de Maniwaki,6,2026-07-23,patients_sur_civiere,3,False,2026-07-26
07,Outaouais,Hôpital de Maniwaki,6,2026-07-24,patients_sur_civiere,6,False,2026-07-26
07,Outaouais,Hôpital de Maniwaki,6,2026-07-25,patients_sur_civiere,6,False,2026-07-26
07,Outaouais,Hôpital de Maniwaki,6,2026-07-26,patients_sur_civiere,2,False,2026-07-26
07,Outaouais,Hôpital de Maniwaki,6,2026-07-20,patients_24h_plus,1,False,2026-07-26
07,Outaouais,Hôpital de Maniwaki,6,2026-07-21,patients_24h_plus,4,False,2026-07-26
07,Outaouais,Hôpital de Maniwaki,6,2026-07-22,patients_24h_plus,5,False,2026-07-26
07,Outaouais,Hôpital de Maniwaki,6,2026-07-23,patients_24h_plus,0,False,2026-07-26
07,Outaouais,Hôpital de Maniwaki,6,2026-07-24,patients_24h_plus,0,False,2026-07-26
07,Outaouais,Hôpital de Maniwaki,6,2026-07-25,patients_24h_plus,1,False,2026-07-26
07,Outaouais,Hôpital de Maniwaki,6,2026-07-26,patients_24h_plus,1,False,2026-07-26
07,Outaouais,Hôpital de Maniwaki,6,2026-07-20,patients_48h_plus,0,False,2026-07-26
07,Outaouais,Hôpital de Maniwaki,6,2026-07-21,patients_48h_plus,1,False,2026-07-26
07,Outaouais,Hôpital de Maniwaki,6,2026-07-22,patients_48h_plus,2,False,2026-07-26
07,Outaouais,Hôpital de Maniwaki,6,2026-07-23,patients_48h_plus,0,False,2026-07-26
07,Outaouais,Hôpital de Maniwaki,6,2026-07-24,patients_48h_plus,0,False,2026-07-26
07,Outaouais,Hôpital de Maniwaki,6,2026-07-25,patients_48h_plus,0,False,2026-07-26
07,Outaouais,Hôpital de Maniwaki,6,2026-07-26,patients_48h_plus,1,False,2026-07-26
07,Outaouais,Hôpital de Maniwaki,6,2026-07-20,visites_totales_veille,45,False,2026-07-26
07,Outaouais,Hôpital de Maniwaki,6,2026-07-21,visites_totales_veille,38,False,2026-07-26
07,Outaouais,Hôpital de Maniwaki,6,2026-07-22,visites_totales_veille,43,False,2026-07-26
07,Outaouais,Hôpital de Maniwaki,6,2026-07-23,visites_totales_veille,29,False,2026-07-26
07,Outaouais,Hôpital de Maniwaki,6,2026-07-24,visites_totales_veille,50,False,2026-07-26
07,Outaouais,Hôpital de Maniwaki,6,2026-07-25,visites_totales_veille,33,False,2026-07-26
07,Outaouais,Hôpital de Maniwaki,6,2026-07-26,visites_totales_veille,62,False,2026-07-26
07,Outaouais,Hôpital de Maniwaki,6,2026-07-20,taux_occupation,100,False,2026-07-26
07,Outaouais,Hôpital de Maniwaki,6,2026-07-21,taux_occupation,183,False,2026-07-26
07,Outaouais,Hôpital de Maniwaki,6,2026-07-22,taux_occupation,100,False,2026-07-26
07,Outaouais,Hôpital de Maniwaki,6,2026-07-23,taux_occupation,50,False,2026-07-26
07,Outaouais,Hôpital de Maniwaki,6,2026-07-24,taux_occupation,100,False,2026-07-26
07,Outaouais,Hôpital de Maniwaki,6,2026-07-25,taux_occupation,100,False,2026-07-26
07,Outaouais,Hôpital de Maniwaki,6,2026-07-26,taux_occupation,33,False,2026-07-26
07,Outaouais,CLSC de Fort-Coulonge,2,2026-07-20,patients_sur_civiere,0,False,2026-07-26
07,Outaouais,CLSC de Fort-Coulonge,2,2026-07-21,patients_sur_civiere,0,False,2026-07-26
07,Outaouais,CLSC de Fort-Coulonge,2,2026-07-22,patients_sur_civiere,0,False,2026-07-26
07,Outaouais,CLSC de Fort-Coulonge,2,2026-07-23,patients_sur_civiere,0,False,2026-07-26
07,Outaouais,CLSC de Fort-Coulonge,2,2026-07-24,patients_sur_civiere,5,False,2026-07-26
07,Outaouais,CLSC de Fort-Coulonge,2,2026-07-25,patients_sur_civiere,0,False,2026-07-26
07,Outaouais,CLSC de Fort-Coulonge,2,2026-07-26,patients_sur_civiere,0,False,2026-07-26
07,Outaouais,CLSC de Fort-Coulonge,2,2026-07-20,patients_24h_plus,0,False,2026-07-26
07,Outaouais,CLSC de Fort-Coulonge,2,2026-07-21,patients_24h_plus,0,False,2026-07-26
07,Outaouais,CLSC de Fort-Coulonge,2,2026-07-22,patients_24h_plus,0,False,2026-07-26
07,Outaouais,CLSC de Fort-Coulonge,2,2026-07-23,patients_24h_plus,0,False,2026-07-26
07,Outaouais,CLSC de Fort-Coulonge,2,2026-07-24,patients_24h_plus,0,False,2026-07-26
07,Outaouais,CLSC de Fort-Coulonge,2,2026-07-25,patients_24h_plus,0,False,2026-07-26
07,Outaouais,CLSC de Fort-Coulonge,2,2026-07-26,patients_24h_plus,0,False,2026-07-26
07,Outaouais,CLSC de Fort-Coulonge,2,2026-07-20,patients_48h_plus,0,False,2026-07-26
07,Outaouais,CLSC de Fort-Coulonge,2,2026-07-21,patients_48h_plus,0,False,2026-07-26
07,Outaouais,CLSC de Fort-Coulonge,2,2026-07-22,patients_48h_plus,0,False,2026-07-26
07,Outaouais,CLSC de Fort-Coulonge,2,2026-07-23,patients_48h_plus,0,False,2026-07-26
07,Outaouais,CLSC de Fort-Coulonge,2,2026-07-24,patients_48h_plus,0,False,2026-07-26
07,Outaouais,CLSC de Fort-Coulonge,2,2026-07-25,patients_48h_plus,0,False,2026-07-26
07,Outaouais,CLSC de Fort-Coulonge,2,2026-07-26,patients_48h_plus,0,False,2026-07-26
07,Outaouais,CLSC de Fort-Coulonge,2,2026-07-20,visites_totales_veille,26,False,2026-07-26
07,Outaouais,CLSC de Fort-Coulonge,2,2026-07-21,visites_totales_veille,31,False,2026-07-26
07,Outaouais,CLSC de Fort-Coulonge,2,2026-07-22,visites_totales_veille,22,False,2026-07-26
07,Outaouais,CLSC de Fort-Coulonge,2,2026-07-23,visites_totales_veille,16,False,2026-07-26
07,Outaouais,CLSC de Fort-Coulonge,2,2026-07-24,visites_totales_veille,22,False,2026-07-26
07,Outaouais,CLSC de Fort-Coulonge,2,2026-07-25,visites_totales_veille,22,False,2026-07-26
07,Outaouais,CLSC de Fort-Coulonge,2,2026-07-26,visites_totales_veille,23,False,2026-07-26
07,Outaouais,CLSC de Fort-Coulonge,2,2026-07-20,taux_occupation,0,False,2026-07-26
07,Outaouais,CLSC de Fort-Coulonge,2,2026-07-21,taux_occupation,0,False,2026-07-26
07,Outaouais,CLSC de Fort-Coulonge,2,2026-07-22,taux_occupation,0,False,2026-07-26
07,Outaouais,CLSC de Fort-Coulonge,2,2026-07-23,taux_occupation,0,False,2026-07-26
07,Outaouais,CLSC de Fort-Coulonge,2,2026-07-24,taux_occupation,250,False,2026-07-26
07,Outaouais,CLSC de Fort-Coulonge,2,2026-07-25,taux_occupation,0,False,2026-07-26
07,Outaouais,CLSC de Fort-Coulonge,2,2026-07-26,taux_occupation,0,False,2026-07-26
07,Outaouais,CLSC et Centre d'hébergement la Petite-Nation,2,2026-07-20,patients_sur_civiere,2,False,2026-07-26
07,Outaouais,CLSC et Centre d'hébergement la Petite-Nation,2,2026-07-21,patients_sur_civiere,1,False,2026-07-26
07,Outaouais,CLSC et Centre d'hébergement la Petite-Nation,2,2026-07-22,patients_sur_civiere,1,False,2026-07-26
07,Outaouais,CLSC et Centre d'hébergement la Petite-Nation,2,2026-07-23,patients_sur_civiere,0,False,2026-07-26
07,Outaouais,CLSC et Centre d'hébergement la Petite-Nation,2,2026-07-24,patients_sur_civiere,0,False,2026-07-26
07,Outaouais,CLSC et Centre d'hébergement la Petite-Nation,2,2026-07-25,patients_sur_civiere,1,False,2026-07-26
07,Outaouais,CLSC et Centre d'hébergement la Petite-Nation,2,2026-07-26,patients_sur_civiere,0,False,2026-07-26
07,Outaouais,CLSC et Centre d'hébergement la Petite-Nation,2,2026-07-20,patients_24h_plus,0,False,2026-07-26
07,Outaouais,CLSC et Centre d'hébergement la Petite-Nation,2,2026-07-21,patients_24h_plus,0,False,2026-07-26
07,Outaouais,CLSC et Centre d'hébergement la Petite-Nation,2,2026-07-22,patients_24h_plus,0,False,2026-07-26
07,Outaouais,CLSC et Centre d'hébergement la Petite-Nation,2,2026-07-23,patients_24h_plus,0,False,2026-07-26
07,Outaouais,CLSC et Centre d'hébergement la Petite-Nation,2,2026-07-24,patients_24h_plus,0,False,2026-07-26
07,Outaouais,CLSC et Centre d'hébergement la Petite-Nation,2,2026-07-25,patients_24h_plus,0,False,2026-07-26
07,Outaouais,CLSC et Centre d'hébergement la Petite-Nation,2,2026-07-26,patients_24h_plus,0,False,2026-07-26
07,Outaouais,CLSC et Centre d'hébergement la Petite-Nation,2,2026-07-20,patients_48h_plus,0,False,2026-07-26
07,Outaouais,CLSC et Centre d'hébergement la Petite-Nation,2,2026-07-21,patients_48h_plus,0,False,2026-07-26
07,Outaouais,CLSC et Centre d'hébergement la Petite-Nation,2,2026-07-22,patients_48h_plus,0,False,2026-07-26
07,Outaouais,CLSC et Centre d'hébergement la Petite-Nation,2,2026-07-23,patients_48h_plus,0,False,2026-07-26
07,Outaouais,CLSC et Centre d'hébergement la Petite-Nation,2,2026-07-24,patients_48h_plus,0,False,2026-07-26
07,Outaouais,CLSC et Centre d'hébergement la Petite-Nation,2,2026-07-25,patients_48h_plus,0,False,2026-07-26
07,Outaouais,CLSC et Centre d'hébergement la Petite-Nation,2,2026-07-26,patients_48h_plus,0,False,2026-07-26
07,Outaouais,CLSC et Centre d'hébergement la Petite-Nation,2,2026-07-20,visites_totales_veille,0,False,2026-07-26
07,Outaouais,CLSC et Centre d'hébergement la Petite-Nation,2,2026-07-21,visites_totales_veille,41,False,2026-07-26
07,Outaouais,CLSC et Centre d'hébergement la Petite-Nation,2,2026-07-22,visites_totales_veille,44,False,2026-07-26
07,Outaouais,CLSC et Centre d'hébergement la Petite-Nation,2,2026-07-23,visites_totales_veille,32,False,2026-07-26
07,Outaouais,CLSC et Centre d'hébergement la Petite-Nation,2,2026-07-24,visites_totales_veille,35,False,2026-07-26
07,Outaouais,CLSC et Centre d'hébergement la Petite-Nation,2,2026-07-25,visites_totales_veille,34,False,2026-07-26
07,Outaouais,CLSC et Centre d'hébergement la Petite-Nation,2,2026-07-26,visites_totales_veille,33,False,2026-07-26
07,Outaouais,CLSC et Centre d'hébergement la Petite-Nation,2,2026-07-20,taux_occupation,100,False,2026-07-26
07,Outaouais,CLSC et Centre d'hébergement la Petite-Nation,2,2026-07-21,taux_occupation,50,False,2026-07-26
07,Outaouais,CLSC et Centre d'hébergement la Petite-Nation,2,2026-07-22,taux_occupation,50,False,2026-07-26
07,Outaouais,CLSC et Centre d'hébergement la Petite-Nation,2,2026-07-23,taux_occupation,0,False,2026-07-26
07,Outaouais,CLSC et Centre d'hébergement la Petite-Nation,2,2026-07-24,taux_occupation,0,False,2026-07-26
07,Outaouais,CLSC et Centre d'hébergement la Petite-Nation,2,2026-07-25,taux_occupation,50,False,2026-07-26
07,Outaouais,CLSC et Centre d'hébergement la Petite-Nation,2,2026-07-26,taux_occupation,0,False,2026-07-26
07,Outaouais,Total (07) Outaouais,83,2026-07-20,patients_sur_civiere,100,True,2026-07-26
07,Outaouais,Total (07) Outaouais,83,2026-07-21,patients_sur_civiere,116,True,2026-07-26
07,Outaouais,Total (07) Outaouais,83,2026-07-22,patients_sur_civiere,104,True,2026-07-26
07,Outaouais,Total (07) Outaouais,83,2026-07-23,patients_sur_civiere,105,True,2026-07-26
07,Outaouais,Total (07) Outaouais,83,2026-07-24,patients_sur_civiere,115,True,2026-07-26
07,Outaouais,Total (07) Outaouais,83,2026-07-25,patients_sur_civiere,73,True,2026-07-26
07,Outaouais,Total (07) Outaouais,83,2026-07-26,patients_sur_civiere,105,True,2026-07-26
07,Outaouais,Total (07) Outaouais,83,2026-07-20,patients_24h_plus,44,True,2026-07-26
07,Outaouais,Total (07) Outaouais,83,2026-07-21,patients_24h_plus,34,True,2026-07-26
07,Outaouais,Total (07) Outaouais,83,2026-07-22,patients_24h_plus,41,True,2026-07-26
07,Outaouais,Total (07) Outaouais,83,2026-07-23,patients_24h_plus,23,True,2026-07-26
07,Outaouais,Total (07) Outaouais,83,2026-07-24,patients_24h_plus,22,True,2026-07-26
07,Outaouais,Total (07) Outaouais,83,2026-07-25,patients_24h_plus,19,True,2026-07-26
07,Outaouais,Total (07) Outaouais,83,2026-07-26,patients_24h_plus,24,True,2026-07-26
07,Outaouais,Total (07) Outaouais,83,2026-07-20,patients_48h_plus,16,True,2026-07-26
07,Outaouais,Total (07) Outaouais,83,2026-07-21,patients_48h_plus,22,True,2026-07-26
07,Outaouais,Total (07) Outaouais,83,2026-07-22,patients_48h_plus,12,True,2026-07-26
07,Outaouais,Total (07) Outaouais,83,2026-07-23,patients_48h_plus,11,True,2026-07-26
07,Outaouais,Total (07) Outaouais,83,2026-07-24,patients_48h_plus,7,True,2026-07-26
07,Outaouais,Total (07) Outaouais,83,2026-07-25,patients_48h_plus,3,True,2026-07-26
07,Outaouais,Total (07) Outaouais,83,2026-07-26,patients_48h_plus,7,True,2026-07-26
07,Outaouais,Total (07) Outaouais,83,2026-07-20,visites_totales_veille,405,True,2026-07-26
07,Outaouais,Total (07) Outaouais,83,2026-07-21,visites_totales_veille,540,True,2026-07-26
07,Outaouais,Total (07) Outaouais,83,2026-07-22,visites_totales_veille,505,True,2026-07-26
07,Outaouais,Total (07) Outaouais,83,2026-07-23,visites_totales_veille,436,True,2026-07-26
07,Outaouais,Total (07) Outaouais,83,2026-07-24,visites_totales_veille,504,True,2026-07-26
07,Outaouais,Total (07) Outaouais,83,2026-07-25,visites_totales_veille,438,True,2026-07-26
07,Outaouais,Total (07) Outaouais,83,2026-07-26,visites_totales_veille,465,True,2026-07-26
07,Outaouais,Total (07) Outaouais,83,2026-07-20,taux_occupation,120,True,2026-07-26
07,Outaouais,Total (07) Outaouais,83,2026-07-21,taux_occupation,140,True,2026-07-26
07,Outaouais,Total (07) Outaouais,83,2026-07-22,taux_occupation,125,True,2026-07-26
07,Outaouais,Total (07) Outaouais,83,2026-07-23,taux_occupation,127,True,2026-07-26
07,Outaouais,Total (07) Outaouais,83,2026-07-24,taux_occupation,139,True,2026-07-26
07,Outaouais,Total (07) Outaouais,83,2026-07-25,taux_occupation,88,True,2026-07-26
07,Outaouais,Total (07) Outaouais,83,2026-07-26,taux_occupation,127,True,2026-07-26
08,Abitibi-Témiscamingue,Hôpital et CLSC de Val-d'Or,11,2026-07-20,patients_sur_civiere,6,False,2026-07-26
08,Abitibi-Témiscamingue,Hôpital et CLSC de Val-d'Or,11,2026-07-21,patients_sur_civiere,4,False,2026-07-26
08,Abitibi-Témiscamingue,Hôpital et CLSC de Val-d'Or,11,2026-07-22,patients_sur_civiere,3,False,2026-07-26
08,Abitibi-Témiscamingue,Hôpital et CLSC de Val-d'Or,11,2026-07-23,patients_sur_civiere,2,False,2026-07-26
08,Abitibi-Témiscamingue,Hôpital et CLSC de Val-d'Or,11,2026-07-24,patients_sur_civiere,3,False,2026-07-26
08,Abitibi-Témiscamingue,Hôpital et CLSC de Val-d'Or,11,2026-07-25,patients_sur_civiere,7,False,2026-07-26
08,Abitibi-Témiscamingue,Hôpital et CLSC de Val-d'Or,11,2026-07-26,patients_sur_civiere,0,False,2026-07-26
08,Abitibi-Témiscamingue,Hôpital et CLSC de Val-d'Or,11,2026-07-20,patients_24h_plus,0,False,2026-07-26
08,Abitibi-Témiscamingue,Hôpital et CLSC de Val-d'Or,11,2026-07-21,patients_24h_plus,0,False,2026-07-26
08,Abitibi-Témiscamingue,Hôpital et CLSC de Val-d'Or,11,2026-07-22,patients_24h_plus,0,False,2026-07-26
08,Abitibi-Témiscamingue,Hôpital et CLSC de Val-d'Or,11,2026-07-23,patients_24h_plus,0,False,2026-07-26
08,Abitibi-Témiscamingue,Hôpital et CLSC de Val-d'Or,11,2026-07-24,patients_24h_plus,0,False,2026-07-26
08,Abitibi-Témiscamingue,Hôpital et CLSC de Val-d'Or,11,2026-07-25,patients_24h_plus,0,False,2026-07-26
08,Abitibi-Témiscamingue,Hôpital et CLSC de Val-d'Or,11,2026-07-26,patients_24h_plus,0,False,2026-07-26
08,Abitibi-Témiscamingue,Hôpital et CLSC de Val-d'Or,11,2026-07-20,patients_48h_plus,0,False,2026-07-26
08,Abitibi-Témiscamingue,Hôpital et CLSC de Val-d'Or,11,2026-07-21,patients_48h_plus,0,False,2026-07-26
08,Abitibi-Témiscamingue,Hôpital et CLSC de Val-d'Or,11,2026-07-22,patients_48h_plus,0,False,2026-07-26
08,Abitibi-Témiscamingue,Hôpital et CLSC de Val-d'Or,11,2026-07-23,patients_48h_plus,0,False,2026-07-26
08,Abitibi-Témiscamingue,Hôpital et CLSC de Val-d'Or,11,2026-07-24,patients_48h_plus,0,False,2026-07-26
08,Abitibi-Témiscamingue,Hôpital et CLSC de Val-d'Or,11,2026-07-25,patients_48h_plus,0,False,2026-07-26
08,Abitibi-Témiscamingue,Hôpital et CLSC de Val-d'Or,11,2026-07-26,patients_48h_plus,0,False,2026-07-26
08,Abitibi-Témiscamingue,Hôpital et CLSC de Val-d'Or,11,2026-07-20,visites_totales_veille,66,False,2026-07-26
08,Abitibi-Témiscamingue,Hôpital et CLSC de Val-d'Or,11,2026-07-21,visites_totales_veille,75,False,2026-07-26
08,Abitibi-Témiscamingue,Hôpital et CLSC de Val-d'Or,11,2026-07-22,visites_totales_veille,76,False,2026-07-26
08,Abitibi-Témiscamingue,Hôpital et CLSC de Val-d'Or,11,2026-07-23,visites_totales_veille,80,False,2026-07-26
08,Abitibi-Témiscamingue,Hôpital et CLSC de Val-d'Or,11,2026-07-24,visites_totales_veille,68,False,2026-07-26
08,Abitibi-Témiscamingue,Hôpital et CLSC de Val-d'Or,11,2026-07-25,visites_totales_veille,88,False,2026-07-26
08,Abitibi-Témiscamingue,Hôpital et CLSC de Val-d'Or,11,2026-07-26,visites_totales_veille,68,False,2026-07-26
08,Abitibi-Témiscamingue,Hôpital et CLSC de Val-d'Or,11,2026-07-20,taux_occupation,55,False,2026-07-26
08,Abitibi-Témiscamingue,Hôpital et CLSC de Val-d'Or,11,2026-07-21,taux_occupation,36,False,2026-07-26
08,Abitibi-Témiscamingue,Hôpital et CLSC de Val-d'Or,11,2026-07-22,taux_occupation,27,False,2026-07-26
08,Abitibi-Témiscamingue,Hôpital et CLSC de Val-d'Or,11,2026-07-23,taux_occupation,18,False,2026-07-26
08,Abitibi-Témiscamingue,Hôpital et CLSC de Val-d'Or,11,2026-07-24,taux_occupation,27,False,2026-07-26
08,Abitibi-Témiscamingue,Hôpital et CLSC de Val-d'Or,11,2026-07-25,taux_occupation,64,False,2026-07-26
08,Abitibi-Témiscamingue,Hôpital et CLSC de Val-d'Or,11,2026-07-26,taux_occupation,0,False,2026-07-26
08,Abitibi-Témiscamingue,Centre hospitalier Hôtel-Dieu d'Amos,7,2026-07-20,patients_sur_civiere,5,False,2026-07-26
08,Abitibi-Témiscamingue,Centre hospitalier Hôtel-Dieu d'Amos,7,2026-07-21,patients_sur_civiere,8,False,2026-07-26
08,Abitibi-Témiscamingue,Centre hospitalier Hôtel-Dieu d'Amos,7,2026-07-22,patients_sur_civiere,8,False,2026-07-26
08,Abitibi-Témiscamingue,Centre hospitalier Hôtel-Dieu d'Amos,7,2026-07-23,patients_sur_civiere,9,False,2026-07-26
08,Abitibi-Témiscamingue,Centre hospitalier Hôtel-Dieu d'Amos,7,2026-07-24,patients_sur_civiere,13,False,2026-07-26
08,Abitibi-Témiscamingue,Centre hospitalier Hôtel-Dieu d'Amos,7,2026-07-25,patients_sur_civiere,9,False,2026-07-26
08,Abitibi-Témiscamingue,Centre hospitalier Hôtel-Dieu d'Amos,7,2026-07-26,patients_sur_civiere,11,False,2026-07-26
08,Abitibi-Témiscamingue,Centre hospitalier Hôtel-Dieu d'Amos,7,2026-07-20,patients_24h_plus,0,False,2026-07-26
08,Abitibi-Témiscamingue,Centre hospitalier Hôtel-Dieu d'Amos,7,2026-07-21,patients_24h_plus,1,False,2026-07-26
08,Abitibi-Témiscamingue,Centre hospitalier Hôtel-Dieu d'Amos,7,2026-07-22,patients_24h_plus,1,False,2026-07-26
08,Abitibi-Témiscamingue,Centre hospitalier Hôtel-Dieu d'Amos,7,2026-07-23,patients_24h_plus,1,False,2026-07-26
08,Abitibi-Témiscamingue,Centre hospitalier Hôtel-Dieu d'Amos,7,2026-07-24,patients_24h_plus,1,False,2026-07-26
08,Abitibi-Témiscamingue,Centre hospitalier Hôtel-Dieu d'Amos,7,2026-07-25,patients_24h_plus,2,False,2026-07-26
08,Abitibi-Témiscamingue,Centre hospitalier Hôtel-Dieu d'Amos,7,2026-07-26,patients_24h_plus,2,False,2026-07-26
08,Abitibi-Témiscamingue,Centre hospitalier Hôtel-Dieu d'Amos,7,2026-07-20,patients_48h_plus,0,False,2026-07-26
08,Abitibi-Témiscamingue,Centre hospitalier Hôtel-Dieu d'Amos,7,2026-07-21,patients_48h_plus,0,False,2026-07-26
08,Abitibi-Témiscamingue,Centre hospitalier Hôtel-Dieu d'Amos,7,2026-07-22,patients_48h_plus,0,False,2026-07-26
08,Abitibi-Témiscamingue,Centre hospitalier Hôtel-Dieu d'Amos,7,2026-07-23,patients_48h_plus,0,False,2026-07-26
08,Abitibi-Témiscamingue,Centre hospitalier Hôtel-Dieu d'Amos,7,2026-07-24,patients_48h_plus,0,False,2026-07-26
08,Abitibi-Témiscamingue,Centre hospitalier Hôtel-Dieu d'Amos,7,2026-07-25,patients_48h_plus,0,False,2026-07-26
08,Abitibi-Témiscamingue,Centre hospitalier Hôtel-Dieu d'Amos,7,2026-07-26,patients_48h_plus,0,False,2026-07-26
08,Abitibi-Témiscamingue,Centre hospitalier Hôtel-Dieu d'Amos,7,2026-07-20,visites_totales_veille,57,False,2026-07-26
08,Abitibi-Témiscamingue,Centre hospitalier Hôtel-Dieu d'Amos,7,2026-07-21,visites_totales_veille,70,False,2026-07-26
08,Abitibi-Témiscamingue,Centre hospitalier Hôtel-Dieu d'Amos,7,2026-07-22,visites_totales_veille,65,False,2026-07-26
08,Abitibi-Témiscamingue,Centre hospitalier Hôtel-Dieu d'Amos,7,2026-07-23,visites_totales_veille,61,False,2026-07-26
08,Abitibi-Témiscamingue,Centre hospitalier Hôtel-Dieu d'Amos,7,2026-07-24,visites_totales_veille,71,False,2026-07-26
08,Abitibi-Témiscamingue,Centre hospitalier Hôtel-Dieu d'Amos,7,2026-07-25,visites_totales_veille,61,False,2026-07-26
08,Abitibi-Témiscamingue,Centre hospitalier Hôtel-Dieu d'Amos,7,2026-07-26,visites_totales_veille,57,False,2026-07-26
08,Abitibi-Témiscamingue,Centre hospitalier Hôtel-Dieu d'Amos,7,2026-07-20,taux_occupation,71,False,2026-07-26
08,Abitibi-Témiscamingue,Centre hospitalier Hôtel-Dieu d'Amos,7,2026-07-21,taux_occupation,114,False,2026-07-26
08,Abitibi-Témiscamingue,Centre hospitalier Hôtel-Dieu d'Amos,7,2026-07-22,taux_occupation,114,False,2026-07-26
08,Abitibi-Témiscamingue,Centre hospitalier Hôtel-Dieu d'Amos,7,2026-07-23,taux_occupation,129,False,2026-07-26
08,Abitibi-Témiscamingue,Centre hospitalier Hôtel-Dieu d'Amos,7,2026-07-24,taux_occupation,186,False,2026-07-26
08,Abitibi-Témiscamingue,Centre hospitalier Hôtel-Dieu d'Amos,7,2026-07-25,taux_occupation,129,False,2026-07-26
08,Abitibi-Témiscamingue,Centre hospitalier Hôtel-Dieu d'Amos,7,2026-07-26,taux_occupation,157,False,2026-07-26
08,Abitibi-Témiscamingue,Centre hospitalier La Sarre,5,2026-07-20,patients_sur_civiere,3,False,2026-07-26
08,Abitibi-Témiscamingue,Centre hospitalier La Sarre,5,2026-07-21,patients_sur_civiere,2,False,2026-07-26
08,Abitibi-Témiscamingue,Centre hospitalier La Sarre,5,2026-07-22,patients_sur_civiere,2,False,2026-07-26
08,Abitibi-Témiscamingue,Centre hospitalier La Sarre,5,2026-07-23,patients_sur_civiere,2,False,2026-07-26
08,Abitibi-Témiscamingue,Centre hospitalier La Sarre,5,2026-07-24,patients_sur_civiere,3,False,2026-07-26
08,Abitibi-Témiscamingue,Centre hospitalier La Sarre,5,2026-07-25,patients_sur_civiere,2,False,2026-07-26
08,Abitibi-Témiscamingue,Centre hospitalier La Sarre,5,2026-07-26,patients_sur_civiere,3,False,2026-07-26
08,Abitibi-Témiscamingue,Centre hospitalier La Sarre,5,2026-07-20,patients_24h_plus,0,False,2026-07-26
08,Abitibi-Témiscamingue,Centre hospitalier La Sarre,5,2026-07-21,patients_24h_plus,0,False,2026-07-26
08,Abitibi-Témiscamingue,Centre hospitalier La Sarre,5,2026-07-22,patients_24h_plus,1,False,2026-07-26
08,Abitibi-Témiscamingue,Centre hospitalier La Sarre,5,2026-07-23,patients_24h_plus,0,False,2026-07-26
08,Abitibi-Témiscamingue,Centre hospitalier La Sarre,5,2026-07-24,patients_24h_plus,0,False,2026-07-26
08,Abitibi-Témiscamingue,Centre hospitalier La Sarre,5,2026-07-25,patients_24h_plus,0,False,2026-07-26
08,Abitibi-Témiscamingue,Centre hospitalier La Sarre,5,2026-07-26,patients_24h_plus,0,False,2026-07-26
08,Abitibi-Témiscamingue,Centre hospitalier La Sarre,5,2026-07-20,patients_48h_plus,0,False,2026-07-26
08,Abitibi-Témiscamingue,Centre hospitalier La Sarre,5,2026-07-21,patients_48h_plus,0,False,2026-07-26
08,Abitibi-Témiscamingue,Centre hospitalier La Sarre,5,2026-07-22,patients_48h_plus,0,False,2026-07-26
08,Abitibi-Témiscamingue,Centre hospitalier La Sarre,5,2026-07-23,patients_48h_plus,0,False,2026-07-26
08,Abitibi-Témiscamingue,Centre hospitalier La Sarre,5,2026-07-24,patients_48h_plus,0,False,2026-07-26
08,Abitibi-Témiscamingue,Centre hospitalier La Sarre,5,2026-07-25,patients_48h_plus,0,False,2026-07-26
08,Abitibi-Témiscamingue,Centre hospitalier La Sarre,5,2026-07-26,patients_48h_plus,0,False,2026-07-26
08,Abitibi-Témiscamingue,Centre hospitalier La Sarre,5,2026-07-20,visites_totales_veille,52,False,2026-07-26
08,Abitibi-Témiscamingue,Centre hospitalier La Sarre,5,2026-07-21,visites_totales_veille,64,False,2026-07-26
08,Abitibi-Témiscamingue,Centre hospitalier La Sarre,5,2026-07-22,visites_totales_veille,52,False,2026-07-26
08,Abitibi-Témiscamingue,Centre hospitalier La Sarre,5,2026-07-23,visites_totales_veille,36,False,2026-07-26
08,Abitibi-Témiscamingue,Centre hospitalier La Sarre,5,2026-07-24,visites_totales_veille,52,False,2026-07-26
08,Abitibi-Témiscamingue,Centre hospitalier La Sarre,5,2026-07-25,visites_totales_veille,40,False,2026-07-26
08,Abitibi-Témiscamingue,Centre hospitalier La Sarre,5,2026-07-26,visites_totales_veille,35,False,2026-07-26
08,Abitibi-Témiscamingue,Centre hospitalier La Sarre,5,2026-07-20,taux_occupation,60,False,2026-07-26
08,Abitibi-Témiscamingue,Centre hospitalier La Sarre,5,2026-07-21,taux_occupation,40,False,2026-07-26
08,Abitibi-Témiscamingue,Centre hospitalier La Sarre,5,2026-07-22,taux_occupation,40,False,2026-07-26
08,Abitibi-Témiscamingue,Centre hospitalier La Sarre,5,2026-07-23,taux_occupation,40,False,2026-07-26
08,Abitibi-Témiscamingue,Centre hospitalier La Sarre,5,2026-07-24,taux_occupation,60,False,2026-07-26
08,Abitibi-Témiscamingue,Centre hospitalier La Sarre,5,2026-07-25,taux_occupation,40,False,2026-07-26
08,Abitibi-Témiscamingue,Centre hospitalier La Sarre,5,2026-07-26,taux_occupation,60,False,2026-07-26
08,Abitibi-Témiscamingue,Centre hospitalier de Rouyn-Noranda,8,2026-07-20,patients_sur_civiere,4,False,2026-07-26
08,Abitibi-Témiscamingue,Centre hospitalier de Rouyn-Noranda,8,2026-07-21,patients_sur_civiere,4,False,2026-07-26
08,Abitibi-Témiscamingue,Centre hospitalier de Rouyn-Noranda,8,2026-07-22,patients_sur_civiere,3,False,2026-07-26
08,Abitibi-Témiscamingue,Centre hospitalier de Rouyn-Noranda,8,2026-07-23,patients_sur_civiere,2,False,2026-07-26
08,Abitibi-Témiscamingue,Centre hospitalier de Rouyn-Noranda,8,2026-07-24,patients_sur_civiere,9,False,2026-07-26
08,Abitibi-Témiscamingue,Centre hospitalier de Rouyn-Noranda,8,2026-07-25,patients_sur_civiere,6,False,2026-07-26
08,Abitibi-Témiscamingue,Centre hospitalier de Rouyn-Noranda,8,2026-07-26,patients_sur_civiere,6,False,2026-07-26
08,Abitibi-Témiscamingue,Centre hospitalier de Rouyn-Noranda,8,2026-07-20,patients_24h_plus,0,False,2026-07-26
08,Abitibi-Témiscamingue,Centre hospitalier de Rouyn-Noranda,8,2026-07-21,patients_24h_plus,0,False,2026-07-26
08,Abitibi-Témiscamingue,Centre hospitalier de Rouyn-Noranda,8,2026-07-22,patients_24h_plus,0,False,2026-07-26
08,Abitibi-Témiscamingue,Centre hospitalier de Rouyn-Noranda,8,2026-07-23,patients_24h_plus,0,False,2026-07-26
08,Abitibi-Témiscamingue,Centre hospitalier de Rouyn-Noranda,8,2026-07-24,patients_24h_plus,0,False,2026-07-26
08,Abitibi-Témiscamingue,Centre hospitalier de Rouyn-Noranda,8,2026-07-25,patients_24h_plus,1,False,2026-07-26
08,Abitibi-Témiscamingue,Centre hospitalier de Rouyn-Noranda,8,2026-07-26,patients_24h_plus,1,False,2026-07-26
08,Abitibi-Témiscamingue,Centre hospitalier de Rouyn-Noranda,8,2026-07-20,patients_48h_plus,0,False,2026-07-26
08,Abitibi-Témiscamingue,Centre hospitalier de Rouyn-Noranda,8,2026-07-21,patients_48h_plus,0,False,2026-07-26
08,Abitibi-Témiscamingue,Centre hospitalier de Rouyn-Noranda,8,2026-07-22,patients_48h_plus,0,False,2026-07-26
08,Abitibi-Témiscamingue,Centre hospitalier de Rouyn-Noranda,8,2026-07-23,patients_48h_plus,0,False,2026-07-26
08,Abitibi-Témiscamingue,Centre hospitalier de Rouyn-Noranda,8,2026-07-24,patients_48h_plus,0,False,2026-07-26
08,Abitibi-Témiscamingue,Centre hospitalier de Rouyn-Noranda,8,2026-07-25,patients_48h_plus,0,False,2026-07-26
08,Abitibi-Témiscamingue,Centre hospitalier de Rouyn-Noranda,8,2026-07-26,patients_48h_plus,0,False,2026-07-26
08,Abitibi-Témiscamingue,Centre hospitalier de Rouyn-Noranda,8,2026-07-20,visites_totales_veille,69,False,2026-07-26
08,Abitibi-Témiscamingue,Centre hospitalier de Rouyn-Noranda,8,2026-07-21,visites_totales_veille,67,False,2026-07-26
08,Abitibi-Témiscamingue,Centre hospitalier de Rouyn-Noranda,8,2026-07-22,visites_totales_veille,75,False,2026-07-26
08,Abitibi-Témiscamingue,Centre hospitalier de Rouyn-Noranda,8,2026-07-23,visites_totales_veille,62,False,2026-07-26
08,Abitibi-Témiscamingue,Centre hospitalier de Rouyn-Noranda,8,2026-07-24,visites_totales_veille,77,False,2026-07-26
08,Abitibi-Témiscamingue,Centre hospitalier de Rouyn-Noranda,8,2026-07-25,visites_totales_veille,63,False,2026-07-26
08,Abitibi-Témiscamingue,Centre hospitalier de Rouyn-Noranda,8,2026-07-26,visites_totales_veille,49,False,2026-07-26
08,Abitibi-Témiscamingue,Centre hospitalier de Rouyn-Noranda,8,2026-07-20,taux_occupation,50,False,2026-07-26
08,Abitibi-Témiscamingue,Centre hospitalier de Rouyn-Noranda,8,2026-07-21,taux_occupation,50,False,2026-07-26
08,Abitibi-Témiscamingue,Centre hospitalier de Rouyn-Noranda,8,2026-07-22,taux_occupation,38,False,2026-07-26
08,Abitibi-Témiscamingue,Centre hospitalier de Rouyn-Noranda,8,2026-07-23,taux_occupation,25,False,2026-07-26
08,Abitibi-Témiscamingue,Centre hospitalier de Rouyn-Noranda,8,2026-07-24,taux_occupation,113,False,2026-07-26
08,Abitibi-Témiscamingue,Centre hospitalier de Rouyn-Noranda,8,2026-07-25,taux_occupation,75,False,2026-07-26
08,Abitibi-Témiscamingue,Centre hospitalier de Rouyn-Noranda,8,2026-07-26,taux_occupation,75,False,2026-07-26
08,Abitibi-Témiscamingue,Pavillon Ste-Famille,5,2026-07-20,patients_sur_civiere,0,False,2026-07-26
08,Abitibi-Témiscamingue,Pavillon Ste-Famille,5,2026-07-21,patients_sur_civiere,1,False,2026-07-26
08,Abitibi-Témiscamingue,Pavillon Ste-Famille,5,2026-07-22,patients_sur_civiere,1,False,2026-07-26
08,Abitibi-Témiscamingue,Pavillon Ste-Famille,5,2026-07-23,patients_sur_civiere,0,False,2026-07-26
08,Abitibi-Témiscamingue,Pavillon Ste-Famille,5,2026-07-24,patients_sur_civiere,3,False,2026-07-26
08,Abitibi-Témiscamingue,Pavillon Ste-Famille,5,2026-07-25,patients_sur_civiere,1,False,2026-07-26
08,Abitibi-Témiscamingue,Pavillon Ste-Famille,5,2026-07-26,patients_sur_civiere,2,False,2026-07-26
08,Abitibi-Témiscamingue,Pavillon Ste-Famille,5,2026-07-20,patients_24h_plus,0,False,2026-07-26
08,Abitibi-Témiscamingue,Pavillon Ste-Famille,5,2026-07-21,patients_24h_plus,0,False,2026-07-26
08,Abitibi-Témiscamingue,Pavillon Ste-Famille,5,2026-07-22,patients_24h_plus,0,False,2026-07-26
08,Abitibi-Témiscamingue,Pavillon Ste-Famille,5,2026-07-23,patients_24h_plus,0,False,2026-07-26
08,Abitibi-Témiscamingue,Pavillon Ste-Famille,5,2026-07-24,patients_24h_plus,0,False,2026-07-26
08,Abitibi-Témiscamingue,Pavillon Ste-Famille,5,2026-07-25,patients_24h_plus,0,False,2026-07-26
08,Abitibi-Témiscamingue,Pavillon Ste-Famille,5,2026-07-26,patients_24h_plus,0,False,2026-07-26
08,Abitibi-Témiscamingue,Pavillon Ste-Famille,5,2026-07-20,patients_48h_plus,0,False,2026-07-26
08,Abitibi-Témiscamingue,Pavillon Ste-Famille,5,2026-07-21,patients_48h_plus,0,False,2026-07-26
08,Abitibi-Témiscamingue,Pavillon Ste-Famille,5,2026-07-22,patients_48h_plus,0,False,2026-07-26
08,Abitibi-Témiscamingue,Pavillon Ste-Famille,5,2026-07-23,patients_48h_plus,0,False,2026-07-26
08,Abitibi-Témiscamingue,Pavillon Ste-Famille,5,2026-07-24,patients_48h_plus,0,False,2026-07-26
08,Abitibi-Témiscamingue,Pavillon Ste-Famille,5,2026-07-25,patients_48h_plus,0,False,2026-07-26
08,Abitibi-Témiscamingue,Pavillon Ste-Famille,5,2026-07-26,patients_48h_plus,0,False,2026-07-26
08,Abitibi-Témiscamingue,Pavillon Ste-Famille,5,2026-07-20,visites_totales_veille,29,False,2026-07-26
08,Abitibi-Témiscamingue,Pavillon Ste-Famille,5,2026-07-21,visites_totales_veille,36,False,2026-07-26
08,Abitibi-Témiscamingue,Pavillon Ste-Famille,5,2026-07-22,visites_totales_veille,42,False,2026-07-26
08,Abitibi-Témiscamingue,Pavillon Ste-Famille,5,2026-07-23,visites_totales_veille,39,False,2026-07-26
08,Abitibi-Témiscamingue,Pavillon Ste-Famille,5,2026-07-24,visites_totales_veille,28,False,2026-07-26
08,Abitibi-Témiscamingue,Pavillon Ste-Famille,5,2026-07-25,visites_totales_veille,36,False,2026-07-26
08,Abitibi-Témiscamingue,Pavillon Ste-Famille,5,2026-07-26,visites_totales_veille,36,False,2026-07-26
08,Abitibi-Témiscamingue,Pavillon Ste-Famille,5,2026-07-20,taux_occupation,0,False,2026-07-26
08,Abitibi-Témiscamingue,Pavillon Ste-Famille,5,2026-07-21,taux_occupation,20,False,2026-07-26
08,Abitibi-Témiscamingue,Pavillon Ste-Famille,5,2026-07-22,taux_occupation,20,False,2026-07-26
08,Abitibi-Témiscamingue,Pavillon Ste-Famille,5,2026-07-23,taux_occupation,0,False,2026-07-26
08,Abitibi-Témiscamingue,Pavillon Ste-Famille,5,2026-07-24,taux_occupation,60,False,2026-07-26
08,Abitibi-Témiscamingue,Pavillon Ste-Famille,5,2026-07-25,taux_occupation,20,False,2026-07-26
08,Abitibi-Témiscamingue,Pavillon Ste-Famille,5,2026-07-26,taux_occupation,40,False,2026-07-26
08,Abitibi-Témiscamingue,Total (08) Abitibi-Témiscamingue,36,2026-07-20,patients_sur_civiere,18,True,2026-07-26
08,Abitibi-Témiscamingue,Total (08) Abitibi-Témiscamingue,36,2026-07-21,patients_sur_civiere,19,True,2026-07-26
08,Abitibi-Témiscamingue,Total (08) Abitibi-Témiscamingue,36,2026-07-22,patients_sur_civiere,17,True,2026-07-26
08,Abitibi-Témiscamingue,Total (08) Abitibi-Témiscamingue,36,2026-07-23,patients_sur_civiere,15,True,2026-07-26
08,Abitibi-Témiscamingue,Total (08) Abitibi-Témiscamingue,36,2026-07-24,patients_sur_civiere,31,True,2026-07-26
08,Abitibi-Témiscamingue,Total (08) Abitibi-Témiscamingue,36,2026-07-25,patients_sur_civiere,25,True,2026-07-26
08,Abitibi-Témiscamingue,Total (08) Abitibi-Témiscamingue,36,2026-07-26,patients_sur_civiere,22,True,2026-07-26
08,Abitibi-Témiscamingue,Total (08) Abitibi-Témiscamingue,36,2026-07-20,patients_24h_plus,0,True,2026-07-26
08,Abitibi-Témiscamingue,Total (08) Abitibi-Témiscamingue,36,2026-07-21,patients_24h_plus,1,True,2026-07-26
08,Abitibi-Témiscamingue,Total (08) Abitibi-Témiscamingue,36,2026-07-22,patients_24h_plus,2,True,2026-07-26
08,Abitibi-Témiscamingue,Total (08) Abitibi-Témiscamingue,36,2026-07-23,patients_24h_plus,1,True,2026-07-26
08,Abitibi-Témiscamingue,Total (08) Abitibi-Témiscamingue,36,2026-07-24,patients_24h_plus,1,True,2026-07-26
08,Abitibi-Témiscamingue,Total (08) Abitibi-Témiscamingue,36,2026-07-25,patients_24h_plus,3,True,2026-07-26
08,Abitibi-Témiscamingue,Total (08) Abitibi-Témiscamingue,36,2026-07-26,patients_24h_plus,3,True,2026-07-26
08,Abitibi-Témiscamingue,Total (08) Abitibi-Témiscamingue,36,2026-07-20,patients_48h_plus,0,True,2026-07-26
08,Abitibi-Témiscamingue,Total (08) Abitibi-Témiscamingue,36,2026-07-21,patients_48h_plus,0,True,2026-07-26
08,Abitibi-Témiscamingue,Total (08) Abitibi-Témiscamingue,36,2026-07-22,patients_48h_plus,0,True,2026-07-26
08,Abitibi-Témiscamingue,Total (08) Abitibi-Témiscamingue,36,2026-07-23,patients_48h_plus,0,True,2026-07-26
08,Abitibi-Témiscamingue,Total (08) Abitibi-Témiscamingue,36,2026-07-24,patients_48h_plus,0,True,2026-07-26
08,Abitibi-Témiscamingue,Total (08) Abitibi-Témiscamingue,36,2026-07-25,patients_48h_plus,0,True,2026-07-26
08,Abitibi-Témiscamingue,Total (08) Abitibi-Témiscamingue,36,2026-07-26,patients_48h_plus,0,True,2026-07-26
08,Abitibi-Témiscamingue,Total (08) Abitibi-Témiscamingue,36,2026-07-20,visites_totales_veille,273,True,2026-07-26
08,Abitibi-Témiscamingue,Total (08) Abitibi-Témiscamingue,36,2026-07-21,visites_totales_veille,312,True,2026-07-26
08,Abitibi-Témiscamingue,Total (08) Abitibi-Témiscamingue,36,2026-07-22,visites_totales_veille,310,True,2026-07-26
08,Abitibi-Témiscamingue,Total (08) Abitibi-Témiscamingue,36,2026-07-23,visites_totales_veille,278,True,2026-07-26
08,Abitibi-Témiscamingue,Total (08) Abitibi-Témiscamingue,36,2026-07-24,visites_totales_veille,296,True,2026-07-26
08,Abitibi-Témiscamingue,Total (08) Abitibi-Témiscamingue,36,2026-07-25,visites_totales_veille,288,True,2026-07-26
08,Abitibi-Témiscamingue,Total (08) Abitibi-Témiscamingue,36,2026-07-26,visites_totales_veille,245,True,2026-07-26
08,Abitibi-Témiscamingue,Total (08) Abitibi-Témiscamingue,36,2026-07-20,taux_occupation,50,True,2026-07-26
08,Abitibi-Témiscamingue,Total (08) Abitibi-Témiscamingue,36,2026-07-21,taux_occupation,53,True,2026-07-26
08,Abitibi-Témiscamingue,Total (08) Abitibi-Témiscamingue,36,2026-07-22,taux_occupation,47,True,2026-07-26
08,Abitibi-Témiscamingue,Total (08) Abitibi-Témiscamingue,36,2026-07-23,taux_occupation,42,True,2026-07-26
08,Abitibi-Témiscamingue,Total (08) Abitibi-Témiscamingue,36,2026-07-24,taux_occupation,86,True,2026-07-26
08,Abitibi-Témiscamingue,Total (08) Abitibi-Témiscamingue,36,2026-07-25,taux_occupation,69,True,2026-07-26
08,Abitibi-Témiscamingue,Total (08) Abitibi-Témiscamingue,36,2026-07-26,taux_occupation,61,True,2026-07-26
09,Côte-Nord,Haute-Côte-Nord (Pavillon Forestville),5,2026-07-20,patients_sur_civiere,0,False,2026-07-26
09,Côte-Nord,Haute-Côte-Nord (Pavillon Forestville),5,2026-07-21,patients_sur_civiere,3,False,2026-07-26
09,Côte-Nord,Haute-Côte-Nord (Pavillon Forestville),5,2026-07-22,patients_sur_civiere,2,False,2026-07-26
09,Côte-Nord,Haute-Côte-Nord (Pavillon Forestville),5,2026-07-23,patients_sur_civiere,1,False,2026-07-26
09,Côte-Nord,Haute-Côte-Nord (Pavillon Forestville),5,2026-07-24,patients_sur_civiere,2,False,2026-07-26
09,Côte-Nord,Haute-Côte-Nord (Pavillon Forestville),5,2026-07-25,patients_sur_civiere,2,False,2026-07-26
09,Côte-Nord,Haute-Côte-Nord (Pavillon Forestville),5,2026-07-26,patients_sur_civiere,2,False,2026-07-26
09,Côte-Nord,Haute-Côte-Nord (Pavillon Forestville),5,2026-07-20,patients_24h_plus,0,False,2026-07-26
09,Côte-Nord,Haute-Côte-Nord (Pavillon Forestville),5,2026-07-21,patients_24h_plus,0,False,2026-07-26
09,Côte-Nord,Haute-Côte-Nord (Pavillon Forestville),5,2026-07-22,patients_24h_plus,1,False,2026-07-26
09,Côte-Nord,Haute-Côte-Nord (Pavillon Forestville),5,2026-07-23,patients_24h_plus,1,False,2026-07-26
09,Côte-Nord,Haute-Côte-Nord (Pavillon Forestville),5,2026-07-24,patients_24h_plus,0,False,2026-07-26
09,Côte-Nord,Haute-Côte-Nord (Pavillon Forestville),5,2026-07-25,patients_24h_plus,0,False,2026-07-26
09,Côte-Nord,Haute-Côte-Nord (Pavillon Forestville),5,2026-07-26,patients_24h_plus,0,False,2026-07-26
09,Côte-Nord,Haute-Côte-Nord (Pavillon Forestville),5,2026-07-20,patients_48h_plus,0,False,2026-07-26
09,Côte-Nord,Haute-Côte-Nord (Pavillon Forestville),5,2026-07-21,patients_48h_plus,0,False,2026-07-26
09,Côte-Nord,Haute-Côte-Nord (Pavillon Forestville),5,2026-07-22,patients_48h_plus,0,False,2026-07-26
09,Côte-Nord,Haute-Côte-Nord (Pavillon Forestville),5,2026-07-23,patients_48h_plus,1,False,2026-07-26
09,Côte-Nord,Haute-Côte-Nord (Pavillon Forestville),5,2026-07-24,patients_48h_plus,0,False,2026-07-26
09,Côte-Nord,Haute-Côte-Nord (Pavillon Forestville),5,2026-07-25,patients_48h_plus,0,False,2026-07-26
09,Côte-Nord,Haute-Côte-Nord (Pavillon Forestville),5,2026-07-26,patients_48h_plus,0,False,2026-07-26
09,Côte-Nord,Haute-Côte-Nord (Pavillon Forestville),5,2026-07-20,visites_totales_veille,26,False,2026-07-26
09,Côte-Nord,Haute-Côte-Nord (Pavillon Forestville),5,2026-07-21,visites_totales_veille,34,False,2026-07-26
09,Côte-Nord,Haute-Côte-Nord (Pavillon Forestville),5,2026-07-22,visites_totales_veille,32,False,2026-07-26
09,Côte-Nord,Haute-Côte-Nord (Pavillon Forestville),5,2026-07-23,visites_totales_veille,29,False,2026-07-26
09,Côte-Nord,Haute-Côte-Nord (Pavillon Forestville),5,2026-07-24,visites_totales_veille,38,False,2026-07-26
09,Côte-Nord,Haute-Côte-Nord (Pavillon Forestville),5,2026-07-25,visites_totales_veille,28,False,2026-07-26
09,Côte-Nord,Haute-Côte-Nord (Pavillon Forestville),5,2026-07-26,visites_totales_veille,33,False,2026-07-26
09,Côte-Nord,Haute-Côte-Nord (Pavillon Forestville),5,2026-07-20,taux_occupation,0,False,2026-07-26
09,Côte-Nord,Haute-Côte-Nord (Pavillon Forestville),5,2026-07-21,taux_occupation,60,False,2026-07-26
09,Côte-Nord,Haute-Côte-Nord (Pavillon Forestville),5,2026-07-22,taux_occupation,40,False,2026-07-26
09,Côte-Nord,Haute-Côte-Nord (Pavillon Forestville),5,2026-07-23,taux_occupation,20,False,2026-07-26
09,Côte-Nord,Haute-Côte-Nord (Pavillon Forestville),5,2026-07-24,taux_occupation,40,False,2026-07-26
09,Côte-Nord,Haute-Côte-Nord (Pavillon Forestville),5,2026-07-25,taux_occupation,40,False,2026-07-26
09,Côte-Nord,Haute-Côte-Nord (Pavillon Forestville),5,2026-07-26,taux_occupation,40,False,2026-07-26
09,Côte-Nord,Haute-Côte-Nord (Pavillon Escoumins),3,2026-07-20,patients_sur_civiere,1,False,2026-07-26
09,Côte-Nord,Haute-Côte-Nord (Pavillon Escoumins),3,2026-07-21,patients_sur_civiere,2,False,2026-07-26
09,Côte-Nord,Haute-Côte-Nord (Pavillon Escoumins),3,2026-07-22,patients_sur_civiere,0,False,2026-07-26
09,Côte-Nord,Haute-Côte-Nord (Pavillon Escoumins),3,2026-07-23,patients_sur_civiere,2,False,2026-07-26
09,Côte-Nord,Haute-Côte-Nord (Pavillon Escoumins),3,2026-07-24,patients_sur_civiere,2,False,2026-07-26
09,Côte-Nord,Haute-Côte-Nord (Pavillon Escoumins),3,2026-07-25,patients_sur_civiere,2,False,2026-07-26
09,Côte-Nord,Haute-Côte-Nord (Pavillon Escoumins),3,2026-07-26,patients_sur_civiere,3,False,2026-07-26
09,Côte-Nord,Haute-Côte-Nord (Pavillon Escoumins),3,2026-07-20,patients_24h_plus,0,False,2026-07-26
09,Côte-Nord,Haute-Côte-Nord (Pavillon Escoumins),3,2026-07-21,patients_24h_plus,0,False,2026-07-26
09,Côte-Nord,Haute-Côte-Nord (Pavillon Escoumins),3,2026-07-22,patients_24h_plus,0,False,2026-07-26
09,Côte-Nord,Haute-Côte-Nord (Pavillon Escoumins),3,2026-07-23,patients_24h_plus,0,False,2026-07-26
09,Côte-Nord,Haute-Côte-Nord (Pavillon Escoumins),3,2026-07-24,patients_24h_plus,0,False,2026-07-26
09,Côte-Nord,Haute-Côte-Nord (Pavillon Escoumins),3,2026-07-25,patients_24h_plus,1,False,2026-07-26
09,Côte-Nord,Haute-Côte-Nord (Pavillon Escoumins),3,2026-07-26,patients_24h_plus,0,False,2026-07-26
09,Côte-Nord,Haute-Côte-Nord (Pavillon Escoumins),3,2026-07-20,patients_48h_plus,0,False,2026-07-26
09,Côte-Nord,Haute-Côte-Nord (Pavillon Escoumins),3,2026-07-21,patients_48h_plus,0,False,2026-07-26
09,Côte-Nord,Haute-Côte-Nord (Pavillon Escoumins),3,2026-07-22,patients_48h_plus,0,False,2026-07-26
09,Côte-Nord,Haute-Côte-Nord (Pavillon Escoumins),3,2026-07-23,patients_48h_plus,0,False,2026-07-26
09,Côte-Nord,Haute-Côte-Nord (Pavillon Escoumins),3,2026-07-24,patients_48h_plus,0,False,2026-07-26
09,Côte-Nord,Haute-Côte-Nord (Pavillon Escoumins),3,2026-07-25,patients_48h_plus,0,False,2026-07-26
09,Côte-Nord,Haute-Côte-Nord (Pavillon Escoumins),3,2026-07-26,patients_48h_plus,0,False,2026-07-26
09,Côte-Nord,Haute-Côte-Nord (Pavillon Escoumins),3,2026-07-20,visites_totales_veille,35,False,2026-07-26
09,Côte-Nord,Haute-Côte-Nord (Pavillon Escoumins),3,2026-07-21,visites_totales_veille,37,False,2026-07-26
09,Côte-Nord,Haute-Côte-Nord (Pavillon Escoumins),3,2026-07-22,visites_totales_veille,33,False,2026-07-26
09,Côte-Nord,Haute-Côte-Nord (Pavillon Escoumins),3,2026-07-23,visites_totales_veille,33,False,2026-07-26
09,Côte-Nord,Haute-Côte-Nord (Pavillon Escoumins),3,2026-07-24,visites_totales_veille,29,False,2026-07-26
09,Côte-Nord,Haute-Côte-Nord (Pavillon Escoumins),3,2026-07-25,visites_totales_veille,34,False,2026-07-26
09,Côte-Nord,Haute-Côte-Nord (Pavillon Escoumins),3,2026-07-26,visites_totales_veille,28,False,2026-07-26
09,Côte-Nord,Haute-Côte-Nord (Pavillon Escoumins),3,2026-07-20,taux_occupation,33,False,2026-07-26
09,Côte-Nord,Haute-Côte-Nord (Pavillon Escoumins),3,2026-07-21,taux_occupation,67,False,2026-07-26
09,Côte-Nord,Haute-Côte-Nord (Pavillon Escoumins),3,2026-07-22,taux_occupation,0,False,2026-07-26
09,Côte-Nord,Haute-Côte-Nord (Pavillon Escoumins),3,2026-07-23,taux_occupation,67,False,2026-07-26
09,Côte-Nord,Haute-Côte-Nord (Pavillon Escoumins),3,2026-07-24,taux_occupation,67,False,2026-07-26
09,Côte-Nord,Haute-Côte-Nord (Pavillon Escoumins),3,2026-07-25,taux_occupation,67,False,2026-07-26
09,Côte-Nord,Haute-Côte-Nord (Pavillon Escoumins),3,2026-07-26,taux_occupation,100,False,2026-07-26
09,Côte-Nord,Hôpital Le Royer,10,2026-07-20,patients_sur_civiere,19,False,2026-07-26
09,Côte-Nord,Hôpital Le Royer,10,2026-07-21,patients_sur_civiere,21,False,2026-07-26
09,Côte-Nord,Hôpital Le Royer,10,2026-07-22,patients_sur_civiere,21,False,2026-07-26
09,Côte-Nord,Hôpital Le Royer,10,2026-07-23,patients_sur_civiere,15,False,2026-07-26
09,Côte-Nord,Hôpital Le Royer,10,2026-07-24,patients_sur_civiere,14,False,2026-07-26
09,Côte-Nord,Hôpital Le Royer,10,2026-07-25,patients_sur_civiere,18,False,2026-07-26
09,Côte-Nord,Hôpital Le Royer,10,2026-07-26,patients_sur_civiere,20,False,2026-07-26
09,Côte-Nord,Hôpital Le Royer,10,2026-07-20,patients_24h_plus,7,False,2026-07-26
09,Côte-Nord,Hôpital Le Royer,10,2026-07-21,patients_24h_plus,11,False,2026-07-26
09,Côte-Nord,Hôpital Le Royer,10,2026-07-22,patients_24h_plus,13,False,2026-07-26
09,Côte-Nord,Hôpital Le Royer,10,2026-07-23,patients_24h_plus,8,False,2026-07-26
09,Côte-Nord,Hôpital Le Royer,10,2026-07-24,patients_24h_plus,5,False,2026-07-26
09,Côte-Nord,Hôpital Le Royer,10,2026-07-25,patients_24h_plus,7,False,2026-07-26
09,Côte-Nord,Hôpital Le Royer,10,2026-07-26,patients_24h_plus,5,False,2026-07-26
09,Côte-Nord,Hôpital Le Royer,10,2026-07-20,patients_48h_plus,4,False,2026-07-26
09,Côte-Nord,Hôpital Le Royer,10,2026-07-21,patients_48h_plus,5,False,2026-07-26
09,Côte-Nord,Hôpital Le Royer,10,2026-07-22,patients_48h_plus,9,False,2026-07-26
09,Côte-Nord,Hôpital Le Royer,10,2026-07-23,patients_48h_plus,4,False,2026-07-26
09,Côte-Nord,Hôpital Le Royer,10,2026-07-24,patients_48h_plus,2,False,2026-07-26
09,Côte-Nord,Hôpital Le Royer,10,2026-07-25,patients_48h_plus,1,False,2026-07-26
09,Côte-Nord,Hôpital Le Royer,10,2026-07-26,patients_48h_plus,3,False,2026-07-26
09,Côte-Nord,Hôpital Le Royer,10,2026-07-20,visites_totales_veille,57,False,2026-07-26
09,Côte-Nord,Hôpital Le Royer,10,2026-07-21,visites_totales_veille,64,False,2026-07-26
09,Côte-Nord,Hôpital Le Royer,10,2026-07-22,visites_totales_veille,49,False,2026-07-26
09,Côte-Nord,Hôpital Le Royer,10,2026-07-23,visites_totales_veille,60,False,2026-07-26
09,Côte-Nord,Hôpital Le Royer,10,2026-07-24,visites_totales_veille,47,False,2026-07-26
09,Côte-Nord,Hôpital Le Royer,10,2026-07-25,visites_totales_veille,57,False,2026-07-26
09,Côte-Nord,Hôpital Le Royer,10,2026-07-26,visites_totales_veille,56,False,2026-07-26
09,Côte-Nord,Hôpital Le Royer,10,2026-07-20,taux_occupation,190,False,2026-07-26
09,Côte-Nord,Hôpital Le Royer,10,2026-07-21,taux_occupation,210,False,2026-07-26
09,Côte-Nord,Hôpital Le Royer,10,2026-07-22,taux_occupation,210,False,2026-07-26
09,Côte-Nord,Hôpital Le Royer,10,2026-07-23,taux_occupation,150,False,2026-07-26
09,Côte-Nord,Hôpital Le Royer,10,2026-07-24,taux_occupation,140,False,2026-07-26
09,Côte-Nord,Hôpital Le Royer,10,2026-07-25,taux_occupation,180,False,2026-07-26
09,Côte-Nord,Hôpital Le Royer,10,2026-07-26,taux_occupation,200,False,2026-07-26
09,Côte-Nord,Port-Cartier,5,2026-07-20,patients_sur_civiere,4,False,2026-07-26
09,Côte-Nord,Port-Cartier,5,2026-07-21,patients_sur_civiere,6,False,2026-07-26
09,Côte-Nord,Port-Cartier,5,2026-07-22,patients_sur_civiere,5,False,2026-07-26
09,Côte-Nord,Port-Cartier,5,2026-07-23,patients_sur_civiere,1,False,2026-07-26
09,Côte-Nord,Port-Cartier,5,2026-07-24,patients_sur_civiere,1,False,2026-07-26
09,Côte-Nord,Port-Cartier,5,2026-07-25,patients_sur_civiere,1,False,2026-07-26
09,Côte-Nord,Port-Cartier,5,2026-07-26,patients_sur_civiere,1,False,2026-07-26
09,Côte-Nord,Port-Cartier,5,2026-07-20,patients_24h_plus,1,False,2026-07-26
09,Côte-Nord,Port-Cartier,5,2026-07-21,patients_24h_plus,2,False,2026-07-26
09,Côte-Nord,Port-Cartier,5,2026-07-22,patients_24h_plus,3,False,2026-07-26
09,Côte-Nord,Port-Cartier,5,2026-07-23,patients_24h_plus,1,False,2026-07-26
09,Côte-Nord,Port-Cartier,5,2026-07-24,patients_24h_plus,0,False,2026-07-26
09,Côte-Nord,Port-Cartier,5,2026-07-25,patients_24h_plus,0,False,2026-07-26
09,Côte-Nord,Port-Cartier,5,2026-07-26,patients_24h_plus,1,False,2026-07-26
09,Côte-Nord,Port-Cartier,5,2026-07-20,patients_48h_plus,1,False,2026-07-26
09,Côte-Nord,Port-Cartier,5,2026-07-21,patients_48h_plus,1,False,2026-07-26
09,Côte-Nord,Port-Cartier,5,2026-07-22,patients_48h_plus,1,False,2026-07-26
09,Côte-Nord,Port-Cartier,5,2026-07-23,patients_48h_plus,1,False,2026-07-26
09,Côte-Nord,Port-Cartier,5,2026-07-24,patients_48h_plus,0,False,2026-07-26
09,Côte-Nord,Port-Cartier,5,2026-07-25,patients_48h_plus,0,False,2026-07-26
09,Côte-Nord,Port-Cartier,5,2026-07-26,patients_48h_plus,0,False,2026-07-26
09,Côte-Nord,Port-Cartier,5,2026-07-20,visites_totales_veille,34,False,2026-07-26
09,Côte-Nord,Port-Cartier,5,2026-07-21,visites_totales_veille,44,False,2026-07-26
09,Côte-Nord,Port-Cartier,5,2026-07-22,visites_totales_veille,33,False,2026-07-26
09,Côte-Nord,Port-Cartier,5,2026-07-23,visites_totales_veille,30,False,2026-07-26
09,Côte-Nord,Port-Cartier,5,2026-07-24,visites_totales_veille,29,False,2026-07-26
09,Côte-Nord,Port-Cartier,5,2026-07-25,visites_totales_veille,33,False,2026-07-26
09,Côte-Nord,Port-Cartier,5,2026-07-26,visites_totales_veille,32,False,2026-07-26
09,Côte-Nord,Port-Cartier,5,2026-07-20,taux_occupation,80,False,2026-07-26
09,Côte-Nord,Port-Cartier,5,2026-07-21,taux_occupation,120,False,2026-07-26
09,Côte-Nord,Port-Cartier,5,2026-07-22,taux_occupation,100,False,2026-07-26
09,Côte-Nord,Port-Cartier,5,2026-07-23,taux_occupation,20,False,2026-07-26
09,Côte-Nord,Port-Cartier,5,2026-07-24,taux_occupation,20,False,2026-07-26
09,Côte-Nord,Port-Cartier,5,2026-07-25,taux_occupation,20,False,2026-07-26
09,Côte-Nord,Port-Cartier,5,2026-07-26,taux_occupation,20,False,2026-07-26
09,Côte-Nord,Hôpital et Centre d'hébergement de Sept-Iles,10,2026-07-20,patients_sur_civiere,17,False,2026-07-26
09,Côte-Nord,Hôpital et Centre d'hébergement de Sept-Iles,10,2026-07-21,patients_sur_civiere,12,False,2026-07-26
09,Côte-Nord,Hôpital et Centre d'hébergement de Sept-Iles,10,2026-07-22,patients_sur_civiere,10,False,2026-07-26
09,Côte-Nord,Hôpital et Centre d'hébergement de Sept-Iles,10,2026-07-23,patients_sur_civiere,10,False,2026-07-26
09,Côte-Nord,Hôpital et Centre d'hébergement de Sept-Iles,10,2026-07-24,patients_sur_civiere,14,False,2026-07-26
09,Côte-Nord,Hôpital et Centre d'hébergement de Sept-Iles,10,2026-07-25,patients_sur_civiere,11,False,2026-07-26
09,Côte-Nord,Hôpital et Centre d'hébergement de Sept-Iles,10,2026-07-26,patients_sur_civiere,13,False,2026-07-26
09,Côte-Nord,Hôpital et Centre d'hébergement de Sept-Iles,10,2026-07-20,patients_24h_plus,6,False,2026-07-26
09,Côte-Nord,Hôpital et Centre d'hébergement de Sept-Iles,10,2026-07-21,patients_24h_plus,4,False,2026-07-26
09,Côte-Nord,Hôpital et Centre d'hébergement de Sept-Iles,10,2026-07-22,patients_24h_plus,3,False,2026-07-26
09,Côte-Nord,Hôpital et Centre d'hébergement de Sept-Iles,10,2026-07-23,patients_24h_plus,2,False,2026-07-26
09,Côte-Nord,Hôpital et Centre d'hébergement de Sept-Iles,10,2026-07-24,patients_24h_plus,2,False,2026-07-26
09,Côte-Nord,Hôpital et Centre d'hébergement de Sept-Iles,10,2026-07-25,patients_24h_plus,1,False,2026-07-26
09,Côte-Nord,Hôpital et Centre d'hébergement de Sept-Iles,10,2026-07-26,patients_24h_plus,1,False,2026-07-26
09,Côte-Nord,Hôpital et Centre d'hébergement de Sept-Iles,10,2026-07-20,patients_48h_plus,4,False,2026-07-26
09,Côte-Nord,Hôpital et Centre d'hébergement de Sept-Iles,10,2026-07-21,patients_48h_plus,2,False,2026-07-26
09,Côte-Nord,Hôpital et Centre d'hébergement de Sept-Iles,10,2026-07-22,patients_48h_plus,1,False,2026-07-26
09,Côte-Nord,Hôpital et Centre d'hébergement de Sept-Iles,10,2026-07-23,patients_48h_plus,0,False,2026-07-26
09,Côte-Nord,Hôpital et Centre d'hébergement de Sept-Iles,10,2026-07-24,patients_48h_plus,0,False,2026-07-26
09,Côte-Nord,Hôpital et Centre d'hébergement de Sept-Iles,10,2026-07-25,patients_48h_plus,0,False,2026-07-26
09,Côte-Nord,Hôpital et Centre d'hébergement de Sept-Iles,10,2026-07-26,patients_48h_plus,0,False,2026-07-26
09,Côte-Nord,Hôpital et Centre d'hébergement de Sept-Iles,10,2026-07-20,visites_totales_veille,55,False,2026-07-26
09,Côte-Nord,Hôpital et Centre d'hébergement de Sept-Iles,10,2026-07-21,visites_totales_veille,57,False,2026-07-26
09,Côte-Nord,Hôpital et Centre d'hébergement de Sept-Iles,10,2026-07-22,visites_totales_veille,58,False,2026-07-26
09,Côte-Nord,Hôpital et Centre d'hébergement de Sept-Iles,10,2026-07-23,visites_totales_veille,49,False,2026-07-26
09,Côte-Nord,Hôpital et Centre d'hébergement de Sept-Iles,10,2026-07-24,visites_totales_veille,59,False,2026-07-26
09,Côte-Nord,Hôpital et Centre d'hébergement de Sept-Iles,10,2026-07-25,visites_totales_veille,59,False,2026-07-26
09,Côte-Nord,Hôpital et Centre d'hébergement de Sept-Iles,10,2026-07-26,visites_totales_veille,49,False,2026-07-26
09,Côte-Nord,Hôpital et Centre d'hébergement de Sept-Iles,10,2026-07-20,taux_occupation,170,False,2026-07-26
09,Côte-Nord,Hôpital et Centre d'hébergement de Sept-Iles,10,2026-07-21,taux_occupation,120,False,2026-07-26
09,Côte-Nord,Hôpital et Centre d'hébergement de Sept-Iles,10,2026-07-22,taux_occupation,100,False,2026-07-26
09,Côte-Nord,Hôpital et Centre d'hébergement de Sept-Iles,10,2026-07-23,taux_occupation,100,False,2026-07-26
09,Côte-Nord,Hôpital et Centre d'hébergement de Sept-Iles,10,2026-07-24,taux_occupation,140,False,2026-07-26
09,Côte-Nord,Hôpital et Centre d'hébergement de Sept-Iles,10,2026-07-25,taux_occupation,110,False,2026-07-26
09,Côte-Nord,Hôpital et Centre d'hébergement de Sept-Iles,10,2026-07-26,taux_occupation,130,False,2026-07-26
09,Côte-Nord,Total (09) Côte-Nord,33,2026-07-20,patients_sur_civiere,41,True,2026-07-26
09,Côte-Nord,Total (09) Côte-Nord,33,2026-07-21,patients_sur_civiere,44,True,2026-07-26
09,Côte-Nord,Total (09) Côte-Nord,33,2026-07-22,patients_sur_civiere,38,True,2026-07-26
09,Côte-Nord,Total (09) Côte-Nord,33,2026-07-23,patients_sur_civiere,29,True,2026-07-26
09,Côte-Nord,Total (09) Côte-Nord,33,2026-07-24,patients_sur_civiere,33,True,2026-07-26
09,Côte-Nord,Total (09) Côte-Nord,33,2026-07-25,patients_sur_civiere,34,True,2026-07-26
09,Côte-Nord,Total (09) Côte-Nord,33,2026-07-26,patients_sur_civiere,39,True,2026-07-26
09,Côte-Nord,Total (09) Côte-Nord,33,2026-07-20,patients_24h_plus,14,True,2026-07-26
09,Côte-Nord,Total (09) Côte-Nord,33,2026-07-21,patients_24h_plus,17,True,2026-07-26
09,Côte-Nord,Total (09) Côte-Nord,33,2026-07-22,patients_24h_plus,20,True,2026-07-26
09,Côte-Nord,Total (09) Côte-Nord,33,2026-07-23,patients_24h_plus,12,True,2026-07-26
09,Côte-Nord,Total (09) Côte-Nord,33,2026-07-24,patients_24h_plus,7,True,2026-07-26
09,Côte-Nord,Total (09) Côte-Nord,33,2026-07-25,patients_24h_plus,9,True,2026-07-26
09,Côte-Nord,Total (09) Côte-Nord,33,2026-07-26,patients_24h_plus,7,True,2026-07-26
09,Côte-Nord,Total (09) Côte-Nord,33,2026-07-20,patients_48h_plus,9,True,2026-07-26
09,Côte-Nord,Total (09) Côte-Nord,33,2026-07-21,patients_48h_plus,8,True,2026-07-26
09,Côte-Nord,Total (09) Côte-Nord,33,2026-07-22,patients_48h_plus,11,True,2026-07-26
09,Côte-Nord,Total (09) Côte-Nord,33,2026-07-23,patients_48h_plus,6,True,2026-07-26
09,Côte-Nord,Total (09) Côte-Nord,33,2026-07-24,patients_48h_plus,2,True,2026-07-26
09,Côte-Nord,Total (09) Côte-Nord,33,2026-07-25,patients_48h_plus,1,True,2026-07-26
09,Côte-Nord,Total (09) Côte-Nord,33,2026-07-26,patients_48h_plus,3,True,2026-07-26
09,Côte-Nord,Total (09) Côte-Nord,33,2026-07-20,visites_totales_veille,207,True,2026-07-26
09,Côte-Nord,Total (09) Côte-Nord,33,2026-07-21,visites_totales_veille,236,True,2026-07-26
09,Côte-Nord,Total (09) Côte-Nord,33,2026-07-22,visites_totales_veille,205,True,2026-07-26
09,Côte-Nord,Total (09) Côte-Nord,33,2026-07-23,visites_totales_veille,201,True,2026-07-26
09,Côte-Nord,Total (09) Côte-Nord,33,2026-07-24,visites_totales_veille,202,True,2026-07-26
09,Côte-Nord,Total (09) Côte-Nord,33,2026-07-25,visites_totales_veille,211,True,2026-07-26
09,Côte-Nord,Total (09) Côte-Nord,33,2026-07-26,visites_totales_veille,198,True,2026-07-26
09,Côte-Nord,Total (09) Côte-Nord,33,2026-07-20,taux_occupation,124,True,2026-07-26
09,Côte-Nord,Total (09) Côte-Nord,33,2026-07-21,taux_occupation,133,True,2026-07-26
09,Côte-Nord,Total (09) Côte-Nord,33,2026-07-22,taux_occupation,115,True,2026-07-26
09,Côte-Nord,Total (09) Côte-Nord,33,2026-07-23,taux_occupation,88,True,2026-07-26
09,Côte-Nord,Total (09) Côte-Nord,33,2026-07-24,taux_occupation,100,True,2026-07-26
09,Côte-Nord,Total (09) Côte-Nord,33,2026-07-25,taux_occupation,103,True,2026-07-26
09,Côte-Nord,Total (09) Côte-Nord,33,2026-07-26,taux_occupation,118,True,2026-07-26
10,Nord-du-Québec,269,1,2026-07-20,patients_sur_civiere,0,False,2026-07-26
10,Nord-du-Québec,269,1,2026-07-21,patients_sur_civiere,0,False,2026-07-26
10,Nord-du-Québec,269,1,2026-07-22,patients_sur_civiere,0,False,2026-07-26
10,Nord-du-Québec,269,1,2026-07-23,patients_sur_civiere,0,False,2026-07-26
10,Nord-du-Québec,269,1,2026-07-24,patients_sur_civiere,0,False,2026-07-26
10,Nord-du-Québec,269,1,2026-07-25,patients_sur_civiere,0,False,2026-07-26
10,Nord-du-Québec,269,1,2026-07-26,patients_sur_civiere,0,False,2026-07-26
10,Nord-du-Québec,269,1,2026-07-20,patients_24h_plus,0,False,2026-07-26
10,Nord-du-Québec,269,1,2026-07-21,patients_24h_plus,0,False,2026-07-26
10,Nord-du-Québec,269,1,2026-07-22,patients_24h_plus,0,False,2026-07-26
10,Nord-du-Québec,269,1,2026-07-23,patients_24h_plus,0,False,2026-07-26
10,Nord-du-Québec,269,1,2026-07-24,patients_24h_plus,0,False,2026-07-26
10,Nord-du-Québec,269,1,2026-07-25,patients_24h_plus,0,False,2026-07-26
10,Nord-du-Québec,269,1,2026-07-26,patients_24h_plus,0,False,2026-07-26
10,Nord-du-Québec,269,1,2026-07-20,patients_48h_plus,0,False,2026-07-26
10,Nord-du-Québec,269,1,2026-07-21,patients_48h_plus,0,False,2026-07-26
10,Nord-du-Québec,269,1,2026-07-22,patients_48h_plus,0,False,2026-07-26
10,Nord-du-Québec,269,1,2026-07-23,patients_48h_plus,0,False,2026-07-26
10,Nord-du-Québec,269,1,2026-07-24,patients_48h_plus,0,False,2026-07-26
10,Nord-du-Québec,269,1,2026-07-25,patients_48h_plus,0,False,2026-07-26
10,Nord-du-Québec,269,1,2026-07-26,patients_48h_plus,0,False,2026-07-26
10,Nord-du-Québec,269,1,2026-07-20,visites_totales_veille,0,False,2026-07-26
10,Nord-du-Québec,269,1,2026-07-21,visites_totales_veille,3,False,2026-07-26
10,Nord-du-Québec,269,1,2026-07-22,visites_totales_veille,2,False,2026-07-26
10,Nord-du-Québec,269,1,2026-07-23,visites_totales_veille,1,False,2026-07-26
10,Nord-du-Québec,269,1,2026-07-24,visites_totales_veille,1,False,2026-07-26
10,Nord-du-Québec,269,1,2026-07-25,visites_totales_veille,3,False,2026-07-26
10,Nord-du-Québec,269,1,2026-07-26,visites_totales_veille,2,False,2026-07-26
10,Nord-du-Québec,269,1,2026-07-20,taux_occupation,0,False,2026-07-26
10,Nord-du-Québec,269,1,2026-07-21,taux_occupation,0,False,2026-07-26
10,Nord-du-Québec,269,1,2026-07-22,taux_occupation,0,False,2026-07-26
10,Nord-du-Québec,269,1,2026-07-23,taux_occupation,0,False,2026-07-26
10,Nord-du-Québec,269,1,2026-07-24,taux_occupation,0,False,2026-07-26
10,Nord-du-Québec,269,1,2026-07-25,taux_occupation,0,False,2026-07-26
10,Nord-du-Québec,269,1,2026-07-26,taux_occupation,0,False,2026-07-26
10,Nord-du-Québec,Centre de santé Lebel,2,2026-07-20,patients_sur_civiere,0,False,2026-07-26
10,Nord-du-Québec,Centre de santé Lebel,2,2026-07-21,patients_sur_civiere,0,False,2026-07-26
10,Nord-du-Québec,Centre de santé Lebel,2,2026-07-22,patients_sur_civiere,0,False,2026-07-26
10,Nord-du-Québec,Centre de santé Lebel,2,2026-07-23,patients_sur_civiere,1,False,2026-07-26
10,Nord-du-Québec,Centre de santé Lebel,2,2026-07-24,patients_sur_civiere,4,False,2026-07-26
10,Nord-du-Québec,Centre de santé Lebel,2,2026-07-25,patients_sur_civiere,0,False,2026-07-26
10,Nord-du-Québec,Centre de santé Lebel,2,2026-07-26,patients_sur_civiere,2,False,2026-07-26
10,Nord-du-Québec,Centre de santé Lebel,2,2026-07-20,patients_24h_plus,0,False,2026-07-26
10,Nord-du-Québec,Centre de santé Lebel,2,2026-07-21,patients_24h_plus,0,False,2026-07-26
10,Nord-du-Québec,Centre de santé Lebel,2,2026-07-22,patients_24h_plus,0,False,2026-07-26
10,Nord-du-Québec,Centre de santé Lebel,2,2026-07-23,patients_24h_plus,0,False,2026-07-26
10,Nord-du-Québec,Centre de santé Lebel,2,2026-07-24,patients_24h_plus,1,False,2026-07-26
10,Nord-du-Québec,Centre de santé Lebel,2,2026-07-25,patients_24h_plus,0,False,2026-07-26
10,Nord-du-Québec,Centre de santé Lebel,2,2026-07-26,patients_24h_plus,0,False,2026-07-26
10,Nord-du-Québec,Centre de santé Lebel,2,2026-07-20,patients_48h_plus,0,False,2026-07-26
10,Nord-du-Québec,Centre de santé Lebel,2,2026-07-21,patients_48h_plus,0,False,2026-07-26
10,Nord-du-Québec,Centre de santé Lebel,2,2026-07-22,patients_48h_plus,0,False,2026-07-26
10,Nord-du-Québec,Centre de santé Lebel,2,2026-07-23,patients_48h_plus,0,False,2026-07-26
10,Nord-du-Québec,Centre de santé Lebel,2,2026-07-24,patients_48h_plus,0,False,2026-07-26
10,Nord-du-Québec,Centre de santé Lebel,2,2026-07-25,patients_48h_plus,0,False,2026-07-26
10,Nord-du-Québec,Centre de santé Lebel,2,2026-07-26,patients_48h_plus,0,False,2026-07-26
10,Nord-du-Québec,Centre de santé Lebel,2,2026-07-20,visites_totales_veille,12,False,2026-07-26
10,Nord-du-Québec,Centre de santé Lebel,2,2026-07-21,visites_totales_veille,28,False,2026-07-26
10,Nord-du-Québec,Centre de santé Lebel,2,2026-07-22,visites_totales_veille,28,False,2026-07-26
10,Nord-du-Québec,Centre de santé Lebel,2,2026-07-23,visites_totales_veille,14,False,2026-07-26
10,Nord-du-Québec,Centre de santé Lebel,2,2026-07-24,visites_totales_veille,15,False,2026-07-26
10,Nord-du-Québec,Centre de santé Lebel,2,2026-07-25,visites_totales_veille,19,False,2026-07-26
10,Nord-du-Québec,Centre de santé Lebel,2,2026-07-26,visites_totales_veille,18,False,2026-07-26
10,Nord-du-Québec,Centre de santé Lebel,2,2026-07-20,taux_occupation,0,False,2026-07-26
10,Nord-du-Québec,Centre de santé Lebel,2,2026-07-21,taux_occupation,0,False,2026-07-26
10,Nord-du-Québec,Centre de santé Lebel,2,2026-07-22,taux_occupation,0,False,2026-07-26
10,Nord-du-Québec,Centre de santé Lebel,2,2026-07-23,taux_occupation,50,False,2026-07-26
10,Nord-du-Québec,Centre de santé Lebel,2,2026-07-24,taux_occupation,200,False,2026-07-26
10,Nord-du-Québec,Centre de santé Lebel,2,2026-07-25,taux_occupation,0,False,2026-07-26
10,Nord-du-Québec,Centre de santé Lebel,2,2026-07-26,taux_occupation,100,False,2026-07-26
10,Nord-du-Québec,Centre de santé Isle-Dieu,1,2026-07-20,patients_sur_civiere,0,False,2026-07-26
10,Nord-du-Québec,Centre de santé Isle-Dieu,1,2026-07-21,patients_sur_civiere,0,False,2026-07-26
10,Nord-du-Québec,Centre de santé Isle-Dieu,1,2026-07-22,patients_sur_civiere,0,False,2026-07-26
10,Nord-du-Québec,Centre de santé Isle-Dieu,1,2026-07-23,patients_sur_civiere,0,False,2026-07-26
10,Nord-du-Québec,Centre de santé Isle-Dieu,1,2026-07-24,patients_sur_civiere,0,False,2026-07-26
10,Nord-du-Québec,Centre de santé Isle-Dieu,1,2026-07-25,patients_sur_civiere,1,False,2026-07-26
10,Nord-du-Québec,Centre de santé Isle-Dieu,1,2026-07-26,patients_sur_civiere,0,False,2026-07-26
10,Nord-du-Québec,Centre de santé Isle-Dieu,1,2026-07-20,patients_24h_plus,0,False,2026-07-26
10,Nord-du-Québec,Centre de santé Isle-Dieu,1,2026-07-21,patients_24h_plus,0,False,2026-07-26
10,Nord-du-Québec,Centre de santé Isle-Dieu,1,2026-07-22,patients_24h_plus,0,False,2026-07-26
10,Nord-du-Québec,Centre de santé Isle-Dieu,1,2026-07-23,patients_24h_plus,0,False,2026-07-26
10,Nord-du-Québec,Centre de santé Isle-Dieu,1,2026-07-24,patients_24h_plus,0,False,2026-07-26
10,Nord-du-Québec,Centre de santé Isle-Dieu,1,2026-07-25,patients_24h_plus,0,False,2026-07-26
10,Nord-du-Québec,Centre de santé Isle-Dieu,1,2026-07-26,patients_24h_plus,0,False,2026-07-26
10,Nord-du-Québec,Centre de santé Isle-Dieu,1,2026-07-20,patients_48h_plus,0,False,2026-07-26
10,Nord-du-Québec,Centre de santé Isle-Dieu,1,2026-07-21,patients_48h_plus,0,False,2026-07-26
10,Nord-du-Québec,Centre de santé Isle-Dieu,1,2026-07-22,patients_48h_plus,0,False,2026-07-26
10,Nord-du-Québec,Centre de santé Isle-Dieu,1,2026-07-23,patients_48h_plus,0,False,2026-07-26
10,Nord-du-Québec,Centre de santé Isle-Dieu,1,2026-07-24,patients_48h_plus,0,False,2026-07-26
10,Nord-du-Québec,Centre de santé Isle-Dieu,1,2026-07-25,patients_48h_plus,0,False,2026-07-26
10,Nord-du-Québec,Centre de santé Isle-Dieu,1,2026-07-26,patients_48h_plus,0,False,2026-07-26
10,Nord-du-Québec,Centre de santé Isle-Dieu,1,2026-07-20,visites_totales_veille,5,False,2026-07-26
10,Nord-du-Québec,Centre de santé Isle-Dieu,1,2026-07-21,visites_totales_veille,16,False,2026-07-26
10,Nord-du-Québec,Centre de santé Isle-Dieu,1,2026-07-22,visites_totales_veille,21,False,2026-07-26
10,Nord-du-Québec,Centre de santé Isle-Dieu,1,2026-07-23,visites_totales_veille,13,False,2026-07-26
10,Nord-du-Québec,Centre de santé Isle-Dieu,1,2026-07-24,visites_totales_veille,14,False,2026-07-26
10,Nord-du-Québec,Centre de santé Isle-Dieu,1,2026-07-25,visites_totales_veille,19,False,2026-07-26
10,Nord-du-Québec,Centre de santé Isle-Dieu,1,2026-07-26,visites_totales_veille,6,False,2026-07-26
10,Nord-du-Québec,Centre de santé Isle-Dieu,1,2026-07-20,taux_occupation,0,False,2026-07-26
10,Nord-du-Québec,Centre de santé Isle-Dieu,1,2026-07-21,taux_occupation,0,False,2026-07-26
10,Nord-du-Québec,Centre de santé Isle-Dieu,1,2026-07-22,taux_occupation,0,False,2026-07-26
10,Nord-du-Québec,Centre de santé Isle-Dieu,1,2026-07-23,taux_occupation,0,False,2026-07-26
10,Nord-du-Québec,Centre de santé Isle-Dieu,1,2026-07-24,taux_occupation,0,False,2026-07-26
10,Nord-du-Québec,Centre de santé Isle-Dieu,1,2026-07-25,taux_occupation,100,False,2026-07-26
10,Nord-du-Québec,Centre de santé Isle-Dieu,1,2026-07-26,taux_occupation,0,False,2026-07-26
10,Nord-du-Québec,Centre de santé René-Ricard,1,2026-07-20,patients_sur_civiere,0,False,2026-07-26
10,Nord-du-Québec,Centre de santé René-Ricard,1,2026-07-21,patients_sur_civiere,0,False,2026-07-26
10,Nord-du-Québec,Centre de santé René-Ricard,1,2026-07-22,patients_sur_civiere,1,False,2026-07-26
10,Nord-du-Québec,Centre de santé René-Ricard,1,2026-07-23,patients_sur_civiere,1,False,2026-07-26
10,Nord-du-Québec,Centre de santé René-Ricard,1,2026-07-24,patients_sur_civiere,0,False,2026-07-26
10,Nord-du-Québec,Centre de santé René-Ricard,1,2026-07-25,patients_sur_civiere,0,False,2026-07-26
10,Nord-du-Québec,Centre de santé René-Ricard,1,2026-07-26,patients_sur_civiere,2,False,2026-07-26
10,Nord-du-Québec,Centre de santé René-Ricard,1,2026-07-20,patients_24h_plus,0,False,2026-07-26
10,Nord-du-Québec,Centre de santé René-Ricard,1,2026-07-21,patients_24h_plus,0,False,2026-07-26
10,Nord-du-Québec,Centre de santé René-Ricard,1,2026-07-22,patients_24h_plus,0,False,2026-07-26
10,Nord-du-Québec,Centre de santé René-Ricard,1,2026-07-23,patients_24h_plus,1,False,2026-07-26
10,Nord-du-Québec,Centre de santé René-Ricard,1,2026-07-24,patients_24h_plus,0,False,2026-07-26
10,Nord-du-Québec,Centre de santé René-Ricard,1,2026-07-25,patients_24h_plus,0,False,2026-07-26
10,Nord-du-Québec,Centre de santé René-Ricard,1,2026-07-26,patients_24h_plus,0,False,2026-07-26
10,Nord-du-Québec,Centre de santé René-Ricard,1,2026-07-20,patients_48h_plus,0,False,2026-07-26
10,Nord-du-Québec,Centre de santé René-Ricard,1,2026-07-21,patients_48h_plus,0,False,2026-07-26
10,Nord-du-Québec,Centre de santé René-Ricard,1,2026-07-22,patients_48h_plus,0,False,2026-07-26
10,Nord-du-Québec,Centre de santé René-Ricard,1,2026-07-23,patients_48h_plus,0,False,2026-07-26
10,Nord-du-Québec,Centre de santé René-Ricard,1,2026-07-24,patients_48h_plus,0,False,2026-07-26
10,Nord-du-Québec,Centre de santé René-Ricard,1,2026-07-25,patients_48h_plus,0,False,2026-07-26
10,Nord-du-Québec,Centre de santé René-Ricard,1,2026-07-26,patients_48h_plus,0,False,2026-07-26
10,Nord-du-Québec,Centre de santé René-Ricard,1,2026-07-20,visites_totales_veille,5,False,2026-07-26
10,Nord-du-Québec,Centre de santé René-Ricard,1,2026-07-21,visites_totales_veille,14,False,2026-07-26
10,Nord-du-Québec,Centre de santé René-Ricard,1,2026-07-22,visites_totales_veille,11,False,2026-07-26
10,Nord-du-Québec,Centre de santé René-Ricard,1,2026-07-23,visites_totales_veille,15,False,2026-07-26
10,Nord-du-Québec,Centre de santé René-Ricard,1,2026-07-24,visites_totales_veille,13,False,2026-07-26
10,Nord-du-Québec,Centre de santé René-Ricard,1,2026-07-25,visites_totales_veille,17,False,2026-07-26
10,Nord-du-Québec,Centre de santé René-Ricard,1,2026-07-26,visites_totales_veille,13,False,2026-07-26
10,Nord-du-Québec,Centre de santé René-Ricard,1,2026-07-20,taux_occupation,0,False,2026-07-26
10,Nord-du-Québec,Centre de santé René-Ricard,1,2026-07-21,taux_occupation,0,False,2026-07-26
10,Nord-du-Québec,Centre de santé René-Ricard,1,2026-07-22,taux_occupation,100,False,2026-07-26
10,Nord-du-Québec,Centre de santé René-Ricard,1,2026-07-23,taux_occupation,100,False,2026-07-26
10,Nord-du-Québec,Centre de santé René-Ricard,1,2026-07-24,taux_occupation,0,False,2026-07-26
10,Nord-du-Québec,Centre de santé René-Ricard,1,2026-07-25,taux_occupation,0,False,2026-07-26
10,Nord-du-Québec,Centre de santé René-Ricard,1,2026-07-26,taux_occupation,200,False,2026-07-26
10,Nord-du-Québec,Total (10) Nord-du-Québec,5,2026-07-20,patients_sur_civiere,0,True,2026-07-26
10,Nord-du-Québec,Total (10) Nord-du-Québec,5,2026-07-21,patients_sur_civiere,0,True,2026-07-26
10,Nord-du-Québec,Total (10) Nord-du-Québec,5,2026-07-22,patients_sur_civiere,1,True,2026-07-26
10,Nord-du-Québec,Total (10) Nord-du-Québec,5,2026-07-23,patients_sur_civiere,2,True,2026-07-26
10,Nord-du-Québec,Total (10) Nord-du-Québec,5,2026-07-24,patients_sur_civiere,4,True,2026-07-26
10,Nord-du-Québec,Total (10) Nord-du-Québec,5,2026-07-25,patients_sur_civiere,1,True,2026-07-26
10,Nord-du-Québec,Total (10) Nord-du-Québec,5,2026-07-26,patients_sur_civiere,4,True,2026-07-26
10,Nord-du-Québec,Total (10) Nord-du-Québec,5,2026-07-20,patients_24h_plus,0,True,2026-07-26
10,Nord-du-Québec,Total (10) Nord-du-Québec,5,2026-07-21,patients_24h_plus,0,True,2026-07-26
10,Nord-du-Québec,Total (10) Nord-du-Québec,5,2026-07-22,patients_24h_plus,0,True,2026-07-26
10,Nord-du-Québec,Total (10) Nord-du-Québec,5,2026-07-23,patients_24h_plus,1,True,2026-07-26
10,Nord-du-Québec,Total (10) Nord-du-Québec,5,2026-07-24,patients_24h_plus,1,True,2026-07-26
10,Nord-du-Québec,Total (10) Nord-du-Québec,5,2026-07-25,patients_24h_plus,0,True,2026-07-26
10,Nord-du-Québec,Total (10) Nord-du-Québec,5,2026-07-26,patients_24h_plus,0,True,2026-07-26
10,Nord-du-Québec,Total (10) Nord-du-Québec,5,2026-07-20,patients_48h_plus,0,True,2026-07-26
10,Nord-du-Québec,Total (10) Nord-du-Québec,5,2026-07-21,patients_48h_plus,0,True,2026-07-26
10,Nord-du-Québec,Total (10) Nord-du-Québec,5,2026-07-22,patients_48h_plus,0,True,2026-07-26
10,Nord-du-Québec,Total (10) Nord-du-Québec,5,2026-07-23,patients_48h_plus,0,True,2026-07-26
10,Nord-du-Québec,Total (10) Nord-du-Québec,5,2026-07-24,patients_48h_plus,0,True,2026-07-26
10,Nord-du-Québec,Total (10) Nord-du-Québec,5,2026-07-25,patients_48h_plus,0,True,2026-07-26
10,Nord-du-Québec,Total (10) Nord-du-Québec,5,2026-07-26,patients_48h_plus,0,True,2026-07-26
10,Nord-du-Québec,Total (10) Nord-du-Québec,5,2026-07-20,visites_totales_veille,22,True,2026-07-26
10,Nord-du-Québec,Total (10) Nord-du-Québec,5,2026-07-21,visites_totales_veille,61,True,2026-07-26
10,Nord-du-Québec,Total (10) Nord-du-Québec,5,2026-07-22,visites_totales_veille,62,True,2026-07-26
10,Nord-du-Québec,Total (10) Nord-du-Québec,5,2026-07-23,visites_totales_veille,43,True,2026-07-26
10,Nord-du-Québec,Total (10) Nord-du-Québec,5,2026-07-24,visites_totales_veille,43,True,2026-07-26
10,Nord-du-Québec,Total (10) Nord-du-Québec,5,2026-07-25,visites_totales_veille,58,True,2026-07-26
10,Nord-du-Québec,Total (10) Nord-du-Québec,5,2026-07-26,visites_totales_veille,39,True,2026-07-26
10,Nord-du-Québec,Total (10) Nord-du-Québec,5,2026-07-20,taux_occupation,0,True,2026-07-26
10,Nord-du-Québec,Total (10) Nord-du-Québec,5,2026-07-21,taux_occupation,0,True,2026-07-26
10,Nord-du-Québec,Total (10) Nord-du-Québec,5,2026-07-22,taux_occupation,20,True,2026-07-26
10,Nord-du-Québec,Total (10) Nord-du-Québec,5,2026-07-23,taux_occupation,40,True,2026-07-26
10,Nord-du-Québec,Total (10) Nord-du-Québec,5,2026-07-24,taux_occupation,80,True,2026-07-26
10,Nord-du-Québec,Total (10) Nord-du-Québec,5,2026-07-25,taux_occupation,20,True,2026-07-26
10,Nord-du-Québec,Total (10) Nord-du-Québec,5,2026-07-26,taux_occupation,80,True,2026-07-26
11,Gaspésie - Îles-de-la-Madeleine,Hôpital de Sainte-Anne-des-Monts,6,2026-07-20,patients_sur_civiere,4,False,2026-07-26
11,Gaspésie - Îles-de-la-Madeleine,Hôpital de Sainte-Anne-des-Monts,6,2026-07-21,patients_sur_civiere,5,False,2026-07-26
11,Gaspésie - Îles-de-la-Madeleine,Hôpital de Sainte-Anne-des-Monts,6,2026-07-22,patients_sur_civiere,4,False,2026-07-26
11,Gaspésie - Îles-de-la-Madeleine,Hôpital de Sainte-Anne-des-Monts,6,2026-07-23,patients_sur_civiere,4,False,2026-07-26
11,Gaspésie - Îles-de-la-Madeleine,Hôpital de Sainte-Anne-des-Monts,6,2026-07-24,patients_sur_civiere,2,False,2026-07-26
11,Gaspésie - Îles-de-la-Madeleine,Hôpital de Sainte-Anne-des-Monts,6,2026-07-25,patients_sur_civiere,2,False,2026-07-26
11,Gaspésie - Îles-de-la-Madeleine,Hôpital de Sainte-Anne-des-Monts,6,2026-07-26,patients_sur_civiere,2,False,2026-07-26
11,Gaspésie - Îles-de-la-Madeleine,Hôpital de Sainte-Anne-des-Monts,6,2026-07-20,patients_24h_plus,0,False,2026-07-26
11,Gaspésie - Îles-de-la-Madeleine,Hôpital de Sainte-Anne-des-Monts,6,2026-07-21,patients_24h_plus,0,False,2026-07-26
11,Gaspésie - Îles-de-la-Madeleine,Hôpital de Sainte-Anne-des-Monts,6,2026-07-22,patients_24h_plus,1,False,2026-07-26
11,Gaspésie - Îles-de-la-Madeleine,Hôpital de Sainte-Anne-des-Monts,6,2026-07-23,patients_24h_plus,1,False,2026-07-26
11,Gaspésie - Îles-de-la-Madeleine,Hôpital de Sainte-Anne-des-Monts,6,2026-07-24,patients_24h_plus,0,False,2026-07-26
11,Gaspésie - Îles-de-la-Madeleine,Hôpital de Sainte-Anne-des-Monts,6,2026-07-25,patients_24h_plus,0,False,2026-07-26
11,Gaspésie - Îles-de-la-Madeleine,Hôpital de Sainte-Anne-des-Monts,6,2026-07-26,patients_24h_plus,0,False,2026-07-26
11,Gaspésie - Îles-de-la-Madeleine,Hôpital de Sainte-Anne-des-Monts,6,2026-07-20,patients_48h_plus,0,False,2026-07-26
11,Gaspésie - Îles-de-la-Madeleine,Hôpital de Sainte-Anne-des-Monts,6,2026-07-21,patients_48h_plus,0,False,2026-07-26
11,Gaspésie - Îles-de-la-Madeleine,Hôpital de Sainte-Anne-des-Monts,6,2026-07-22,patients_48h_plus,0,False,2026-07-26
11,Gaspésie - Îles-de-la-Madeleine,Hôpital de Sainte-Anne-des-Monts,6,2026-07-23,patients_48h_plus,0,False,2026-07-26
11,Gaspésie - Îles-de-la-Madeleine,Hôpital de Sainte-Anne-des-Monts,6,2026-07-24,patients_48h_plus,0,False,2026-07-26
11,Gaspésie - Îles-de-la-Madeleine,Hôpital de Sainte-Anne-des-Monts,6,2026-07-25,patients_48h_plus,0,False,2026-07-26
11,Gaspésie - Îles-de-la-Madeleine,Hôpital de Sainte-Anne-des-Monts,6,2026-07-26,patients_48h_plus,0,False,2026-07-26
11,Gaspésie - Îles-de-la-Madeleine,Hôpital de Sainte-Anne-des-Monts,6,2026-07-20,visites_totales_veille,35,False,2026-07-26
11,Gaspésie - Îles-de-la-Madeleine,Hôpital de Sainte-Anne-des-Monts,6,2026-07-21,visites_totales_veille,52,False,2026-07-26
11,Gaspésie - Îles-de-la-Madeleine,Hôpital de Sainte-Anne-des-Monts,6,2026-07-22,visites_totales_veille,52,False,2026-07-26
11,Gaspésie - Îles-de-la-Madeleine,Hôpital de Sainte-Anne-des-Monts,6,2026-07-23,visites_totales_veille,49,False,2026-07-26
11,Gaspésie - Îles-de-la-Madeleine,Hôpital de Sainte-Anne-des-Monts,6,2026-07-24,visites_totales_veille,34,False,2026-07-26
11,Gaspésie - Îles-de-la-Madeleine,Hôpital de Sainte-Anne-des-Monts,6,2026-07-25,visites_totales_veille,46,False,2026-07-26
11,Gaspésie - Îles-de-la-Madeleine,Hôpital de Sainte-Anne-des-Monts,6,2026-07-26,visites_totales_veille,26,False,2026-07-26
11,Gaspésie - Îles-de-la-Madeleine,Hôpital de Sainte-Anne-des-Monts,6,2026-07-20,taux_occupation,67,False,2026-07-26
11,Gaspésie - Îles-de-la-Madeleine,Hôpital de Sainte-Anne-des-Monts,6,2026-07-21,taux_occupation,83,False,2026-07-26
11,Gaspésie - Îles-de-la-Madeleine,Hôpital de Sainte-Anne-des-Monts,6,2026-07-22,taux_occupation,67,False,2026-07-26
11,Gaspésie - Îles-de-la-Madeleine,Hôpital de Sainte-Anne-des-Monts,6,2026-07-23,taux_occupation,67,False,2026-07-26
11,Gaspésie - Îles-de-la-Madeleine,Hôpital de Sainte-Anne-des-Monts,6,2026-07-24,taux_occupation,33,False,2026-07-26
11,Gaspésie - Îles-de-la-Madeleine,Hôpital de Sainte-Anne-des-Monts,6,2026-07-25,taux_occupation,33,False,2026-07-26
11,Gaspésie - Îles-de-la-Madeleine,Hôpital de Sainte-Anne-des-Monts,6,2026-07-26,taux_occupation,33,False,2026-07-26
11,Gaspésie - Îles-de-la-Madeleine,Hôpital de Maria,10,2026-07-20,patients_sur_civiere,8,False,2026-07-26
11,Gaspésie - Îles-de-la-Madeleine,Hôpital de Maria,10,2026-07-21,patients_sur_civiere,9,False,2026-07-26
11,Gaspésie - Îles-de-la-Madeleine,Hôpital de Maria,10,2026-07-22,patients_sur_civiere,8,False,2026-07-26
11,Gaspésie - Îles-de-la-Madeleine,Hôpital de Maria,10,2026-07-23,patients_sur_civiere,9,False,2026-07-26
11,Gaspésie - Îles-de-la-Madeleine,Hôpital de Maria,10,2026-07-24,patients_sur_civiere,5,False,2026-07-26
11,Gaspésie - Îles-de-la-Madeleine,Hôpital de Maria,10,2026-07-25,patients_sur_civiere,3,False,2026-07-26
11,Gaspésie - Îles-de-la-Madeleine,Hôpital de Maria,10,2026-07-26,patients_sur_civiere,5,False,2026-07-26
11,Gaspésie - Îles-de-la-Madeleine,Hôpital de Maria,10,2026-07-20,patients_24h_plus,3,False,2026-07-26
11,Gaspésie - Îles-de-la-Madeleine,Hôpital de Maria,10,2026-07-21,patients_24h_plus,0,False,2026-07-26
11,Gaspésie - Îles-de-la-Madeleine,Hôpital de Maria,10,2026-07-22,patients_24h_plus,1,False,2026-07-26
11,Gaspésie - Îles-de-la-Madeleine,Hôpital de Maria,10,2026-07-23,patients_24h_plus,2,False,2026-07-26
11,Gaspésie - Îles-de-la-Madeleine,Hôpital de Maria,10,2026-07-24,patients_24h_plus,1,False,2026-07-26
11,Gaspésie - Îles-de-la-Madeleine,Hôpital de Maria,10,2026-07-25,patients_24h_plus,1,False,2026-07-26
11,Gaspésie - Îles-de-la-Madeleine,Hôpital de Maria,10,2026-07-26,patients_24h_plus,0,False,2026-07-26
11,Gaspésie - Îles-de-la-Madeleine,Hôpital de Maria,10,2026-07-20,patients_48h_plus,1,False,2026-07-26
11,Gaspésie - Îles-de-la-Madeleine,Hôpital de Maria,10,2026-07-21,patients_48h_plus,0,False,2026-07-26
11,Gaspésie - Îles-de-la-Madeleine,Hôpital de Maria,10,2026-07-22,patients_48h_plus,0,False,2026-07-26
11,Gaspésie - Îles-de-la-Madeleine,Hôpital de Maria,10,2026-07-23,patients_48h_plus,0,False,2026-07-26
11,Gaspésie - Îles-de-la-Madeleine,Hôpital de Maria,10,2026-07-24,patients_48h_plus,0,False,2026-07-26
11,Gaspésie - Îles-de-la-Madeleine,Hôpital de Maria,10,2026-07-25,patients_48h_plus,0,False,2026-07-26
11,Gaspésie - Îles-de-la-Madeleine,Hôpital de Maria,10,2026-07-26,patients_48h_plus,0,False,2026-07-26
11,Gaspésie - Îles-de-la-Madeleine,Hôpital de Maria,10,2026-07-20,visites_totales_veille,55,False,2026-07-26
11,Gaspésie - Îles-de-la-Madeleine,Hôpital de Maria,10,2026-07-21,visites_totales_veille,55,False,2026-07-26
11,Gaspésie - Îles-de-la-Madeleine,Hôpital de Maria,10,2026-07-22,visites_totales_veille,41,False,2026-07-26
11,Gaspésie - Îles-de-la-Madeleine,Hôpital de Maria,10,2026-07-23,visites_totales_veille,47,False,2026-07-26
11,Gaspésie - Îles-de-la-Madeleine,Hôpital de Maria,10,2026-07-24,visites_totales_veille,50,False,2026-07-26
11,Gaspésie - Îles-de-la-Madeleine,Hôpital de Maria,10,2026-07-25,visites_totales_veille,54,False,2026-07-26
11,Gaspésie - Îles-de-la-Madeleine,Hôpital de Maria,10,2026-07-26,visites_totales_veille,41,False,2026-07-26
11,Gaspésie - Îles-de-la-Madeleine,Hôpital de Maria,10,2026-07-20,taux_occupation,80,False,2026-07-26
11,Gaspésie - Îles-de-la-Madeleine,Hôpital de Maria,10,2026-07-21,taux_occupation,90,False,2026-07-26
11,Gaspésie - Îles-de-la-Madeleine,Hôpital de Maria,10,2026-07-22,taux_occupation,80,False,2026-07-26
11,Gaspésie - Îles-de-la-Madeleine,Hôpital de Maria,10,2026-07-23,taux_occupation,90,False,2026-07-26
11,Gaspésie - Îles-de-la-Madeleine,Hôpital de Maria,10,2026-07-24,taux_occupation,50,False,2026-07-26
11,Gaspésie - Îles-de-la-Madeleine,Hôpital de Maria,10,2026-07-25,taux_occupation,30,False,2026-07-26
11,Gaspésie - Îles-de-la-Madeleine,Hôpital de Maria,10,2026-07-26,taux_occupation,50,False,2026-07-26
11,Gaspésie - Îles-de-la-Madeleine,CLSC de Paspébiac,4,2026-07-20,patients_sur_civiere,2,False,2026-07-26
11,Gaspésie - Îles-de-la-Madeleine,CLSC de Paspébiac,4,2026-07-21,patients_sur_civiere,1,False,2026-07-26
11,Gaspésie - Îles-de-la-Madeleine,CLSC de Paspébiac,4,2026-07-22,patients_sur_civiere,3,False,2026-07-26
11,Gaspésie - Îles-de-la-Madeleine,CLSC de Paspébiac,4,2026-07-23,patients_sur_civiere,3,False,2026-07-26
11,Gaspésie - Îles-de-la-Madeleine,CLSC de Paspébiac,4,2026-07-24,patients_sur_civiere,3,False,2026-07-26
11,Gaspésie - Îles-de-la-Madeleine,CLSC de Paspébiac,4,2026-07-25,patients_sur_civiere,2,False,2026-07-26
11,Gaspésie - Îles-de-la-Madeleine,CLSC de Paspébiac,4,2026-07-26,patients_sur_civiere,3,False,2026-07-26
11,Gaspésie - Îles-de-la-Madeleine,CLSC de Paspébiac,4,2026-07-20,patients_24h_plus,0,False,2026-07-26
11,Gaspésie - Îles-de-la-Madeleine,CLSC de Paspébiac,4,2026-07-21,patients_24h_plus,0,False,2026-07-26
11,Gaspésie - Îles-de-la-Madeleine,CLSC de Paspébiac,4,2026-07-22,patients_24h_plus,0,False,2026-07-26
11,Gaspésie - Îles-de-la-Madeleine,CLSC de Paspébiac,4,2026-07-23,patients_24h_plus,0,False,2026-07-26
11,Gaspésie - Îles-de-la-Madeleine,CLSC de Paspébiac,4,2026-07-24,patients_24h_plus,1,False,2026-07-26
11,Gaspésie - Îles-de-la-Madeleine,CLSC de Paspébiac,4,2026-07-25,patients_24h_plus,0,False,2026-07-26
11,Gaspésie - Îles-de-la-Madeleine,CLSC de Paspébiac,4,2026-07-26,patients_24h_plus,0,False,2026-07-26
11,Gaspésie - Îles-de-la-Madeleine,CLSC de Paspébiac,4,2026-07-20,patients_48h_plus,0,False,2026-07-26
11,Gaspésie - Îles-de-la-Madeleine,CLSC de Paspébiac,4,2026-07-21,patients_48h_plus,0,False,2026-07-26
11,Gaspésie - Îles-de-la-Madeleine,CLSC de Paspébiac,4,2026-07-22,patients_48h_plus,0,False,2026-07-26
11,Gaspésie - Îles-de-la-Madeleine,CLSC de Paspébiac,4,2026-07-23,patients_48h_plus,0,False,2026-07-26
11,Gaspésie - Îles-de-la-Madeleine,CLSC de Paspébiac,4,2026-07-24,patients_48h_plus,0,False,2026-07-26
11,Gaspésie - Îles-de-la-Madeleine,CLSC de Paspébiac,4,2026-07-25,patients_48h_plus,0,False,2026-07-26
11,Gaspésie - Îles-de-la-Madeleine,CLSC de Paspébiac,4,2026-07-26,patients_48h_plus,0,False,2026-07-26
11,Gaspésie - Îles-de-la-Madeleine,CLSC de Paspébiac,4,2026-07-20,visites_totales_veille,39,False,2026-07-26
11,Gaspésie - Îles-de-la-Madeleine,CLSC de Paspébiac,4,2026-07-21,visites_totales_veille,40,False,2026-07-26
11,Gaspésie - Îles-de-la-Madeleine,CLSC de Paspébiac,4,2026-07-22,visites_totales_veille,27,False,2026-07-26
11,Gaspésie - Îles-de-la-Madeleine,CLSC de Paspébiac,4,2026-07-23,visites_totales_veille,30,False,2026-07-26
11,Gaspésie - Îles-de-la-Madeleine,CLSC de Paspébiac,4,2026-07-24,visites_totales_veille,41,False,2026-07-26
11,Gaspésie - Îles-de-la-Madeleine,CLSC de Paspébiac,4,2026-07-25,visites_totales_veille,43,False,2026-07-26
11,Gaspésie - Îles-de-la-Madeleine,CLSC de Paspébiac,4,2026-07-26,visites_totales_veille,36,False,2026-07-26
11,Gaspésie - Îles-de-la-Madeleine,CLSC de Paspébiac,4,2026-07-20,taux_occupation,50,False,2026-07-26
11,Gaspésie - Îles-de-la-Madeleine,CLSC de Paspébiac,4,2026-07-21,taux_occupation,25,False,2026-07-26
11,Gaspésie - Îles-de-la-Madeleine,CLSC de Paspébiac,4,2026-07-22,taux_occupation,75,False,2026-07-26
11,Gaspésie - Îles-de-la-Madeleine,CLSC de Paspébiac,4,2026-07-23,taux_occupation,75,False,2026-07-26
11,Gaspésie - Îles-de-la-Madeleine,CLSC de Paspébiac,4,2026-07-24,taux_occupation,75,False,2026-07-26
11,Gaspésie - Îles-de-la-Madeleine,CLSC de Paspébiac,4,2026-07-25,taux_occupation,50,False,2026-07-26
11,Gaspésie - Îles-de-la-Madeleine,CLSC de Paspébiac,4,2026-07-26,taux_occupation,75,False,2026-07-26
11,Gaspésie - Îles-de-la-Madeleine,Hôpital de Chandler,8,2026-07-20,patients_sur_civiere,1,False,2026-07-26
11,Gaspésie - Îles-de-la-Madeleine,Hôpital de Chandler,8,2026-07-21,patients_sur_civiere,5,False,2026-07-26
11,Gaspésie - Îles-de-la-Madeleine,Hôpital de Chandler,8,2026-07-22,patients_sur_civiere,5,False,2026-07-26
11,Gaspésie - Îles-de-la-Madeleine,Hôpital de Chandler,8,2026-07-23,patients_sur_civiere,4,False,2026-07-26
11,Gaspésie - Îles-de-la-Madeleine,Hôpital de Chandler,8,2026-07-24,patients_sur_civiere,11,False,2026-07-26
11,Gaspésie - Îles-de-la-Madeleine,Hôpital de Chandler,8,2026-07-25,patients_sur_civiere,4,False,2026-07-26
11,Gaspésie - Îles-de-la-Madeleine,Hôpital de Chandler,8,2026-07-26,patients_sur_civiere,4,False,2026-07-26
11,Gaspésie - Îles-de-la-Madeleine,Hôpital de Chandler,8,2026-07-20,patients_24h_plus,0,False,2026-07-26
11,Gaspésie - Îles-de-la-Madeleine,Hôpital de Chandler,8,2026-07-21,patients_24h_plus,0,False,2026-07-26
11,Gaspésie - Îles-de-la-Madeleine,Hôpital de Chandler,8,2026-07-22,patients_24h_plus,0,False,2026-07-26
11,Gaspésie - Îles-de-la-Madeleine,Hôpital de Chandler,8,2026-07-23,patients_24h_plus,0,False,2026-07-26
11,Gaspésie - Îles-de-la-Madeleine,Hôpital de Chandler,8,2026-07-24,patients_24h_plus,2,False,2026-07-26
11,Gaspésie - Îles-de-la-Madeleine,Hôpital de Chandler,8,2026-07-25,patients_24h_plus,1,False,2026-07-26
11,Gaspésie - Îles-de-la-Madeleine,Hôpital de Chandler,8,2026-07-26,patients_24h_plus,0,False,2026-07-26
11,Gaspésie - Îles-de-la-Madeleine,Hôpital de Chandler,8,2026-07-20,patients_48h_plus,0,False,2026-07-26
11,Gaspésie - Îles-de-la-Madeleine,Hôpital de Chandler,8,2026-07-21,patients_48h_plus,0,False,2026-07-26
11,Gaspésie - Îles-de-la-Madeleine,Hôpital de Chandler,8,2026-07-22,patients_48h_plus,0,False,2026-07-26
11,Gaspésie - Îles-de-la-Madeleine,Hôpital de Chandler,8,2026-07-23,patients_48h_plus,0,False,2026-07-26
11,Gaspésie - Îles-de-la-Madeleine,Hôpital de Chandler,8,2026-07-24,patients_48h_plus,0,False,2026-07-26
11,Gaspésie - Îles-de-la-Madeleine,Hôpital de Chandler,8,2026-07-25,patients_48h_plus,0,False,2026-07-26
11,Gaspésie - Îles-de-la-Madeleine,Hôpital de Chandler,8,2026-07-26,patients_48h_plus,0,False,2026-07-26
11,Gaspésie - Îles-de-la-Madeleine,Hôpital de Chandler,8,2026-07-20,visites_totales_veille,48,False,2026-07-26
11,Gaspésie - Îles-de-la-Madeleine,Hôpital de Chandler,8,2026-07-21,visites_totales_veille,53,False,2026-07-26
11,Gaspésie - Îles-de-la-Madeleine,Hôpital de Chandler,8,2026-07-22,visites_totales_veille,51,False,2026-07-26
11,Gaspésie - Îles-de-la-Madeleine,Hôpital de Chandler,8,2026-07-23,visites_totales_veille,47,False,2026-07-26
11,Gaspésie - Îles-de-la-Madeleine,Hôpital de Chandler,8,2026-07-24,visites_totales_veille,45,False,2026-07-26
11,Gaspésie - Îles-de-la-Madeleine,Hôpital de Chandler,8,2026-07-25,visites_totales_veille,43,False,2026-07-26
11,Gaspésie - Îles-de-la-Madeleine,Hôpital de Chandler,8,2026-07-26,visites_totales_veille,51,False,2026-07-26
11,Gaspésie - Îles-de-la-Madeleine,Hôpital de Chandler,8,2026-07-20,taux_occupation,13,False,2026-07-26
11,Gaspésie - Îles-de-la-Madeleine,Hôpital de Chandler,8,2026-07-21,taux_occupation,63,False,2026-07-26
11,Gaspésie - Îles-de-la-Madeleine,Hôpital de Chandler,8,2026-07-22,taux_occupation,63,False,2026-07-26
11,Gaspésie - Îles-de-la-Madeleine,Hôpital de Chandler,8,2026-07-23,taux_occupation,50,False,2026-07-26
11,Gaspésie - Îles-de-la-Madeleine,Hôpital de Chandler,8,2026-07-24,taux_occupation,138,False,2026-07-26
11,Gaspésie - Îles-de-la-Madeleine,Hôpital de Chandler,8,2026-07-25,taux_occupation,50,False,2026-07-26
11,Gaspésie - Îles-de-la-Madeleine,Hôpital de Chandler,8,2026-07-26,taux_occupation,50,False,2026-07-26
11,Gaspésie - Îles-de-la-Madeleine,Hôpital Hôtel-Dieu,6,2026-07-20,patients_sur_civiere,8,False,2026-07-26
11,Gaspésie - Îles-de-la-Madeleine,Hôpital Hôtel-Dieu,6,2026-07-21,patients_sur_civiere,8,False,2026-07-26
11,Gaspésie - Îles-de-la-Madeleine,Hôpital Hôtel-Dieu,6,2026-07-22,patients_sur_civiere,6,False,2026-07-26
11,Gaspésie - Îles-de-la-Madeleine,Hôpital Hôtel-Dieu,6,2026-07-23,patients_sur_civiere,7,False,2026-07-26
11,Gaspésie - Îles-de-la-Madeleine,Hôpital Hôtel-Dieu,6,2026-07-24,patients_sur_civiere,4,False,2026-07-26
11,Gaspésie - Îles-de-la-Madeleine,Hôpital Hôtel-Dieu,6,2026-07-25,patients_sur_civiere,8,False,2026-07-26
11,Gaspésie - Îles-de-la-Madeleine,Hôpital Hôtel-Dieu,6,2026-07-26,patients_sur_civiere,9,False,2026-07-26
11,Gaspésie - Îles-de-la-Madeleine,Hôpital Hôtel-Dieu,6,2026-07-20,patients_24h_plus,3,False,2026-07-26
11,Gaspésie - Îles-de-la-Madeleine,Hôpital Hôtel-Dieu,6,2026-07-21,patients_24h_plus,4,False,2026-07-26
11,Gaspésie - Îles-de-la-Madeleine,Hôpital Hôtel-Dieu,6,2026-07-22,patients_24h_plus,3,False,2026-07-26
11,Gaspésie - Îles-de-la-Madeleine,Hôpital Hôtel-Dieu,6,2026-07-23,patients_24h_plus,3,False,2026-07-26
11,Gaspésie - Îles-de-la-Madeleine,Hôpital Hôtel-Dieu,6,2026-07-24,patients_24h_plus,0,False,2026-07-26
11,Gaspésie - Îles-de-la-Madeleine,Hôpital Hôtel-Dieu,6,2026-07-25,patients_24h_plus,3,False,2026-07-26
11,Gaspésie - Îles-de-la-Madeleine,Hôpital Hôtel-Dieu,6,2026-07-26,patients_24h_plus,4,False,2026-07-26
11,Gaspésie - Îles-de-la-Madeleine,Hôpital Hôtel-Dieu,6,2026-07-20,patients_48h_plus,0,False,2026-07-26
11,Gaspésie - Îles-de-la-Madeleine,Hôpital Hôtel-Dieu,6,2026-07-21,patients_48h_plus,0,False,2026-07-26
11,Gaspésie - Îles-de-la-Madeleine,Hôpital Hôtel-Dieu,6,2026-07-22,patients_48h_plus,1,False,2026-07-26
11,Gaspésie - Îles-de-la-Madeleine,Hôpital Hôtel-Dieu,6,2026-07-23,patients_48h_plus,3,False,2026-07-26
11,Gaspésie - Îles-de-la-Madeleine,Hôpital Hôtel-Dieu,6,2026-07-24,patients_48h_plus,0,False,2026-07-26
11,Gaspésie - Îles-de-la-Madeleine,Hôpital Hôtel-Dieu,6,2026-07-25,patients_48h_plus,0,False,2026-07-26
11,Gaspésie - Îles-de-la-Madeleine,Hôpital Hôtel-Dieu,6,2026-07-26,patients_48h_plus,1,False,2026-07-26
11,Gaspésie - Îles-de-la-Madeleine,Hôpital Hôtel-Dieu,6,2026-07-20,visites_totales_veille,53,False,2026-07-26
11,Gaspésie - Îles-de-la-Madeleine,Hôpital Hôtel-Dieu,6,2026-07-21,visites_totales_veille,50,False,2026-07-26
11,Gaspésie - Îles-de-la-Madeleine,Hôpital Hôtel-Dieu,6,2026-07-22,visites_totales_veille,49,False,2026-07-26
11,Gaspésie - Îles-de-la-Madeleine,Hôpital Hôtel-Dieu,6,2026-07-23,visites_totales_veille,37,False,2026-07-26
11,Gaspésie - Îles-de-la-Madeleine,Hôpital Hôtel-Dieu,6,2026-07-24,visites_totales_veille,33,False,2026-07-26
11,Gaspésie - Îles-de-la-Madeleine,Hôpital Hôtel-Dieu,6,2026-07-25,visites_totales_veille,38,False,2026-07-26
11,Gaspésie - Îles-de-la-Madeleine,Hôpital Hôtel-Dieu,6,2026-07-26,visites_totales_veille,38,False,2026-07-26
11,Gaspésie - Îles-de-la-Madeleine,Hôpital Hôtel-Dieu,6,2026-07-20,taux_occupation,133,False,2026-07-26
11,Gaspésie - Îles-de-la-Madeleine,Hôpital Hôtel-Dieu,6,2026-07-21,taux_occupation,133,False,2026-07-26
11,Gaspésie - Îles-de-la-Madeleine,Hôpital Hôtel-Dieu,6,2026-07-22,taux_occupation,100,False,2026-07-26
11,Gaspésie - Îles-de-la-Madeleine,Hôpital Hôtel-Dieu,6,2026-07-23,taux_occupation,117,False,2026-07-26
11,Gaspésie - Îles-de-la-Madeleine,Hôpital Hôtel-Dieu,6,2026-07-24,taux_occupation,67,False,2026-07-26
11,Gaspésie - Îles-de-la-Madeleine,Hôpital Hôtel-Dieu,6,2026-07-25,taux_occupation,133,False,2026-07-26
11,Gaspésie - Îles-de-la-Madeleine,Hôpital Hôtel-Dieu,6,2026-07-26,taux_occupation,150,False,2026-07-26
11,Gaspésie - Îles-de-la-Madeleine,CLSC de Grande-Vallée,2,2026-07-20,patients_sur_civiere,1,False,2026-07-26
11,Gaspésie - Îles-de-la-Madeleine,CLSC de Grande-Vallée,2,2026-07-21,patients_sur_civiere,1,False,2026-07-26
11,Gaspésie - Îles-de-la-Madeleine,CLSC de Grande-Vallée,2,2026-07-22,patients_sur_civiere,0,False,2026-07-26
11,Gaspésie - Îles-de-la-Madeleine,CLSC de Grande-Vallée,2,2026-07-23,patients_sur_civiere,0,False,2026-07-26
11,Gaspésie - Îles-de-la-Madeleine,CLSC de Grande-Vallée,2,2026-07-24,patients_sur_civiere,0,False,2026-07-26
11,Gaspésie - Îles-de-la-Madeleine,CLSC de Grande-Vallée,2,2026-07-25,patients_sur_civiere,0,False,2026-07-26
11,Gaspésie - Îles-de-la-Madeleine,CLSC de Grande-Vallée,2,2026-07-26,patients_sur_civiere,0,False,2026-07-26
11,Gaspésie - Îles-de-la-Madeleine,CLSC de Grande-Vallée,2,2026-07-20,patients_24h_plus,0,False,2026-07-26
11,Gaspésie - Îles-de-la-Madeleine,CLSC de Grande-Vallée,2,2026-07-21,patients_24h_plus,0,False,2026-07-26
11,Gaspésie - Îles-de-la-Madeleine,CLSC de Grande-Vallée,2,2026-07-22,patients_24h_plus,0,False,2026-07-26
11,Gaspésie - Îles-de-la-Madeleine,CLSC de Grande-Vallée,2,2026-07-23,patients_24h_plus,0,False,2026-07-26
11,Gaspésie - Îles-de-la-Madeleine,CLSC de Grande-Vallée,2,2026-07-24,patients_24h_plus,0,False,2026-07-26
11,Gaspésie - Îles-de-la-Madeleine,CLSC de Grande-Vallée,2,2026-07-25,patients_24h_plus,0,False,2026-07-26
11,Gaspésie - Îles-de-la-Madeleine,CLSC de Grande-Vallée,2,2026-07-26,patients_24h_plus,0,False,2026-07-26
11,Gaspésie - Îles-de-la-Madeleine,CLSC de Grande-Vallée,2,2026-07-20,patients_48h_plus,0,False,2026-07-26
11,Gaspésie - Îles-de-la-Madeleine,CLSC de Grande-Vallée,2,2026-07-21,patients_48h_plus,0,False,2026-07-26
11,Gaspésie - Îles-de-la-Madeleine,CLSC de Grande-Vallée,2,2026-07-22,patients_48h_plus,0,False,2026-07-26
11,Gaspésie - Îles-de-la-Madeleine,CLSC de Grande-Vallée,2,2026-07-23,patients_48h_plus,0,False,2026-07-26
11,Gaspésie - Îles-de-la-Madeleine,CLSC de Grande-Vallée,2,2026-07-24,patients_48h_plus,0,False,2026-07-26
11,Gaspésie - Îles-de-la-Madeleine,CLSC de Grande-Vallée,2,2026-07-25,patients_48h_plus,0,False,2026-07-26
11,Gaspésie - Îles-de-la-Madeleine,CLSC de Grande-Vallée,2,2026-07-26,patients_48h_plus,0,False,2026-07-26
11,Gaspésie - Îles-de-la-Madeleine,CLSC de Grande-Vallée,2,2026-07-20,visites_totales_veille,16,False,2026-07-26
11,Gaspésie - Îles-de-la-Madeleine,CLSC de Grande-Vallée,2,2026-07-21,visites_totales_veille,37,False,2026-07-26
11,Gaspésie - Îles-de-la-Madeleine,CLSC de Grande-Vallée,2,2026-07-22,visites_totales_veille,24,False,2026-07-26
11,Gaspésie - Îles-de-la-Madeleine,CLSC de Grande-Vallée,2,2026-07-23,visites_totales_veille,40,False,2026-07-26
11,Gaspésie - Îles-de-la-Madeleine,CLSC de Grande-Vallée,2,2026-07-24,visites_totales_veille,35,False,2026-07-26
11,Gaspésie - Îles-de-la-Madeleine,CLSC de Grande-Vallée,2,2026-07-25,visites_totales_veille,20,False,2026-07-26
11,Gaspésie - Îles-de-la-Madeleine,CLSC de Grande-Vallée,2,2026-07-26,visites_totales_veille,14,False,2026-07-26
11,Gaspésie - Îles-de-la-Madeleine,CLSC de Grande-Vallée,2,2026-07-20,taux_occupation,50,False,2026-07-26
11,Gaspésie - Îles-de-la-Madeleine,CLSC de Grande-Vallée,2,2026-07-21,taux_occupation,50,False,2026-07-26
11,Gaspésie - Îles-de-la-Madeleine,CLSC de Grande-Vallée,2,2026-07-22,taux_occupation,0,False,2026-07-26
11,Gaspésie - Îles-de-la-Madeleine,CLSC de Grande-Vallée,2,2026-07-23,taux_occupation,0,False,2026-07-26
11,Gaspésie - Îles-de-la-Madeleine,CLSC de Grande-Vallée,2,2026-07-24,taux_occupation,0,False,2026-07-26
11,Gaspésie - Îles-de-la-Madeleine,CLSC de Grande-Vallée,2,2026-07-25,taux_occupation,0,False,2026-07-26
11,Gaspésie - Îles-de-la-Madeleine,CLSC de Grande-Vallée,2,2026-07-26,taux_occupation,0,False,2026-07-26
11,Gaspésie - Îles-de-la-Madeleine,CLSC de Murdochville,2,2026-07-20,patients_sur_civiere,0,False,2026-07-26
11,Gaspésie - Îles-de-la-Madeleine,CLSC de Murdochville,2,2026-07-21,patients_sur_civiere,0,False,2026-07-26
11,Gaspésie - Îles-de-la-Madeleine,CLSC de Murdochville,2,2026-07-22,patients_sur_civiere,0,False,2026-07-26
11,Gaspésie - Îles-de-la-Madeleine,CLSC de Murdochville,2,2026-07-23,patients_sur_civiere,0,False,2026-07-26
11,Gaspésie - Îles-de-la-Madeleine,CLSC de Murdochville,2,2026-07-24,patients_sur_civiere,0,False,2026-07-26
11,Gaspésie - Îles-de-la-Madeleine,CLSC de Murdochville,2,2026-07-25,patients_sur_civiere,0,False,2026-07-26
11,Gaspésie - Îles-de-la-Madeleine,CLSC de Murdochville,2,2026-07-26,patients_sur_civiere,0,False,2026-07-26
11,Gaspésie - Îles-de-la-Madeleine,CLSC de Murdochville,2,2026-07-20,patients_24h_plus,0,False,2026-07-26
11,Gaspésie - Îles-de-la-Madeleine,CLSC de Murdochville,2,2026-07-21,patients_24h_plus,0,False,2026-07-26
11,Gaspésie - Îles-de-la-Madeleine,CLSC de Murdochville,2,2026-07-22,patients_24h_plus,0,False,2026-07-26
11,Gaspésie - Îles-de-la-Madeleine,CLSC de Murdochville,2,2026-07-23,patients_24h_plus,0,False,2026-07-26
11,Gaspésie - Îles-de-la-Madeleine,CLSC de Murdochville,2,2026-07-24,patients_24h_plus,0,False,2026-07-26
11,Gaspésie - Îles-de-la-Madeleine,CLSC de Murdochville,2,2026-07-25,patients_24h_plus,0,False,2026-07-26
11,Gaspésie - Îles-de-la-Madeleine,CLSC de Murdochville,2,2026-07-26,patients_24h_plus,0,False,2026-07-26
11,Gaspésie - Îles-de-la-Madeleine,CLSC de Murdochville,2,2026-07-20,patients_48h_plus,0,False,2026-07-26
11,Gaspésie - Îles-de-la-Madeleine,CLSC de Murdochville,2,2026-07-21,patients_48h_plus,0,False,2026-07-26
11,Gaspésie - Îles-de-la-Madeleine,CLSC de Murdochville,2,2026-07-22,patients_48h_plus,0,False,2026-07-26
11,Gaspésie - Îles-de-la-Madeleine,CLSC de Murdochville,2,2026-07-23,patients_48h_plus,0,False,2026-07-26
11,Gaspésie - Îles-de-la-Madeleine,CLSC de Murdochville,2,2026-07-24,patients_48h_plus,0,False,2026-07-26
11,Gaspésie - Îles-de-la-Madeleine,CLSC de Murdochville,2,2026-07-25,patients_48h_plus,0,False,2026-07-26
11,Gaspésie - Îles-de-la-Madeleine,CLSC de Murdochville,2,2026-07-26,patients_48h_plus,0,False,2026-07-26
11,Gaspésie - Îles-de-la-Madeleine,CLSC de Murdochville,2,2026-07-20,visites_totales_veille,6,False,2026-07-26
11,Gaspésie - Îles-de-la-Madeleine,CLSC de Murdochville,2,2026-07-21,visites_totales_veille,10,False,2026-07-26
11,Gaspésie - Îles-de-la-Madeleine,CLSC de Murdochville,2,2026-07-22,visites_totales_veille,5,False,2026-07-26
11,Gaspésie - Îles-de-la-Madeleine,CLSC de Murdochville,2,2026-07-23,visites_totales_veille,10,False,2026-07-26
11,Gaspésie - Îles-de-la-Madeleine,CLSC de Murdochville,2,2026-07-24,visites_totales_veille,5,False,2026-07-26
11,Gaspésie - Îles-de-la-Madeleine,CLSC de Murdochville,2,2026-07-25,visites_totales_veille,6,False,2026-07-26
11,Gaspésie - Îles-de-la-Madeleine,CLSC de Murdochville,2,2026-07-26,visites_totales_veille,4,False,2026-07-26
11,Gaspésie - Îles-de-la-Madeleine,CLSC de Murdochville,2,2026-07-20,taux_occupation,0,False,2026-07-26
11,Gaspésie - Îles-de-la-Madeleine,CLSC de Murdochville,2,2026-07-21,taux_occupation,0,False,2026-07-26
11,Gaspésie - Îles-de-la-Madeleine,CLSC de Murdochville,2,2026-07-22,taux_occupation,0,False,2026-07-26
11,Gaspésie - Îles-de-la-Madeleine,CLSC de Murdochville,2,2026-07-23,taux_occupation,0,False,2026-07-26
11,Gaspésie - Îles-de-la-Madeleine,CLSC de Murdochville,2,2026-07-24,taux_occupation,0,False,2026-07-26
11,Gaspésie - Îles-de-la-Madeleine,CLSC de Murdochville,2,2026-07-25,taux_occupation,0,False,2026-07-26
11,Gaspésie - Îles-de-la-Madeleine,CLSC de Murdochville,2,2026-07-26,taux_occupation,0,False,2026-07-26
11,Gaspésie - Îles-de-la-Madeleine,Hôpital de l'Archipel,6,2026-07-20,patients_sur_civiere,1,False,2026-07-26
11,Gaspésie - Îles-de-la-Madeleine,Hôpital de l'Archipel,6,2026-07-21,patients_sur_civiere,3,False,2026-07-26
11,Gaspésie - Îles-de-la-Madeleine,Hôpital de l'Archipel,6,2026-07-22,patients_sur_civiere,7,False,2026-07-26
11,Gaspésie - Îles-de-la-Madeleine,Hôpital de l'Archipel,6,2026-07-23,patients_sur_civiere,3,False,2026-07-26
11,Gaspésie - Îles-de-la-Madeleine,Hôpital de l'Archipel,6,2026-07-24,patients_sur_civiere,2,False,2026-07-26
11,Gaspésie - Îles-de-la-Madeleine,Hôpital de l'Archipel,6,2026-07-25,patients_sur_civiere,2,False,2026-07-26
11,Gaspésie - Îles-de-la-Madeleine,Hôpital de l'Archipel,6,2026-07-26,patients_sur_civiere,5,False,2026-07-26
11,Gaspésie - Îles-de-la-Madeleine,Hôpital de l'Archipel,6,2026-07-20,patients_24h_plus,0,False,2026-07-26
11,Gaspésie - Îles-de-la-Madeleine,Hôpital de l'Archipel,6,2026-07-21,patients_24h_plus,0,False,2026-07-26
11,Gaspésie - Îles-de-la-Madeleine,Hôpital de l'Archipel,6,2026-07-22,patients_24h_plus,0,False,2026-07-26
11,Gaspésie - Îles-de-la-Madeleine,Hôpital de l'Archipel,6,2026-07-23,patients_24h_plus,0,False,2026-07-26
11,Gaspésie - Îles-de-la-Madeleine,Hôpital de l'Archipel,6,2026-07-24,patients_24h_plus,0,False,2026-07-26
11,Gaspésie - Îles-de-la-Madeleine,Hôpital de l'Archipel,6,2026-07-25,patients_24h_plus,0,False,2026-07-26
11,Gaspésie - Îles-de-la-Madeleine,Hôpital de l'Archipel,6,2026-07-26,patients_24h_plus,0,False,2026-07-26
11,Gaspésie - Îles-de-la-Madeleine,Hôpital de l'Archipel,6,2026-07-20,patients_48h_plus,0,False,2026-07-26
11,Gaspésie - Îles-de-la-Madeleine,Hôpital de l'Archipel,6,2026-07-21,patients_48h_plus,0,False,2026-07-26
11,Gaspésie - Îles-de-la-Madeleine,Hôpital de l'Archipel,6,2026-07-22,patients_48h_plus,0,False,2026-07-26
11,Gaspésie - Îles-de-la-Madeleine,Hôpital de l'Archipel,6,2026-07-23,patients_48h_plus,0,False,2026-07-26
11,Gaspésie - Îles-de-la-Madeleine,Hôpital de l'Archipel,6,2026-07-24,patients_48h_plus,0,False,2026-07-26
11,Gaspésie - Îles-de-la-Madeleine,Hôpital de l'Archipel,6,2026-07-25,patients_48h_plus,0,False,2026-07-26
11,Gaspésie - Îles-de-la-Madeleine,Hôpital de l'Archipel,6,2026-07-26,patients_48h_plus,0,False,2026-07-26
11,Gaspésie - Îles-de-la-Madeleine,Hôpital de l'Archipel,6,2026-07-20,visites_totales_veille,43,False,2026-07-26
11,Gaspésie - Îles-de-la-Madeleine,Hôpital de l'Archipel,6,2026-07-21,visites_totales_veille,52,False,2026-07-26
11,Gaspésie - Îles-de-la-Madeleine,Hôpital de l'Archipel,6,2026-07-22,visites_totales_veille,54,False,2026-07-26
11,Gaspésie - Îles-de-la-Madeleine,Hôpital de l'Archipel,6,2026-07-23,visites_totales_veille,53,False,2026-07-26
11,Gaspésie - Îles-de-la-Madeleine,Hôpital de l'Archipel,6,2026-07-24,visites_totales_veille,50,False,2026-07-26
11,Gaspésie - Îles-de-la-Madeleine,Hôpital de l'Archipel,6,2026-07-25,visites_totales_veille,38,False,2026-07-26
11,Gaspésie - Îles-de-la-Madeleine,Hôpital de l'Archipel,6,2026-07-26,visites_totales_veille,53,False,2026-07-26
11,Gaspésie - Îles-de-la-Madeleine,Hôpital de l'Archipel,6,2026-07-20,taux_occupation,17,False,2026-07-26
11,Gaspésie - Îles-de-la-Madeleine,Hôpital de l'Archipel,6,2026-07-21,taux_occupation,50,False,2026-07-26
11,Gaspésie - Îles-de-la-Madeleine,Hôpital de l'Archipel,6,2026-07-22,taux_occupation,117,False,2026-07-26
11,Gaspésie - Îles-de-la-Madeleine,Hôpital de l'Archipel,6,2026-07-23,taux_occupation,50,False,2026-07-26
11,Gaspésie - Îles-de-la-Madeleine,Hôpital de l'Archipel,6,2026-07-24,taux_occupation,33,False,2026-07-26
11,Gaspésie - Îles-de-la-Madeleine,Hôpital de l'Archipel,6,2026-07-25,taux_occupation,33,False,2026-07-26
11,Gaspésie - Îles-de-la-Madeleine,Hôpital de l'Archipel,6,2026-07-26,taux_occupation,83,False,2026-07-26
11,Gaspésie - Îles-de-la-Madeleine,Total (11) Gaspésie-Îles-de-la-Madeleine,44,2026-07-20,patients_sur_civiere,25,True,2026-07-26
11,Gaspésie - Îles-de-la-Madeleine,Total (11) Gaspésie-Îles-de-la-Madeleine,44,2026-07-21,patients_sur_civiere,32,True,2026-07-26
11,Gaspésie - Îles-de-la-Madeleine,Total (11) Gaspésie-Îles-de-la-Madeleine,44,2026-07-22,patients_sur_civiere,33,True,2026-07-26
11,Gaspésie - Îles-de-la-Madeleine,Total (11) Gaspésie-Îles-de-la-Madeleine,44,2026-07-23,patients_sur_civiere,30,True,2026-07-26
11,Gaspésie - Îles-de-la-Madeleine,Total (11) Gaspésie-Îles-de-la-Madeleine,44,2026-07-24,patients_sur_civiere,27,True,2026-07-26
11,Gaspésie - Îles-de-la-Madeleine,Total (11) Gaspésie-Îles-de-la-Madeleine,44,2026-07-25,patients_sur_civiere,21,True,2026-07-26
11,Gaspésie - Îles-de-la-Madeleine,Total (11) Gaspésie-Îles-de-la-Madeleine,44,2026-07-26,patients_sur_civiere,28,True,2026-07-26
11,Gaspésie - Îles-de-la-Madeleine,Total (11) Gaspésie-Îles-de-la-Madeleine,44,2026-07-20,patients_24h_plus,6,True,2026-07-26
11,Gaspésie - Îles-de-la-Madeleine,Total (11) Gaspésie-Îles-de-la-Madeleine,44,2026-07-21,patients_24h_plus,4,True,2026-07-26
11,Gaspésie - Îles-de-la-Madeleine,Total (11) Gaspésie-Îles-de-la-Madeleine,44,2026-07-22,patients_24h_plus,5,True,2026-07-26
11,Gaspésie - Îles-de-la-Madeleine,Total (11) Gaspésie-Îles-de-la-Madeleine,44,2026-07-23,patients_24h_plus,6,True,2026-07-26
11,Gaspésie - Îles-de-la-Madeleine,Total (11) Gaspésie-Îles-de-la-Madeleine,44,2026-07-24,patients_24h_plus,4,True,2026-07-26
11,Gaspésie - Îles-de-la-Madeleine,Total (11) Gaspésie-Îles-de-la-Madeleine,44,2026-07-25,patients_24h_plus,5,True,2026-07-26
11,Gaspésie - Îles-de-la-Madeleine,Total (11) Gaspésie-Îles-de-la-Madeleine,44,2026-07-26,patients_24h_plus,4,True,2026-07-26
11,Gaspésie - Îles-de-la-Madeleine,Total (11) Gaspésie-Îles-de-la-Madeleine,44,2026-07-20,patients_48h_plus,1,True,2026-07-26
11,Gaspésie - Îles-de-la-Madeleine,Total (11) Gaspésie-Îles-de-la-Madeleine,44,2026-07-21,patients_48h_plus,0,True,2026-07-26
11,Gaspésie - Îles-de-la-Madeleine,Total (11) Gaspésie-Îles-de-la-Madeleine,44,2026-07-22,patients_48h_plus,1,True,2026-07-26
11,Gaspésie - Îles-de-la-Madeleine,Total (11) Gaspésie-Îles-de-la-Madeleine,44,2026-07-23,patients_48h_plus,3,True,2026-07-26
11,Gaspésie - Îles-de-la-Madeleine,Total (11) Gaspésie-Îles-de-la-Madeleine,44,2026-07-24,patients_48h_plus,0,True,2026-07-26
11,Gaspésie - Îles-de-la-Madeleine,Total (11) Gaspésie-Îles-de-la-Madeleine,44,2026-07-25,patients_48h_plus,0,True,2026-07-26
11,Gaspésie - Îles-de-la-Madeleine,Total (11) Gaspésie-Îles-de-la-Madeleine,44,2026-07-26,patients_48h_plus,1,True,2026-07-26
11,Gaspésie - Îles-de-la-Madeleine,Total (11) Gaspésie-Îles-de-la-Madeleine,44,2026-07-20,visites_totales_veille,295,True,2026-07-26
11,Gaspésie - Îles-de-la-Madeleine,Total (11) Gaspésie-Îles-de-la-Madeleine,44,2026-07-21,visites_totales_veille,349,True,2026-07-26
11,Gaspésie - Îles-de-la-Madeleine,Total (11) Gaspésie-Îles-de-la-Madeleine,44,2026-07-22,visites_totales_veille,303,True,2026-07-26
11,Gaspésie - Îles-de-la-Madeleine,Total (11) Gaspésie-Îles-de-la-Madeleine,44,2026-07-23,visites_totales_veille,313,True,2026-07-26
11,Gaspésie - Îles-de-la-Madeleine,Total (11) Gaspésie-Îles-de-la-Madeleine,44,2026-07-24,visites_totales_veille,293,True,2026-07-26
11,Gaspésie - Îles-de-la-Madeleine,Total (11) Gaspésie-Îles-de-la-Madeleine,44,2026-07-25,visites_totales_veille,288,True,2026-07-26
11,Gaspésie - Îles-de-la-Madeleine,Total (11) Gaspésie-Îles-de-la-Madeleine,44,2026-07-26,visites_totales_veille,263,True,2026-07-26
11,Gaspésie - Îles-de-la-Madeleine,Total (11) Gaspésie-Îles-de-la-Madeleine,44,2026-07-20,taux_occupation,57,True,2026-07-26
11,Gaspésie - Îles-de-la-Madeleine,Total (11) Gaspésie-Îles-de-la-Madeleine,44,2026-07-21,taux_occupation,73,True,2026-07-26
11,Gaspésie - Îles-de-la-Madeleine,Total (11) Gaspésie-Îles-de-la-Madeleine,44,2026-07-22,taux_occupation,75,True,2026-07-26
11,Gaspésie - Îles-de-la-Madeleine,Total (11) Gaspésie-Îles-de-la-Madeleine,44,2026-07-23,taux_occupation,68,True,2026-07-26
11,Gaspésie - Îles-de-la-Madeleine,Total (11) Gaspésie-Îles-de-la-Madeleine,44,2026-07-24,taux_occupation,61,True,2026-07-26
11,Gaspésie - Îles-de-la-Madeleine,Total (11) Gaspésie-Îles-de-la-Madeleine,44,2026-07-25,taux_occupation,48,True,2026-07-26
11,Gaspésie - Îles-de-la-Madeleine,Total (11) Gaspésie-Îles-de-la-Madeleine,44,2026-07-26,taux_occupation,64,True,2026-07-26
12,Chaudière-Appalaches,Hôpital de Montmagny,10,2026-07-20,patients_sur_civiere,17,False,2026-07-26
12,Chaudière-Appalaches,Hôpital de Montmagny,10,2026-07-21,patients_sur_civiere,14,False,2026-07-26
12,Chaudière-Appalaches,Hôpital de Montmagny,10,2026-07-22,patients_sur_civiere,9,False,2026-07-26
12,Chaudière-Appalaches,Hôpital de Montmagny,10,2026-07-23,patients_sur_civiere,15,False,2026-07-26
12,Chaudière-Appalaches,Hôpital de Montmagny,10,2026-07-24,patients_sur_civiere,15,False,2026-07-26
12,Chaudière-Appalaches,Hôpital de Montmagny,10,2026-07-25,patients_sur_civiere,11,False,2026-07-26
12,Chaudière-Appalaches,Hôpital de Montmagny,10,2026-07-26,patients_sur_civiere,9,False,2026-07-26
12,Chaudière-Appalaches,Hôpital de Montmagny,10,2026-07-20,patients_24h_plus,3,False,2026-07-26
12,Chaudière-Appalaches,Hôpital de Montmagny,10,2026-07-21,patients_24h_plus,7,False,2026-07-26
12,Chaudière-Appalaches,Hôpital de Montmagny,10,2026-07-22,patients_24h_plus,6,False,2026-07-26
12,Chaudière-Appalaches,Hôpital de Montmagny,10,2026-07-23,patients_24h_plus,2,False,2026-07-26
12,Chaudière-Appalaches,Hôpital de Montmagny,10,2026-07-24,patients_24h_plus,3,False,2026-07-26
12,Chaudière-Appalaches,Hôpital de Montmagny,10,2026-07-25,patients_24h_plus,4,False,2026-07-26
12,Chaudière-Appalaches,Hôpital de Montmagny,10,2026-07-26,patients_24h_plus,1,False,2026-07-26
12,Chaudière-Appalaches,Hôpital de Montmagny,10,2026-07-20,patients_48h_plus,2,False,2026-07-26
12,Chaudière-Appalaches,Hôpital de Montmagny,10,2026-07-21,patients_48h_plus,1,False,2026-07-26
12,Chaudière-Appalaches,Hôpital de Montmagny,10,2026-07-22,patients_48h_plus,4,False,2026-07-26
12,Chaudière-Appalaches,Hôpital de Montmagny,10,2026-07-23,patients_48h_plus,0,False,2026-07-26
12,Chaudière-Appalaches,Hôpital de Montmagny,10,2026-07-24,patients_48h_plus,0,False,2026-07-26
12,Chaudière-Appalaches,Hôpital de Montmagny,10,2026-07-25,patients_48h_plus,0,False,2026-07-26
12,Chaudière-Appalaches,Hôpital de Montmagny,10,2026-07-26,patients_48h_plus,0,False,2026-07-26
12,Chaudière-Appalaches,Hôpital de Montmagny,10,2026-07-20,visites_totales_veille,97,False,2026-07-26
12,Chaudière-Appalaches,Hôpital de Montmagny,10,2026-07-21,visites_totales_veille,93,False,2026-07-26
12,Chaudière-Appalaches,Hôpital de Montmagny,10,2026-07-22,visites_totales_veille,90,False,2026-07-26
12,Chaudière-Appalaches,Hôpital de Montmagny,10,2026-07-23,visites_totales_veille,86,False,2026-07-26
12,Chaudière-Appalaches,Hôpital de Montmagny,10,2026-07-24,visites_totales_veille,80,False,2026-07-26
12,Chaudière-Appalaches,Hôpital de Montmagny,10,2026-07-25,visites_totales_veille,86,False,2026-07-26
12,Chaudière-Appalaches,Hôpital de Montmagny,10,2026-07-26,visites_totales_veille,80,False,2026-07-26
12,Chaudière-Appalaches,Hôpital de Montmagny,10,2026-07-20,taux_occupation,170,False,2026-07-26
12,Chaudière-Appalaches,Hôpital de Montmagny,10,2026-07-21,taux_occupation,140,False,2026-07-26
12,Chaudière-Appalaches,Hôpital de Montmagny,10,2026-07-22,taux_occupation,90,False,2026-07-26
12,Chaudière-Appalaches,Hôpital de Montmagny,10,2026-07-23,taux_occupation,150,False,2026-07-26
12,Chaudière-Appalaches,Hôpital de Montmagny,10,2026-07-24,taux_occupation,150,False,2026-07-26
12,Chaudière-Appalaches,Hôpital de Montmagny,10,2026-07-25,taux_occupation,110,False,2026-07-26
12,Chaudière-Appalaches,Hôpital de Montmagny,10,2026-07-26,taux_occupation,90,False,2026-07-26
12,Chaudière-Appalaches,Hôtel-Dieu de Lévis,43,2026-07-20,patients_sur_civiere,45,False,2026-07-26
12,Chaudière-Appalaches,Hôtel-Dieu de Lévis,43,2026-07-21,patients_sur_civiere,47,False,2026-07-26
12,Chaudière-Appalaches,Hôtel-Dieu de Lévis,43,2026-07-22,patients_sur_civiere,57,False,2026-07-26
12,Chaudière-Appalaches,Hôtel-Dieu de Lévis,43,2026-07-23,patients_sur_civiere,60,False,2026-07-26
12,Chaudière-Appalaches,Hôtel-Dieu de Lévis,43,2026-07-24,patients_sur_civiere,61,False,2026-07-26
12,Chaudière-Appalaches,Hôtel-Dieu de Lévis,43,2026-07-25,patients_sur_civiere,43,False,2026-07-26
12,Chaudière-Appalaches,Hôtel-Dieu de Lévis,43,2026-07-26,patients_sur_civiere,57,False,2026-07-26
12,Chaudière-Appalaches,Hôtel-Dieu de Lévis,43,2026-07-20,patients_24h_plus,18,False,2026-07-26
12,Chaudière-Appalaches,Hôtel-Dieu de Lévis,43,2026-07-21,patients_24h_plus,9,False,2026-07-26
12,Chaudière-Appalaches,Hôtel-Dieu de Lévis,43,2026-07-22,patients_24h_plus,10,False,2026-07-26
12,Chaudière-Appalaches,Hôtel-Dieu de Lévis,43,2026-07-23,patients_24h_plus,19,False,2026-07-26
12,Chaudière-Appalaches,Hôtel-Dieu de Lévis,43,2026-07-24,patients_24h_plus,16,False,2026-07-26
12,Chaudière-Appalaches,Hôtel-Dieu de Lévis,43,2026-07-25,patients_24h_plus,13,False,2026-07-26
12,Chaudière-Appalaches,Hôtel-Dieu de Lévis,43,2026-07-26,patients_24h_plus,13,False,2026-07-26
12,Chaudière-Appalaches,Hôtel-Dieu de Lévis,43,2026-07-20,patients_48h_plus,6,False,2026-07-26
12,Chaudière-Appalaches,Hôtel-Dieu de Lévis,43,2026-07-21,patients_48h_plus,3,False,2026-07-26
12,Chaudière-Appalaches,Hôtel-Dieu de Lévis,43,2026-07-22,patients_48h_plus,2,False,2026-07-26
12,Chaudière-Appalaches,Hôtel-Dieu de Lévis,43,2026-07-23,patients_48h_plus,4,False,2026-07-26
12,Chaudière-Appalaches,Hôtel-Dieu de Lévis,43,2026-07-24,patients_48h_plus,7,False,2026-07-26
12,Chaudière-Appalaches,Hôtel-Dieu de Lévis,43,2026-07-25,patients_48h_plus,3,False,2026-07-26
12,Chaudière-Appalaches,Hôtel-Dieu de Lévis,43,2026-07-26,patients_48h_plus,4,False,2026-07-26
12,Chaudière-Appalaches,Hôtel-Dieu de Lévis,43,2026-07-20,visites_totales_veille,241,False,2026-07-26
12,Chaudière-Appalaches,Hôtel-Dieu de Lévis,43,2026-07-21,visites_totales_veille,222,False,2026-07-26
12,Chaudière-Appalaches,Hôtel-Dieu de Lévis,43,2026-07-22,visites_totales_veille,241,False,2026-07-26
12,Chaudière-Appalaches,Hôtel-Dieu de Lévis,43,2026-07-23,visites_totales_veille,226,False,2026-07-26
12,Chaudière-Appalaches,Hôtel-Dieu de Lévis,43,2026-07-24,visites_totales_veille,203,False,2026-07-26
12,Chaudière-Appalaches,Hôtel-Dieu de Lévis,43,2026-07-25,visites_totales_veille,207,False,2026-07-26
12,Chaudière-Appalaches,Hôtel-Dieu de Lévis,43,2026-07-26,visites_totales_veille,185,False,2026-07-26
12,Chaudière-Appalaches,Hôtel-Dieu de Lévis,43,2026-07-20,taux_occupation,105,False,2026-07-26
12,Chaudière-Appalaches,Hôtel-Dieu de Lévis,43,2026-07-21,taux_occupation,109,False,2026-07-26
12,Chaudière-Appalaches,Hôtel-Dieu de Lévis,43,2026-07-22,taux_occupation,133,False,2026-07-26
12,Chaudière-Appalaches,Hôtel-Dieu de Lévis,43,2026-07-23,taux_occupation,140,False,2026-07-26
12,Chaudière-Appalaches,Hôtel-Dieu de Lévis,43,2026-07-24,taux_occupation,142,False,2026-07-26
12,Chaudière-Appalaches,Hôtel-Dieu de Lévis,43,2026-07-25,taux_occupation,100,False,2026-07-26
12,Chaudière-Appalaches,Hôtel-Dieu de Lévis,43,2026-07-26,taux_occupation,133,False,2026-07-26
12,Chaudière-Appalaches,Centre Paul-Gilbert - Centre d'hébergement de Charny,0,2026-07-20,patients_sur_civiere,0,False,2026-07-26
12,Chaudière-Appalaches,Centre Paul-Gilbert - Centre d'hébergement de Charny,0,2026-07-21,patients_sur_civiere,0,False,2026-07-26
12,Chaudière-Appalaches,Centre Paul-Gilbert - Centre d'hébergement de Charny,0,2026-07-22,patients_sur_civiere,0,False,2026-07-26
12,Chaudière-Appalaches,Centre Paul-Gilbert - Centre d'hébergement de Charny,0,2026-07-23,patients_sur_civiere,0,False,2026-07-26
12,Chaudière-Appalaches,Centre Paul-Gilbert - Centre d'hébergement de Charny,0,2026-07-24,patients_sur_civiere,0,False,2026-07-26
12,Chaudière-Appalaches,Centre Paul-Gilbert - Centre d'hébergement de Charny,0,2026-07-25,patients_sur_civiere,0,False,2026-07-26
12,Chaudière-Appalaches,Centre Paul-Gilbert - Centre d'hébergement de Charny,0,2026-07-26,patients_sur_civiere,0,False,2026-07-26
12,Chaudière-Appalaches,Centre Paul-Gilbert - Centre d'hébergement de Charny,0,2026-07-20,patients_24h_plus,0,False,2026-07-26
12,Chaudière-Appalaches,Centre Paul-Gilbert - Centre d'hébergement de Charny,0,2026-07-21,patients_24h_plus,0,False,2026-07-26
12,Chaudière-Appalaches,Centre Paul-Gilbert - Centre d'hébergement de Charny,0,2026-07-22,patients_24h_plus,0,False,2026-07-26
12,Chaudière-Appalaches,Centre Paul-Gilbert - Centre d'hébergement de Charny,0,2026-07-23,patients_24h_plus,0,False,2026-07-26
12,Chaudière-Appalaches,Centre Paul-Gilbert - Centre d'hébergement de Charny,0,2026-07-24,patients_24h_plus,0,False,2026-07-26
12,Chaudière-Appalaches,Centre Paul-Gilbert - Centre d'hébergement de Charny,0,2026-07-25,patients_24h_plus,0,False,2026-07-26
12,Chaudière-Appalaches,Centre Paul-Gilbert - Centre d'hébergement de Charny,0,2026-07-26,patients_24h_plus,0,False,2026-07-26
12,Chaudière-Appalaches,Centre Paul-Gilbert - Centre d'hébergement de Charny,0,2026-07-20,patients_48h_plus,0,False,2026-07-26
12,Chaudière-Appalaches,Centre Paul-Gilbert - Centre d'hébergement de Charny,0,2026-07-21,patients_48h_plus,0,False,2026-07-26
12,Chaudière-Appalaches,Centre Paul-Gilbert - Centre d'hébergement de Charny,0,2026-07-22,patients_48h_plus,0,False,2026-07-26
12,Chaudière-Appalaches,Centre Paul-Gilbert - Centre d'hébergement de Charny,0,2026-07-23,patients_48h_plus,0,False,2026-07-26
12,Chaudière-Appalaches,Centre Paul-Gilbert - Centre d'hébergement de Charny,0,2026-07-24,patients_48h_plus,0,False,2026-07-26
12,Chaudière-Appalaches,Centre Paul-Gilbert - Centre d'hébergement de Charny,0,2026-07-25,patients_48h_plus,0,False,2026-07-26
12,Chaudière-Appalaches,Centre Paul-Gilbert - Centre d'hébergement de Charny,0,2026-07-26,patients_48h_plus,0,False,2026-07-26
12,Chaudière-Appalaches,Centre Paul-Gilbert - Centre d'hébergement de Charny,0,2026-07-20,visites_totales_veille,90,False,2026-07-26
12,Chaudière-Appalaches,Centre Paul-Gilbert - Centre d'hébergement de Charny,0,2026-07-21,visites_totales_veille,125,False,2026-07-26
12,Chaudière-Appalaches,Centre Paul-Gilbert - Centre d'hébergement de Charny,0,2026-07-22,visites_totales_veille,121,False,2026-07-26
12,Chaudière-Appalaches,Centre Paul-Gilbert - Centre d'hébergement de Charny,0,2026-07-23,visites_totales_veille,110,False,2026-07-26
12,Chaudière-Appalaches,Centre Paul-Gilbert - Centre d'hébergement de Charny,0,2026-07-24,visites_totales_veille,105,False,2026-07-26
12,Chaudière-Appalaches,Centre Paul-Gilbert - Centre d'hébergement de Charny,0,2026-07-25,visites_totales_veille,112,False,2026-07-26
12,Chaudière-Appalaches,Centre Paul-Gilbert - Centre d'hébergement de Charny,0,2026-07-26,visites_totales_veille,64,False,2026-07-26
12,Chaudière-Appalaches,Centre Paul-Gilbert - Centre d'hébergement de Charny,0,2026-07-20,taux_occupation,,False,2026-07-26
12,Chaudière-Appalaches,Centre Paul-Gilbert - Centre d'hébergement de Charny,0,2026-07-21,taux_occupation,,False,2026-07-26
12,Chaudière-Appalaches,Centre Paul-Gilbert - Centre d'hébergement de Charny,0,2026-07-22,taux_occupation,,False,2026-07-26
12,Chaudière-Appalaches,Centre Paul-Gilbert - Centre d'hébergement de Charny,0,2026-07-23,taux_occupation,,False,2026-07-26
12,Chaudière-Appalaches,Centre Paul-Gilbert - Centre d'hébergement de Charny,0,2026-07-24,taux_occupation,,False,2026-07-26
12,Chaudière-Appalaches,Centre Paul-Gilbert - Centre d'hébergement de Charny,0,2026-07-25,taux_occupation,,False,2026-07-26
12,Chaudière-Appalaches,Centre Paul-Gilbert - Centre d'hébergement de Charny,0,2026-07-26,taux_occupation,,False,2026-07-26
12,Chaudière-Appalaches,Hôpital de St-Georges,21,2026-07-20,patients_sur_civiere,28,False,2026-07-26
12,Chaudière-Appalaches,Hôpital de St-Georges,21,2026-07-21,patients_sur_civiere,25,False,2026-07-26
12,Chaudière-Appalaches,Hôpital de St-Georges,21,2026-07-22,patients_sur_civiere,29,False,2026-07-26
12,Chaudière-Appalaches,Hôpital de St-Georges,21,2026-07-23,patients_sur_civiere,20,False,2026-07-26
12,Chaudière-Appalaches,Hôpital de St-Georges,21,2026-07-24,patients_sur_civiere,22,False,2026-07-26
12,Chaudière-Appalaches,Hôpital de St-Georges,21,2026-07-25,patients_sur_civiere,24,False,2026-07-26
12,Chaudière-Appalaches,Hôpital de St-Georges,21,2026-07-26,patients_sur_civiere,19,False,2026-07-26
12,Chaudière-Appalaches,Hôpital de St-Georges,21,2026-07-20,patients_24h_plus,6,False,2026-07-26
12,Chaudière-Appalaches,Hôpital de St-Georges,21,2026-07-21,patients_24h_plus,6,False,2026-07-26
12,Chaudière-Appalaches,Hôpital de St-Georges,21,2026-07-22,patients_24h_plus,5,False,2026-07-26
12,Chaudière-Appalaches,Hôpital de St-Georges,21,2026-07-23,patients_24h_plus,6,False,2026-07-26
12,Chaudière-Appalaches,Hôpital de St-Georges,21,2026-07-24,patients_24h_plus,4,False,2026-07-26
12,Chaudière-Appalaches,Hôpital de St-Georges,21,2026-07-25,patients_24h_plus,1,False,2026-07-26
12,Chaudière-Appalaches,Hôpital de St-Georges,21,2026-07-26,patients_24h_plus,2,False,2026-07-26
12,Chaudière-Appalaches,Hôpital de St-Georges,21,2026-07-20,patients_48h_plus,1,False,2026-07-26
12,Chaudière-Appalaches,Hôpital de St-Georges,21,2026-07-21,patients_48h_plus,2,False,2026-07-26
12,Chaudière-Appalaches,Hôpital de St-Georges,21,2026-07-22,patients_48h_plus,0,False,2026-07-26
12,Chaudière-Appalaches,Hôpital de St-Georges,21,2026-07-23,patients_48h_plus,0,False,2026-07-26
12,Chaudière-Appalaches,Hôpital de St-Georges,21,2026-07-24,patients_48h_plus,1,False,2026-07-26
12,Chaudière-Appalaches,Hôpital de St-Georges,21,2026-07-25,patients_48h_plus,0,False,2026-07-26
12,Chaudière-Appalaches,Hôpital de St-Georges,21,2026-07-26,patients_48h_plus,0,False,2026-07-26
12,Chaudière-Appalaches,Hôpital de St-Georges,21,2026-07-20,visites_totales_veille,98,False,2026-07-26
12,Chaudière-Appalaches,Hôpital de St-Georges,21,2026-07-21,visites_totales_veille,139,False,2026-07-26
12,Chaudière-Appalaches,Hôpital de St-Georges,21,2026-07-22,visites_totales_veille,116,False,2026-07-26
12,Chaudière-Appalaches,Hôpital de St-Georges,21,2026-07-23,visites_totales_veille,121,False,2026-07-26
12,Chaudière-Appalaches,Hôpital de St-Georges,21,2026-07-24,visites_totales_veille,101,False,2026-07-26
12,Chaudière-Appalaches,Hôpital de St-Georges,21,2026-07-25,visites_totales_veille,126,False,2026-07-26
12,Chaudière-Appalaches,Hôpital de St-Georges,21,2026-07-26,visites_totales_veille,116,False,2026-07-26
12,Chaudière-Appalaches,Hôpital de St-Georges,21,2026-07-20,taux_occupation,133,False,2026-07-26
12,Chaudière-Appalaches,Hôpital de St-Georges,21,2026-07-21,taux_occupation,119,False,2026-07-26
12,Chaudière-Appalaches,Hôpital de St-Georges,21,2026-07-22,taux_occupation,138,False,2026-07-26
12,Chaudière-Appalaches,Hôpital de St-Georges,21,2026-07-23,taux_occupation,95,False,2026-07-26
12,Chaudière-Appalaches,Hôpital de St-Georges,21,2026-07-24,taux_occupation,105,False,2026-07-26
12,Chaudière-Appalaches,Hôpital de St-Georges,21,2026-07-25,taux_occupation,114,False,2026-07-26
12,Chaudière-Appalaches,Hôpital de St-Georges,21,2026-07-26,taux_occupation,90,False,2026-07-26
12,Chaudière-Appalaches,Hôpital de Thetford Mines,15,2026-07-20,patients_sur_civiere,13,False,2026-07-26
12,Chaudière-Appalaches,Hôpital de Thetford Mines,15,2026-07-21,patients_sur_civiere,10,False,2026-07-26
12,Chaudière-Appalaches,Hôpital de Thetford Mines,15,2026-07-22,patients_sur_civiere,13,False,2026-07-26
12,Chaudière-Appalaches,Hôpital de Thetford Mines,15,2026-07-23,patients_sur_civiere,11,False,2026-07-26
12,Chaudière-Appalaches,Hôpital de Thetford Mines,15,2026-07-24,patients_sur_civiere,16,False,2026-07-26
12,Chaudière-Appalaches,Hôpital de Thetford Mines,15,2026-07-25,patients_sur_civiere,19,False,2026-07-26
12,Chaudière-Appalaches,Hôpital de Thetford Mines,15,2026-07-26,patients_sur_civiere,11,False,2026-07-26
12,Chaudière-Appalaches,Hôpital de Thetford Mines,15,2026-07-20,patients_24h_plus,3,False,2026-07-26
12,Chaudière-Appalaches,Hôpital de Thetford Mines,15,2026-07-21,patients_24h_plus,0,False,2026-07-26
12,Chaudière-Appalaches,Hôpital de Thetford Mines,15,2026-07-22,patients_24h_plus,2,False,2026-07-26
12,Chaudière-Appalaches,Hôpital de Thetford Mines,15,2026-07-23,patients_24h_plus,2,False,2026-07-26
12,Chaudière-Appalaches,Hôpital de Thetford Mines,15,2026-07-24,patients_24h_plus,1,False,2026-07-26
12,Chaudière-Appalaches,Hôpital de Thetford Mines,15,2026-07-25,patients_24h_plus,1,False,2026-07-26
12,Chaudière-Appalaches,Hôpital de Thetford Mines,15,2026-07-26,patients_24h_plus,0,False,2026-07-26
12,Chaudière-Appalaches,Hôpital de Thetford Mines,15,2026-07-20,patients_48h_plus,0,False,2026-07-26
12,Chaudière-Appalaches,Hôpital de Thetford Mines,15,2026-07-21,patients_48h_plus,0,False,2026-07-26
12,Chaudière-Appalaches,Hôpital de Thetford Mines,15,2026-07-22,patients_48h_plus,0,False,2026-07-26
12,Chaudière-Appalaches,Hôpital de Thetford Mines,15,2026-07-23,patients_48h_plus,0,False,2026-07-26
12,Chaudière-Appalaches,Hôpital de Thetford Mines,15,2026-07-24,patients_48h_plus,0,False,2026-07-26
12,Chaudière-Appalaches,Hôpital de Thetford Mines,15,2026-07-25,patients_48h_plus,0,False,2026-07-26
12,Chaudière-Appalaches,Hôpital de Thetford Mines,15,2026-07-26,patients_48h_plus,0,False,2026-07-26
12,Chaudière-Appalaches,Hôpital de Thetford Mines,15,2026-07-20,visites_totales_veille,96,False,2026-07-26
12,Chaudière-Appalaches,Hôpital de Thetford Mines,15,2026-07-21,visites_totales_veille,101,False,2026-07-26
12,Chaudière-Appalaches,Hôpital de Thetford Mines,15,2026-07-22,visites_totales_veille,110,False,2026-07-26
12,Chaudière-Appalaches,Hôpital de Thetford Mines,15,2026-07-23,visites_totales_veille,113,False,2026-07-26
12,Chaudière-Appalaches,Hôpital de Thetford Mines,15,2026-07-24,visites_totales_veille,99,False,2026-07-26
12,Chaudière-Appalaches,Hôpital de Thetford Mines,15,2026-07-25,visites_totales_veille,104,False,2026-07-26
12,Chaudière-Appalaches,Hôpital de Thetford Mines,15,2026-07-26,visites_totales_veille,94,False,2026-07-26
12,Chaudière-Appalaches,Hôpital de Thetford Mines,15,2026-07-20,taux_occupation,87,False,2026-07-26
12,Chaudière-Appalaches,Hôpital de Thetford Mines,15,2026-07-21,taux_occupation,67,False,2026-07-26
12,Chaudière-Appalaches,Hôpital de Thetford Mines,15,2026-07-22,taux_occupation,87,False,2026-07-26
12,Chaudière-Appalaches,Hôpital de Thetford Mines,15,2026-07-23,taux_occupation,73,False,2026-07-26
12,Chaudière-Appalaches,Hôpital de Thetford Mines,15,2026-07-24,taux_occupation,107,False,2026-07-26
12,Chaudière-Appalaches,Hôpital de Thetford Mines,15,2026-07-25,taux_occupation,127,False,2026-07-26
12,Chaudière-Appalaches,Hôpital de Thetford Mines,15,2026-07-26,taux_occupation,73,False,2026-07-26
12,Chaudière-Appalaches,Total (12) Chaudière-Appalaches,89,2026-07-20,patients_sur_civiere,103,True,2026-07-26
12,Chaudière-Appalaches,Total (12) Chaudière-Appalaches,89,2026-07-21,patients_sur_civiere,96,True,2026-07-26
12,Chaudière-Appalaches,Total (12) Chaudière-Appalaches,89,2026-07-22,patients_sur_civiere,108,True,2026-07-26
12,Chaudière-Appalaches,Total (12) Chaudière-Appalaches,89,2026-07-23,patients_sur_civiere,106,True,2026-07-26
12,Chaudière-Appalaches,Total (12) Chaudière-Appalaches,89,2026-07-24,patients_sur_civiere,114,True,2026-07-26
12,Chaudière-Appalaches,Total (12) Chaudière-Appalaches,89,2026-07-25,patients_sur_civiere,97,True,2026-07-26
12,Chaudière-Appalaches,Total (12) Chaudière-Appalaches,89,2026-07-26,patients_sur_civiere,96,True,2026-07-26
12,Chaudière-Appalaches,Total (12) Chaudière-Appalaches,89,2026-07-20,patients_24h_plus,30,True,2026-07-26
12,Chaudière-Appalaches,Total (12) Chaudière-Appalaches,89,2026-07-21,patients_24h_plus,22,True,2026-07-26
12,Chaudière-Appalaches,Total (12) Chaudière-Appalaches,89,2026-07-22,patients_24h_plus,23,True,2026-07-26
12,Chaudière-Appalaches,Total (12) Chaudière-Appalaches,89,2026-07-23,patients_24h_plus,29,True,2026-07-26
12,Chaudière-Appalaches,Total (12) Chaudière-Appalaches,89,2026-07-24,patients_24h_plus,24,True,2026-07-26
12,Chaudière-Appalaches,Total (12) Chaudière-Appalaches,89,2026-07-25,patients_24h_plus,19,True,2026-07-26
12,Chaudière-Appalaches,Total (12) Chaudière-Appalaches,89,2026-07-26,patients_24h_plus,16,True,2026-07-26
12,Chaudière-Appalaches,Total (12) Chaudière-Appalaches,89,2026-07-20,patients_48h_plus,9,True,2026-07-26
12,Chaudière-Appalaches,Total (12) Chaudière-Appalaches,89,2026-07-21,patients_48h_plus,6,True,2026-07-26
12,Chaudière-Appalaches,Total (12) Chaudière-Appalaches,89,2026-07-22,patients_48h_plus,6,True,2026-07-26
12,Chaudière-Appalaches,Total (12) Chaudière-Appalaches,89,2026-07-23,patients_48h_plus,4,True,2026-07-26
12,Chaudière-Appalaches,Total (12) Chaudière-Appalaches,89,2026-07-24,patients_48h_plus,8,True,2026-07-26
12,Chaudière-Appalaches,Total (12) Chaudière-Appalaches,89,2026-07-25,patients_48h_plus,3,True,2026-07-26
12,Chaudière-Appalaches,Total (12) Chaudière-Appalaches,89,2026-07-26,patients_48h_plus,4,True,2026-07-26
12,Chaudière-Appalaches,Total (12) Chaudière-Appalaches,89,2026-07-20,visites_totales_veille,622,True,2026-07-26
12,Chaudière-Appalaches,Total (12) Chaudière-Appalaches,89,2026-07-21,visites_totales_veille,680,True,2026-07-26
12,Chaudière-Appalaches,Total (12) Chaudière-Appalaches,89,2026-07-22,visites_totales_veille,678,True,2026-07-26
12,Chaudière-Appalaches,Total (12) Chaudière-Appalaches,89,2026-07-23,visites_totales_veille,656,True,2026-07-26
12,Chaudière-Appalaches,Total (12) Chaudière-Appalaches,89,2026-07-24,visites_totales_veille,588,True,2026-07-26
12,Chaudière-Appalaches,Total (12) Chaudière-Appalaches,89,2026-07-25,visites_totales_veille,635,True,2026-07-26
12,Chaudière-Appalaches,Total (12) Chaudière-Appalaches,89,2026-07-26,visites_totales_veille,539,True,2026-07-26
12,Chaudière-Appalaches,Total (12) Chaudière-Appalaches,89,2026-07-20,taux_occupation,116,True,2026-07-26
12,Chaudière-Appalaches,Total (12) Chaudière-Appalaches,89,2026-07-21,taux_occupation,108,True,2026-07-26
12,Chaudière-Appalaches,Total (12) Chaudière-Appalaches,89,2026-07-22,taux_occupation,121,True,2026-07-26
12,Chaudière-Appalaches,Total (12) Chaudière-Appalaches,89,2026-07-23,taux_occupation,119,True,2026-07-26
12,Chaudière-Appalaches,Total (12) Chaudière-Appalaches,89,2026-07-24,taux_occupation,128,True,2026-07-26
12,Chaudière-Appalaches,Total (12) Chaudière-Appalaches,89,2026-07-25,taux_occupation,109,True,2026-07-26
12,Chaudière-Appalaches,Total (12) Chaudière-Appalaches,89,2026-07-26,taux_occupation,108,True,2026-07-26
13,Laval,Hôpital Cité de la Santé,49,2026-07-20,patients_sur_civiere,84,False,2026-07-26
13,Laval,Hôpital Cité de la Santé,49,2026-07-21,patients_sur_civiere,86,False,2026-07-26
13,Laval,Hôpital Cité de la Santé,49,2026-07-22,patients_sur_civiere,85,False,2026-07-26
13,Laval,Hôpital Cité de la Santé,49,2026-07-23,patients_sur_civiere,81,False,2026-07-26
13,Laval,Hôpital Cité de la Santé,49,2026-07-24,patients_sur_civiere,84,False,2026-07-26
13,Laval,Hôpital Cité de la Santé,49,2026-07-25,patients_sur_civiere,72,False,2026-07-26
13,Laval,Hôpital Cité de la Santé,49,2026-07-26,patients_sur_civiere,77,False,2026-07-26
13,Laval,Hôpital Cité de la Santé,49,2026-07-20,patients_24h_plus,19,False,2026-07-26
13,Laval,Hôpital Cité de la Santé,49,2026-07-21,patients_24h_plus,15,False,2026-07-26
13,Laval,Hôpital Cité de la Santé,49,2026-07-22,patients_24h_plus,17,False,2026-07-26
13,Laval,Hôpital Cité de la Santé,49,2026-07-23,patients_24h_plus,10,False,2026-07-26
13,Laval,Hôpital Cité de la Santé,49,2026-07-24,patients_24h_plus,11,False,2026-07-26
13,Laval,Hôpital Cité de la Santé,49,2026-07-25,patients_24h_plus,14,False,2026-07-26
13,Laval,Hôpital Cité de la Santé,49,2026-07-26,patients_24h_plus,13,False,2026-07-26
13,Laval,Hôpital Cité de la Santé,49,2026-07-20,patients_48h_plus,3,False,2026-07-26
13,Laval,Hôpital Cité de la Santé,49,2026-07-21,patients_48h_plus,2,False,2026-07-26
13,Laval,Hôpital Cité de la Santé,49,2026-07-22,patients_48h_plus,0,False,2026-07-26
13,Laval,Hôpital Cité de la Santé,49,2026-07-23,patients_48h_plus,0,False,2026-07-26
13,Laval,Hôpital Cité de la Santé,49,2026-07-24,patients_48h_plus,0,False,2026-07-26
13,Laval,Hôpital Cité de la Santé,49,2026-07-25,patients_48h_plus,0,False,2026-07-26
13,Laval,Hôpital Cité de la Santé,49,2026-07-26,patients_48h_plus,1,False,2026-07-26
13,Laval,Hôpital Cité de la Santé,49,2026-07-20,visites_totales_veille,207,False,2026-07-26
13,Laval,Hôpital Cité de la Santé,49,2026-07-21,visites_totales_veille,282,False,2026-07-26
13,Laval,Hôpital Cité de la Santé,49,2026-07-22,visites_totales_veille,265,False,2026-07-26
13,Laval,Hôpital Cité de la Santé,49,2026-07-23,visites_totales_veille,265,False,2026-07-26
13,Laval,Hôpital Cité de la Santé,49,2026-07-24,visites_totales_veille,286,False,2026-07-26
13,Laval,Hôpital Cité de la Santé,49,2026-07-25,visites_totales_veille,236,False,2026-07-26
13,Laval,Hôpital Cité de la Santé,49,2026-07-26,visites_totales_veille,178,False,2026-07-26
13,Laval,Hôpital Cité de la Santé,49,2026-07-20,taux_occupation,171,False,2026-07-26
13,Laval,Hôpital Cité de la Santé,49,2026-07-21,taux_occupation,176,False,2026-07-26
13,Laval,Hôpital Cité de la Santé,49,2026-07-22,taux_occupation,173,False,2026-07-26
13,Laval,Hôpital Cité de la Santé,49,2026-07-23,taux_occupation,165,False,2026-07-26
13,Laval,Hôpital Cité de la Santé,49,2026-07-24,taux_occupation,171,False,2026-07-26
13,Laval,Hôpital Cité de la Santé,49,2026-07-25,taux_occupation,147,False,2026-07-26
13,Laval,Hôpital Cité de la Santé,49,2026-07-26,taux_occupation,157,False,2026-07-26
13,Laval,Total (13) Laval,49,2026-07-20,patients_sur_civiere,84,True,2026-07-26
13,Laval,Total (13) Laval,49,2026-07-21,patients_sur_civiere,86,True,2026-07-26
13,Laval,Total (13) Laval,49,2026-07-22,patients_sur_civiere,85,True,2026-07-26
13,Laval,Total (13) Laval,49,2026-07-23,patients_sur_civiere,81,True,2026-07-26
13,Laval,Total (13) Laval,49,2026-07-24,patients_sur_civiere,84,True,2026-07-26
13,Laval,Total (13) Laval,49,2026-07-25,patients_sur_civiere,72,True,2026-07-26
13,Laval,Total (13) Laval,49,2026-07-26,patients_sur_civiere,77,True,2026-07-26
13,Laval,Total (13) Laval,49,2026-07-20,patients_24h_plus,19,True,2026-07-26
13,Laval,Total (13) Laval,49,2026-07-21,patients_24h_plus,15,True,2026-07-26
13,Laval,Total (13) Laval,49,2026-07-22,patients_24h_plus,17,True,2026-07-26
13,Laval,Total (13) Laval,49,2026-07-23,patients_24h_plus,10,True,2026-07-26
13,Laval,Total (13) Laval,49,2026-07-24,patients_24h_plus,11,True,2026-07-26
13,Laval,Total (13) Laval,49,2026-07-25,patients_24h_plus,14,True,2026-07-26
13,Laval,Total (13) Laval,49,2026-07-26,patients_24h_plus,13,True,2026-07-26
13,Laval,Total (13) Laval,49,2026-07-20,patients_48h_plus,3,True,2026-07-26
13,Laval,Total (13) Laval,49,2026-07-21,patients_48h_plus,2,True,2026-07-26
13,Laval,Total (13) Laval,49,2026-07-22,patients_48h_plus,0,True,2026-07-26
13,Laval,Total (13) Laval,49,2026-07-23,patients_48h_plus,0,True,2026-07-26
13,Laval,Total (13) Laval,49,2026-07-24,patients_48h_plus,0,True,2026-07-26
13,Laval,Total (13) Laval,49,2026-07-25,patients_48h_plus,0,True,2026-07-26
13,Laval,Total (13) Laval,49,2026-07-26,patients_48h_plus,1,True,2026-07-26
13,Laval,Total (13) Laval,49,2026-07-20,visites_totales_veille,207,True,2026-07-26
13,Laval,Total (13) Laval,49,2026-07-21,visites_totales_veille,282,True,2026-07-26
13,Laval,Total (13) Laval,49,2026-07-22,visites_totales_veille,265,True,2026-07-26
13,Laval,Total (13) Laval,49,2026-07-23,visites_totales_veille,265,True,2026-07-26
13,Laval,Total (13) Laval,49,2026-07-24,visites_totales_veille,286,True,2026-07-26
13,Laval,Total (13) Laval,49,2026-07-25,visites_totales_veille,236,True,2026-07-26
13,Laval,Total (13) Laval,49,2026-07-26,visites_totales_veille,178,True,2026-07-26
13,Laval,Total (13) Laval,49,2026-07-20,taux_occupation,171,True,2026-07-26
13,Laval,Total (13) Laval,49,2026-07-21,taux_occupation,176,True,2026-07-26
13,Laval,Total (13) Laval,49,2026-07-22,taux_occupation,173,True,2026-07-26
13,Laval,Total (13) Laval,49,2026-07-23,taux_occupation,165,True,2026-07-26
13,Laval,Total (13) Laval,49,2026-07-24,taux_occupation,171,True,2026-07-26
13,Laval,Total (13) Laval,49,2026-07-25,taux_occupation,147,True,2026-07-26
13,Laval,Total (13) Laval,49,2026-07-26,taux_occupation,157,True,2026-07-26
14,Lanaudière,Hôpital Pierre-Le Gardeur,47,2026-07-20,patients_sur_civiere,41,False,2026-07-26
14,Lanaudière,Hôpital Pierre-Le Gardeur,47,2026-07-21,patients_sur_civiere,49,False,2026-07-26
14,Lanaudière,Hôpital Pierre-Le Gardeur,47,2026-07-22,patients_sur_civiere,47,False,2026-07-26
14,Lanaudière,Hôpital Pierre-Le Gardeur,47,2026-07-23,patients_sur_civiere,41,False,2026-07-26
14,Lanaudière,Hôpital Pierre-Le Gardeur,47,2026-07-24,patients_sur_civiere,40,False,2026-07-26
14,Lanaudière,Hôpital Pierre-Le Gardeur,47,2026-07-25,patients_sur_civiere,40,False,2026-07-26
14,Lanaudière,Hôpital Pierre-Le Gardeur,47,2026-07-26,patients_sur_civiere,45,False,2026-07-26
14,Lanaudière,Hôpital Pierre-Le Gardeur,47,2026-07-20,patients_24h_plus,6,False,2026-07-26
14,Lanaudière,Hôpital Pierre-Le Gardeur,47,2026-07-21,patients_24h_plus,6,False,2026-07-26
14,Lanaudière,Hôpital Pierre-Le Gardeur,47,2026-07-22,patients_24h_plus,11,False,2026-07-26
14,Lanaudière,Hôpital Pierre-Le Gardeur,47,2026-07-23,patients_24h_plus,7,False,2026-07-26
14,Lanaudière,Hôpital Pierre-Le Gardeur,47,2026-07-24,patients_24h_plus,9,False,2026-07-26
14,Lanaudière,Hôpital Pierre-Le Gardeur,47,2026-07-25,patients_24h_plus,4,False,2026-07-26
14,Lanaudière,Hôpital Pierre-Le Gardeur,47,2026-07-26,patients_24h_plus,4,False,2026-07-26
14,Lanaudière,Hôpital Pierre-Le Gardeur,47,2026-07-20,patients_48h_plus,0,False,2026-07-26
14,Lanaudière,Hôpital Pierre-Le Gardeur,47,2026-07-21,patients_48h_plus,0,False,2026-07-26
14,Lanaudière,Hôpital Pierre-Le Gardeur,47,2026-07-22,patients_48h_plus,1,False,2026-07-26
14,Lanaudière,Hôpital Pierre-Le Gardeur,47,2026-07-23,patients_48h_plus,0,False,2026-07-26
14,Lanaudière,Hôpital Pierre-Le Gardeur,47,2026-07-24,patients_48h_plus,1,False,2026-07-26
14,Lanaudière,Hôpital Pierre-Le Gardeur,47,2026-07-25,patients_48h_plus,0,False,2026-07-26
14,Lanaudière,Hôpital Pierre-Le Gardeur,47,2026-07-26,patients_48h_plus,0,False,2026-07-26
14,Lanaudière,Hôpital Pierre-Le Gardeur,47,2026-07-20,visites_totales_veille,215,False,2026-07-26
14,Lanaudière,Hôpital Pierre-Le Gardeur,47,2026-07-21,visites_totales_veille,276,False,2026-07-26
14,Lanaudière,Hôpital Pierre-Le Gardeur,47,2026-07-22,visites_totales_veille,250,False,2026-07-26
14,Lanaudière,Hôpital Pierre-Le Gardeur,47,2026-07-23,visites_totales_veille,242,False,2026-07-26
14,Lanaudière,Hôpital Pierre-Le Gardeur,47,2026-07-24,visites_totales_veille,241,False,2026-07-26
14,Lanaudière,Hôpital Pierre-Le Gardeur,47,2026-07-25,visites_totales_veille,212,False,2026-07-26
14,Lanaudière,Hôpital Pierre-Le Gardeur,47,2026-07-26,visites_totales_veille,200,False,2026-07-26
14,Lanaudière,Hôpital Pierre-Le Gardeur,47,2026-07-20,taux_occupation,87,False,2026-07-26
14,Lanaudière,Hôpital Pierre-Le Gardeur,47,2026-07-21,taux_occupation,104,False,2026-07-26
14,Lanaudière,Hôpital Pierre-Le Gardeur,47,2026-07-22,taux_occupation,100,False,2026-07-26
14,Lanaudière,Hôpital Pierre-Le Gardeur,47,2026-07-23,taux_occupation,87,False,2026-07-26
14,Lanaudière,Hôpital Pierre-Le Gardeur,47,2026-07-24,taux_occupation,85,False,2026-07-26
14,Lanaudière,Hôpital Pierre-Le Gardeur,47,2026-07-25,taux_occupation,85,False,2026-07-26
14,Lanaudière,Hôpital Pierre-Le Gardeur,47,2026-07-26,taux_occupation,96,False,2026-07-26
14,Lanaudière,Centre hospitalier régional de Lanaudière,42,2026-07-20,patients_sur_civiere,46,False,2026-07-26
14,Lanaudière,Centre hospitalier régional de Lanaudière,42,2026-07-21,patients_sur_civiere,53,False,2026-07-26
14,Lanaudière,Centre hospitalier régional de Lanaudière,42,2026-07-22,patients_sur_civiere,54,False,2026-07-26
14,Lanaudière,Centre hospitalier régional de Lanaudière,42,2026-07-23,patients_sur_civiere,54,False,2026-07-26
14,Lanaudière,Centre hospitalier régional de Lanaudière,42,2026-07-24,patients_sur_civiere,58,False,2026-07-26
14,Lanaudière,Centre hospitalier régional de Lanaudière,42,2026-07-25,patients_sur_civiere,34,False,2026-07-26
14,Lanaudière,Centre hospitalier régional de Lanaudière,42,2026-07-26,patients_sur_civiere,37,False,2026-07-26
14,Lanaudière,Centre hospitalier régional de Lanaudière,42,2026-07-20,patients_24h_plus,2,False,2026-07-26
14,Lanaudière,Centre hospitalier régional de Lanaudière,42,2026-07-21,patients_24h_plus,7,False,2026-07-26
14,Lanaudière,Centre hospitalier régional de Lanaudière,42,2026-07-22,patients_24h_plus,15,False,2026-07-26
14,Lanaudière,Centre hospitalier régional de Lanaudière,42,2026-07-23,patients_24h_plus,8,False,2026-07-26
14,Lanaudière,Centre hospitalier régional de Lanaudière,42,2026-07-24,patients_24h_plus,9,False,2026-07-26
14,Lanaudière,Centre hospitalier régional de Lanaudière,42,2026-07-25,patients_24h_plus,10,False,2026-07-26
14,Lanaudière,Centre hospitalier régional de Lanaudière,42,2026-07-26,patients_24h_plus,3,False,2026-07-26
14,Lanaudière,Centre hospitalier régional de Lanaudière,42,2026-07-20,patients_48h_plus,0,False,2026-07-26
14,Lanaudière,Centre hospitalier régional de Lanaudière,42,2026-07-21,patients_48h_plus,0,False,2026-07-26
14,Lanaudière,Centre hospitalier régional de Lanaudière,42,2026-07-22,patients_48h_plus,0,False,2026-07-26
14,Lanaudière,Centre hospitalier régional de Lanaudière,42,2026-07-23,patients_48h_plus,0,False,2026-07-26
14,Lanaudière,Centre hospitalier régional de Lanaudière,42,2026-07-24,patients_48h_plus,1,False,2026-07-26
14,Lanaudière,Centre hospitalier régional de Lanaudière,42,2026-07-25,patients_48h_plus,0,False,2026-07-26
14,Lanaudière,Centre hospitalier régional de Lanaudière,42,2026-07-26,patients_48h_plus,0,False,2026-07-26
14,Lanaudière,Centre hospitalier régional de Lanaudière,42,2026-07-20,visites_totales_veille,197,False,2026-07-26
14,Lanaudière,Centre hospitalier régional de Lanaudière,42,2026-07-21,visites_totales_veille,229,False,2026-07-26
14,Lanaudière,Centre hospitalier régional de Lanaudière,42,2026-07-22,visites_totales_veille,229,False,2026-07-26
14,Lanaudière,Centre hospitalier régional de Lanaudière,42,2026-07-23,visites_totales_veille,222,False,2026-07-26
14,Lanaudière,Centre hospitalier régional de Lanaudière,42,2026-07-24,visites_totales_veille,211,False,2026-07-26
14,Lanaudière,Centre hospitalier régional de Lanaudière,42,2026-07-25,visites_totales_veille,202,False,2026-07-26
14,Lanaudière,Centre hospitalier régional de Lanaudière,42,2026-07-26,visites_totales_veille,186,False,2026-07-26
14,Lanaudière,Centre hospitalier régional de Lanaudière,42,2026-07-20,taux_occupation,110,False,2026-07-26
14,Lanaudière,Centre hospitalier régional de Lanaudière,42,2026-07-21,taux_occupation,126,False,2026-07-26
14,Lanaudière,Centre hospitalier régional de Lanaudière,42,2026-07-22,taux_occupation,129,False,2026-07-26
14,Lanaudière,Centre hospitalier régional de Lanaudière,42,2026-07-23,taux_occupation,129,False,2026-07-26
14,Lanaudière,Centre hospitalier régional de Lanaudière,42,2026-07-24,taux_occupation,138,False,2026-07-26
14,Lanaudière,Centre hospitalier régional de Lanaudière,42,2026-07-25,taux_occupation,81,False,2026-07-26
14,Lanaudière,Centre hospitalier régional de Lanaudière,42,2026-07-26,taux_occupation,88,False,2026-07-26
14,Lanaudière,Total (14) Lanaudière,89,2026-07-20,patients_sur_civiere,87,True,2026-07-26
14,Lanaudière,Total (14) Lanaudière,89,2026-07-21,patients_sur_civiere,102,True,2026-07-26
14,Lanaudière,Total (14) Lanaudière,89,2026-07-22,patients_sur_civiere,101,True,2026-07-26
14,Lanaudière,Total (14) Lanaudière,89,2026-07-23,patients_sur_civiere,95,True,2026-07-26
14,Lanaudière,Total (14) Lanaudière,89,2026-07-24,patients_sur_civiere,98,True,2026-07-26
14,Lanaudière,Total (14) Lanaudière,89,2026-07-25,patients_sur_civiere,74,True,2026-07-26
14,Lanaudière,Total (14) Lanaudière,89,2026-07-26,patients_sur_civiere,82,True,2026-07-26
14,Lanaudière,Total (14) Lanaudière,89,2026-07-20,patients_24h_plus,8,True,2026-07-26
14,Lanaudière,Total (14) Lanaudière,89,2026-07-21,patients_24h_plus,13,True,2026-07-26
14,Lanaudière,Total (14) Lanaudière,89,2026-07-22,patients_24h_plus,26,True,2026-07-26
14,Lanaudière,Total (14) Lanaudière,89,2026-07-23,patients_24h_plus,15,True,2026-07-26
14,Lanaudière,Total (14) Lanaudière,89,2026-07-24,patients_24h_plus,18,True,2026-07-26
14,Lanaudière,Total (14) Lanaudière,89,2026-07-25,patients_24h_plus,14,True,2026-07-26
14,Lanaudière,Total (14) Lanaudière,89,2026-07-26,patients_24h_plus,7,True,2026-07-26
14,Lanaudière,Total (14) Lanaudière,89,2026-07-20,patients_48h_plus,0,True,2026-07-26
14,Lanaudière,Total (14) Lanaudière,89,2026-07-21,patients_48h_plus,0,True,2026-07-26
14,Lanaudière,Total (14) Lanaudière,89,2026-07-22,patients_48h_plus,1,True,2026-07-26
14,Lanaudière,Total (14) Lanaudière,89,2026-07-23,patients_48h_plus,0,True,2026-07-26
14,Lanaudière,Total (14) Lanaudière,89,2026-07-24,patients_48h_plus,2,True,2026-07-26
14,Lanaudière,Total (14) Lanaudière,89,2026-07-25,patients_48h_plus,0,True,2026-07-26
14,Lanaudière,Total (14) Lanaudière,89,2026-07-26,patients_48h_plus,0,True,2026-07-26
14,Lanaudière,Total (14) Lanaudière,89,2026-07-20,visites_totales_veille,412,True,2026-07-26
14,Lanaudière,Total (14) Lanaudière,89,2026-07-21,visites_totales_veille,505,True,2026-07-26
14,Lanaudière,Total (14) Lanaudière,89,2026-07-22,visites_totales_veille,479,True,2026-07-26
14,Lanaudière,Total (14) Lanaudière,89,2026-07-23,visites_totales_veille,464,True,2026-07-26
14,Lanaudière,Total (14) Lanaudière,89,2026-07-24,visites_totales_veille,452,True,2026-07-26
14,Lanaudière,Total (14) Lanaudière,89,2026-07-25,visites_totales_veille,414,True,2026-07-26
14,Lanaudière,Total (14) Lanaudière,89,2026-07-26,visites_totales_veille,386,True,2026-07-26
14,Lanaudière,Total (14) Lanaudière,89,2026-07-20,taux_occupation,98,True,2026-07-26
14,Lanaudière,Total (14) Lanaudière,89,2026-07-21,taux_occupation,115,True,2026-07-26
14,Lanaudière,Total (14) Lanaudière,89,2026-07-22,taux_occupation,113,True,2026-07-26
14,Lanaudière,Total (14) Lanaudière,89,2026-07-23,taux_occupation,107,True,2026-07-26
14,Lanaudière,Total (14) Lanaudière,89,2026-07-24,taux_occupation,110,True,2026-07-26
14,Lanaudière,Total (14) Lanaudière,89,2026-07-25,taux_occupation,83,True,2026-07-26
14,Lanaudière,Total (14) Lanaudière,89,2026-07-26,taux_occupation,92,True,2026-07-26
15,Laurentides,Hôpital de Saint-Eustache,35,2026-07-20,patients_sur_civiere,60,False,2026-07-26
15,Laurentides,Hôpital de Saint-Eustache,35,2026-07-21,patients_sur_civiere,56,False,2026-07-26
15,Laurentides,Hôpital de Saint-Eustache,35,2026-07-22,patients_sur_civiere,62,False,2026-07-26
15,Laurentides,Hôpital de Saint-Eustache,35,2026-07-23,patients_sur_civiere,62,False,2026-07-26
15,Laurentides,Hôpital de Saint-Eustache,35,2026-07-24,patients_sur_civiere,57,False,2026-07-26
15,Laurentides,Hôpital de Saint-Eustache,35,2026-07-25,patients_sur_civiere,65,False,2026-07-26
15,Laurentides,Hôpital de Saint-Eustache,35,2026-07-26,patients_sur_civiere,58,False,2026-07-26
15,Laurentides,Hôpital de Saint-Eustache,35,2026-07-20,patients_24h_plus,26,False,2026-07-26
15,Laurentides,Hôpital de Saint-Eustache,35,2026-07-21,patients_24h_plus,20,False,2026-07-26
15,Laurentides,Hôpital de Saint-Eustache,35,2026-07-22,patients_24h_plus,22,False,2026-07-26
15,Laurentides,Hôpital de Saint-Eustache,35,2026-07-23,patients_24h_plus,21,False,2026-07-26
15,Laurentides,Hôpital de Saint-Eustache,35,2026-07-24,patients_24h_plus,27,False,2026-07-26
15,Laurentides,Hôpital de Saint-Eustache,35,2026-07-25,patients_24h_plus,26,False,2026-07-26
15,Laurentides,Hôpital de Saint-Eustache,35,2026-07-26,patients_24h_plus,28,False,2026-07-26
15,Laurentides,Hôpital de Saint-Eustache,35,2026-07-20,patients_48h_plus,11,False,2026-07-26
15,Laurentides,Hôpital de Saint-Eustache,35,2026-07-21,patients_48h_plus,5,False,2026-07-26
15,Laurentides,Hôpital de Saint-Eustache,35,2026-07-22,patients_48h_plus,3,False,2026-07-26
15,Laurentides,Hôpital de Saint-Eustache,35,2026-07-23,patients_48h_plus,3,False,2026-07-26
15,Laurentides,Hôpital de Saint-Eustache,35,2026-07-24,patients_48h_plus,2,False,2026-07-26
15,Laurentides,Hôpital de Saint-Eustache,35,2026-07-25,patients_48h_plus,8,False,2026-07-26
15,Laurentides,Hôpital de Saint-Eustache,35,2026-07-26,patients_48h_plus,10,False,2026-07-26
15,Laurentides,Hôpital de Saint-Eustache,35,2026-07-20,visites_totales_veille,150,False,2026-07-26
15,Laurentides,Hôpital de Saint-Eustache,35,2026-07-21,visites_totales_veille,185,False,2026-07-26
15,Laurentides,Hôpital de Saint-Eustache,35,2026-07-22,visites_totales_veille,159,False,2026-07-26
15,Laurentides,Hôpital de Saint-Eustache,35,2026-07-23,visites_totales_veille,162,False,2026-07-26
15,Laurentides,Hôpital de Saint-Eustache,35,2026-07-24,visites_totales_veille,130,False,2026-07-26
15,Laurentides,Hôpital de Saint-Eustache,35,2026-07-25,visites_totales_veille,165,False,2026-07-26
15,Laurentides,Hôpital de Saint-Eustache,35,2026-07-26,visites_totales_veille,148,False,2026-07-26
15,Laurentides,Hôpital de Saint-Eustache,35,2026-07-20,taux_occupation,171,False,2026-07-26
15,Laurentides,Hôpital de Saint-Eustache,35,2026-07-21,taux_occupation,160,False,2026-07-26
15,Laurentides,Hôpital de Saint-Eustache,35,2026-07-22,taux_occupation,177,False,2026-07-26
15,Laurentides,Hôpital de Saint-Eustache,35,2026-07-23,taux_occupation,177,False,2026-07-26
15,Laurentides,Hôpital de Saint-Eustache,35,2026-07-24,taux_occupation,163,False,2026-07-26
15,Laurentides,Hôpital de Saint-Eustache,35,2026-07-25,taux_occupation,186,False,2026-07-26
15,Laurentides,Hôpital de Saint-Eustache,35,2026-07-26,taux_occupation,166,False,2026-07-26
15,Laurentides,Hôpital régional de Saint-Jérôme,47,2026-07-20,patients_sur_civiere,52,False,2026-07-26
15,Laurentides,Hôpital régional de Saint-Jérôme,47,2026-07-21,patients_sur_civiere,70,False,2026-07-26
15,Laurentides,Hôpital régional de Saint-Jérôme,47,2026-07-22,patients_sur_civiere,75,False,2026-07-26
15,Laurentides,Hôpital régional de Saint-Jérôme,47,2026-07-23,patients_sur_civiere,76,False,2026-07-26
15,Laurentides,Hôpital régional de Saint-Jérôme,47,2026-07-24,patients_sur_civiere,62,False,2026-07-26
15,Laurentides,Hôpital régional de Saint-Jérôme,47,2026-07-25,patients_sur_civiere,54,False,2026-07-26
15,Laurentides,Hôpital régional de Saint-Jérôme,47,2026-07-26,patients_sur_civiere,68,False,2026-07-26
15,Laurentides,Hôpital régional de Saint-Jérôme,47,2026-07-20,patients_24h_plus,23,False,2026-07-26
15,Laurentides,Hôpital régional de Saint-Jérôme,47,2026-07-21,patients_24h_plus,19,False,2026-07-26
15,Laurentides,Hôpital régional de Saint-Jérôme,47,2026-07-22,patients_24h_plus,32,False,2026-07-26
15,Laurentides,Hôpital régional de Saint-Jérôme,47,2026-07-23,patients_24h_plus,28,False,2026-07-26
15,Laurentides,Hôpital régional de Saint-Jérôme,47,2026-07-24,patients_24h_plus,16,False,2026-07-26
15,Laurentides,Hôpital régional de Saint-Jérôme,47,2026-07-25,patients_24h_plus,12,False,2026-07-26
15,Laurentides,Hôpital régional de Saint-Jérôme,47,2026-07-26,patients_24h_plus,21,False,2026-07-26
15,Laurentides,Hôpital régional de Saint-Jérôme,47,2026-07-20,patients_48h_plus,14,False,2026-07-26
15,Laurentides,Hôpital régional de Saint-Jérôme,47,2026-07-21,patients_48h_plus,9,False,2026-07-26
15,Laurentides,Hôpital régional de Saint-Jérôme,47,2026-07-22,patients_48h_plus,9,False,2026-07-26
15,Laurentides,Hôpital régional de Saint-Jérôme,47,2026-07-23,patients_48h_plus,10,False,2026-07-26
15,Laurentides,Hôpital régional de Saint-Jérôme,47,2026-07-24,patients_48h_plus,6,False,2026-07-26
15,Laurentides,Hôpital régional de Saint-Jérôme,47,2026-07-25,patients_48h_plus,3,False,2026-07-26
15,Laurentides,Hôpital régional de Saint-Jérôme,47,2026-07-26,patients_48h_plus,5,False,2026-07-26
15,Laurentides,Hôpital régional de Saint-Jérôme,47,2026-07-20,visites_totales_veille,172,False,2026-07-26
15,Laurentides,Hôpital régional de Saint-Jérôme,47,2026-07-21,visites_totales_veille,211,False,2026-07-26
15,Laurentides,Hôpital régional de Saint-Jérôme,47,2026-07-22,visites_totales_veille,203,False,2026-07-26
15,Laurentides,Hôpital régional de Saint-Jérôme,47,2026-07-23,visites_totales_veille,170,False,2026-07-26
15,Laurentides,Hôpital régional de Saint-Jérôme,47,2026-07-24,visites_totales_veille,179,False,2026-07-26
15,Laurentides,Hôpital régional de Saint-Jérôme,47,2026-07-25,visites_totales_veille,166,False,2026-07-26
15,Laurentides,Hôpital régional de Saint-Jérôme,47,2026-07-26,visites_totales_veille,166,False,2026-07-26
15,Laurentides,Hôpital régional de Saint-Jérôme,47,2026-07-20,taux_occupation,111,False,2026-07-26
15,Laurentides,Hôpital régional de Saint-Jérôme,47,2026-07-21,taux_occupation,149,False,2026-07-26
15,Laurentides,Hôpital régional de Saint-Jérôme,47,2026-07-22,taux_occupation,160,False,2026-07-26
15,Laurentides,Hôpital régional de Saint-Jérôme,47,2026-07-23,taux_occupation,162,False,2026-07-26
15,Laurentides,Hôpital régional de Saint-Jérôme,47,2026-07-24,taux_occupation,132,False,2026-07-26
15,Laurentides,Hôpital régional de Saint-Jérôme,47,2026-07-25,taux_occupation,115,False,2026-07-26
15,Laurentides,Hôpital régional de Saint-Jérôme,47,2026-07-26,taux_occupation,145,False,2026-07-26
15,Laurentides,Hôpital Laurentien,18,2026-07-20,patients_sur_civiere,27,False,2026-07-26
15,Laurentides,Hôpital Laurentien,18,2026-07-21,patients_sur_civiere,25,False,2026-07-26
15,Laurentides,Hôpital Laurentien,18,2026-07-22,patients_sur_civiere,19,False,2026-07-26
15,Laurentides,Hôpital Laurentien,18,2026-07-23,patients_sur_civiere,19,False,2026-07-26
15,Laurentides,Hôpital Laurentien,18,2026-07-24,patients_sur_civiere,31,False,2026-07-26
15,Laurentides,Hôpital Laurentien,18,2026-07-25,patients_sur_civiere,21,False,2026-07-26
15,Laurentides,Hôpital Laurentien,18,2026-07-26,patients_sur_civiere,19,False,2026-07-26
15,Laurentides,Hôpital Laurentien,18,2026-07-20,patients_24h_plus,4,False,2026-07-26
15,Laurentides,Hôpital Laurentien,18,2026-07-21,patients_24h_plus,0,False,2026-07-26
15,Laurentides,Hôpital Laurentien,18,2026-07-22,patients_24h_plus,1,False,2026-07-26
15,Laurentides,Hôpital Laurentien,18,2026-07-23,patients_24h_plus,1,False,2026-07-26
15,Laurentides,Hôpital Laurentien,18,2026-07-24,patients_24h_plus,1,False,2026-07-26
15,Laurentides,Hôpital Laurentien,18,2026-07-25,patients_24h_plus,3,False,2026-07-26
15,Laurentides,Hôpital Laurentien,18,2026-07-26,patients_24h_plus,3,False,2026-07-26
15,Laurentides,Hôpital Laurentien,18,2026-07-20,patients_48h_plus,0,False,2026-07-26
15,Laurentides,Hôpital Laurentien,18,2026-07-21,patients_48h_plus,0,False,2026-07-26
15,Laurentides,Hôpital Laurentien,18,2026-07-22,patients_48h_plus,0,False,2026-07-26
15,Laurentides,Hôpital Laurentien,18,2026-07-23,patients_48h_plus,0,False,2026-07-26
15,Laurentides,Hôpital Laurentien,18,2026-07-24,patients_48h_plus,0,False,2026-07-26
15,Laurentides,Hôpital Laurentien,18,2026-07-25,patients_48h_plus,0,False,2026-07-26
15,Laurentides,Hôpital Laurentien,18,2026-07-26,patients_48h_plus,0,False,2026-07-26
15,Laurentides,Hôpital Laurentien,18,2026-07-20,visites_totales_veille,99,False,2026-07-26
15,Laurentides,Hôpital Laurentien,18,2026-07-21,visites_totales_veille,108,False,2026-07-26
15,Laurentides,Hôpital Laurentien,18,2026-07-22,visites_totales_veille,116,False,2026-07-26
15,Laurentides,Hôpital Laurentien,18,2026-07-23,visites_totales_veille,107,False,2026-07-26
15,Laurentides,Hôpital Laurentien,18,2026-07-24,visites_totales_veille,109,False,2026-07-26
15,Laurentides,Hôpital Laurentien,18,2026-07-25,visites_totales_veille,115,False,2026-07-26
15,Laurentides,Hôpital Laurentien,18,2026-07-26,visites_totales_veille,96,False,2026-07-26
15,Laurentides,Hôpital Laurentien,18,2026-07-20,taux_occupation,150,False,2026-07-26
15,Laurentides,Hôpital Laurentien,18,2026-07-21,taux_occupation,139,False,2026-07-26
15,Laurentides,Hôpital Laurentien,18,2026-07-22,taux_occupation,106,False,2026-07-26
15,Laurentides,Hôpital Laurentien,18,2026-07-23,taux_occupation,106,False,2026-07-26
15,Laurentides,Hôpital Laurentien,18,2026-07-24,taux_occupation,172,False,2026-07-26
15,Laurentides,Hôpital Laurentien,18,2026-07-25,taux_occupation,117,False,2026-07-26
15,Laurentides,Hôpital Laurentien,18,2026-07-26,taux_occupation,106,False,2026-07-26
15,Laurentides,Centre de services de Rivière-Rouge,5,2026-07-20,patients_sur_civiere,10,False,2026-07-26
15,Laurentides,Centre de services de Rivière-Rouge,5,2026-07-21,patients_sur_civiere,9,False,2026-07-26
15,Laurentides,Centre de services de Rivière-Rouge,5,2026-07-22,patients_sur_civiere,8,False,2026-07-26
15,Laurentides,Centre de services de Rivière-Rouge,5,2026-07-23,patients_sur_civiere,7,False,2026-07-26
15,Laurentides,Centre de services de Rivière-Rouge,5,2026-07-24,patients_sur_civiere,9,False,2026-07-26
15,Laurentides,Centre de services de Rivière-Rouge,5,2026-07-25,patients_sur_civiere,4,False,2026-07-26
15,Laurentides,Centre de services de Rivière-Rouge,5,2026-07-26,patients_sur_civiere,6,False,2026-07-26
15,Laurentides,Centre de services de Rivière-Rouge,5,2026-07-20,patients_24h_plus,0,False,2026-07-26
15,Laurentides,Centre de services de Rivière-Rouge,5,2026-07-21,patients_24h_plus,1,False,2026-07-26
15,Laurentides,Centre de services de Rivière-Rouge,5,2026-07-22,patients_24h_plus,2,False,2026-07-26
15,Laurentides,Centre de services de Rivière-Rouge,5,2026-07-23,patients_24h_plus,2,False,2026-07-26
15,Laurentides,Centre de services de Rivière-Rouge,5,2026-07-24,patients_24h_plus,0,False,2026-07-26
15,Laurentides,Centre de services de Rivière-Rouge,5,2026-07-25,patients_24h_plus,1,False,2026-07-26
15,Laurentides,Centre de services de Rivière-Rouge,5,2026-07-26,patients_24h_plus,2,False,2026-07-26
15,Laurentides,Centre de services de Rivière-Rouge,5,2026-07-20,patients_48h_plus,0,False,2026-07-26
15,Laurentides,Centre de services de Rivière-Rouge,5,2026-07-21,patients_48h_plus,0,False,2026-07-26
15,Laurentides,Centre de services de Rivière-Rouge,5,2026-07-22,patients_48h_plus,0,False,2026-07-26
15,Laurentides,Centre de services de Rivière-Rouge,5,2026-07-23,patients_48h_plus,0,False,2026-07-26
15,Laurentides,Centre de services de Rivière-Rouge,5,2026-07-24,patients_48h_plus,0,False,2026-07-26
15,Laurentides,Centre de services de Rivière-Rouge,5,2026-07-25,patients_48h_plus,0,False,2026-07-26
15,Laurentides,Centre de services de Rivière-Rouge,5,2026-07-26,patients_48h_plus,1,False,2026-07-26
15,Laurentides,Centre de services de Rivière-Rouge,5,2026-07-20,visites_totales_veille,46,False,2026-07-26
15,Laurentides,Centre de services de Rivière-Rouge,5,2026-07-21,visites_totales_veille,67,False,2026-07-26
15,Laurentides,Centre de services de Rivière-Rouge,5,2026-07-22,visites_totales_veille,48,False,2026-07-26
15,Laurentides,Centre de services de Rivière-Rouge,5,2026-07-23,visites_totales_veille,39,False,2026-07-26
15,Laurentides,Centre de services de Rivière-Rouge,5,2026-07-24,visites_totales_veille,49,False,2026-07-26
15,Laurentides,Centre de services de Rivière-Rouge,5,2026-07-25,visites_totales_veille,44,False,2026-07-26
15,Laurentides,Centre de services de Rivière-Rouge,5,2026-07-26,visites_totales_veille,43,False,2026-07-26
15,Laurentides,Centre de services de Rivière-Rouge,5,2026-07-20,taux_occupation,200,False,2026-07-26
15,Laurentides,Centre de services de Rivière-Rouge,5,2026-07-21,taux_occupation,180,False,2026-07-26
15,Laurentides,Centre de services de Rivière-Rouge,5,2026-07-22,taux_occupation,160,False,2026-07-26
15,Laurentides,Centre de services de Rivière-Rouge,5,2026-07-23,taux_occupation,140,False,2026-07-26
15,Laurentides,Centre de services de Rivière-Rouge,5,2026-07-24,taux_occupation,180,False,2026-07-26
15,Laurentides,Centre de services de Rivière-Rouge,5,2026-07-25,taux_occupation,80,False,2026-07-26
15,Laurentides,Centre de services de Rivière-Rouge,5,2026-07-26,taux_occupation,120,False,2026-07-26
15,Laurentides,Hôpital de Mont-Laurier,8,2026-07-20,patients_sur_civiere,11,False,2026-07-26
15,Laurentides,Hôpital de Mont-Laurier,8,2026-07-21,patients_sur_civiere,4,False,2026-07-26
15,Laurentides,Hôpital de Mont-Laurier,8,2026-07-22,patients_sur_civiere,12,False,2026-07-26
15,Laurentides,Hôpital de Mont-Laurier,8,2026-07-23,patients_sur_civiere,5,False,2026-07-26
15,Laurentides,Hôpital de Mont-Laurier,8,2026-07-24,patients_sur_civiere,6,False,2026-07-26
15,Laurentides,Hôpital de Mont-Laurier,8,2026-07-25,patients_sur_civiere,10,False,2026-07-26
15,Laurentides,Hôpital de Mont-Laurier,8,2026-07-26,patients_sur_civiere,6,False,2026-07-26
15,Laurentides,Hôpital de Mont-Laurier,8,2026-07-20,patients_24h_plus,3,False,2026-07-26
15,Laurentides,Hôpital de Mont-Laurier,8,2026-07-21,patients_24h_plus,1,False,2026-07-26
15,Laurentides,Hôpital de Mont-Laurier,8,2026-07-22,patients_24h_plus,0,False,2026-07-26
15,Laurentides,Hôpital de Mont-Laurier,8,2026-07-23,patients_24h_plus,1,False,2026-07-26
15,Laurentides,Hôpital de Mont-Laurier,8,2026-07-24,patients_24h_plus,0,False,2026-07-26
15,Laurentides,Hôpital de Mont-Laurier,8,2026-07-25,patients_24h_plus,1,False,2026-07-26
15,Laurentides,Hôpital de Mont-Laurier,8,2026-07-26,patients_24h_plus,0,False,2026-07-26
15,Laurentides,Hôpital de Mont-Laurier,8,2026-07-20,patients_48h_plus,0,False,2026-07-26
15,Laurentides,Hôpital de Mont-Laurier,8,2026-07-21,patients_48h_plus,0,False,2026-07-26
15,Laurentides,Hôpital de Mont-Laurier,8,2026-07-22,patients_48h_plus,0,False,2026-07-26
15,Laurentides,Hôpital de Mont-Laurier,8,2026-07-23,patients_48h_plus,0,False,2026-07-26
15,Laurentides,Hôpital de Mont-Laurier,8,2026-07-24,patients_48h_plus,0,False,2026-07-26
15,Laurentides,Hôpital de Mont-Laurier,8,2026-07-25,patients_48h_plus,0,False,2026-07-26
15,Laurentides,Hôpital de Mont-Laurier,8,2026-07-26,patients_48h_plus,0,False,2026-07-26
15,Laurentides,Hôpital de Mont-Laurier,8,2026-07-20,visites_totales_veille,60,False,2026-07-26
15,Laurentides,Hôpital de Mont-Laurier,8,2026-07-21,visites_totales_veille,58,False,2026-07-26
15,Laurentides,Hôpital de Mont-Laurier,8,2026-07-22,visites_totales_veille,53,False,2026-07-26
15,Laurentides,Hôpital de Mont-Laurier,8,2026-07-23,visites_totales_veille,53,False,2026-07-26
15,Laurentides,Hôpital de Mont-Laurier,8,2026-07-24,visites_totales_veille,49,False,2026-07-26
15,Laurentides,Hôpital de Mont-Laurier,8,2026-07-25,visites_totales_veille,72,False,2026-07-26
15,Laurentides,Hôpital de Mont-Laurier,8,2026-07-26,visites_totales_veille,62,False,2026-07-26
15,Laurentides,Hôpital de Mont-Laurier,8,2026-07-20,taux_occupation,138,False,2026-07-26
15,Laurentides,Hôpital de Mont-Laurier,8,2026-07-21,taux_occupation,50,False,2026-07-26
15,Laurentides,Hôpital de Mont-Laurier,8,2026-07-22,taux_occupation,150,False,2026-07-26
15,Laurentides,Hôpital de Mont-Laurier,8,2026-07-23,taux_occupation,63,False,2026-07-26
15,Laurentides,Hôpital de Mont-Laurier,8,2026-07-24,taux_occupation,75,False,2026-07-26
15,Laurentides,Hôpital de Mont-Laurier,8,2026-07-25,taux_occupation,125,False,2026-07-26
15,Laurentides,Hôpital de Mont-Laurier,8,2026-07-26,taux_occupation,75,False,2026-07-26
15,Laurentides,Total (15) Laurentides,113,2026-07-20,patients_sur_civiere,160,True,2026-07-26
15,Laurentides,Total (15) Laurentides,113,2026-07-21,patients_sur_civiere,164,True,2026-07-26
15,Laurentides,Total (15) Laurentides,113,2026-07-22,patients_sur_civiere,176,True,2026-07-26
15,Laurentides,Total (15) Laurentides,113,2026-07-23,patients_sur_civiere,169,True,2026-07-26
15,Laurentides,Total (15) Laurentides,113,2026-07-24,patients_sur_civiere,165,True,2026-07-26
15,Laurentides,Total (15) Laurentides,113,2026-07-25,patients_sur_civiere,154,True,2026-07-26
15,Laurentides,Total (15) Laurentides,113,2026-07-26,patients_sur_civiere,157,True,2026-07-26
15,Laurentides,Total (15) Laurentides,113,2026-07-20,patients_24h_plus,56,True,2026-07-26
15,Laurentides,Total (15) Laurentides,113,2026-07-21,patients_24h_plus,41,True,2026-07-26
15,Laurentides,Total (15) Laurentides,113,2026-07-22,patients_24h_plus,57,True,2026-07-26
15,Laurentides,Total (15) Laurentides,113,2026-07-23,patients_24h_plus,53,True,2026-07-26
15,Laurentides,Total (15) Laurentides,113,2026-07-24,patients_24h_plus,44,True,2026-07-26
15,Laurentides,Total (15) Laurentides,113,2026-07-25,patients_24h_plus,43,True,2026-07-26
15,Laurentides,Total (15) Laurentides,113,2026-07-26,patients_24h_plus,54,True,2026-07-26
15,Laurentides,Total (15) Laurentides,113,2026-07-20,patients_48h_plus,25,True,2026-07-26
15,Laurentides,Total (15) Laurentides,113,2026-07-21,patients_48h_plus,14,True,2026-07-26
15,Laurentides,Total (15) Laurentides,113,2026-07-22,patients_48h_plus,12,True,2026-07-26
15,Laurentides,Total (15) Laurentides,113,2026-07-23,patients_48h_plus,13,True,2026-07-26
15,Laurentides,Total (15) Laurentides,113,2026-07-24,patients_48h_plus,8,True,2026-07-26
15,Laurentides,Total (15) Laurentides,113,2026-07-25,patients_48h_plus,11,True,2026-07-26
15,Laurentides,Total (15) Laurentides,113,2026-07-26,patients_48h_plus,16,True,2026-07-26
15,Laurentides,Total (15) Laurentides,113,2026-07-20,visites_totales_veille,527,True,2026-07-26
15,Laurentides,Total (15) Laurentides,113,2026-07-21,visites_totales_veille,629,True,2026-07-26
15,Laurentides,Total (15) Laurentides,113,2026-07-22,visites_totales_veille,579,True,2026-07-26
15,Laurentides,Total (15) Laurentides,113,2026-07-23,visites_totales_veille,531,True,2026-07-26
15,Laurentides,Total (15) Laurentides,113,2026-07-24,visites_totales_veille,516,True,2026-07-26
15,Laurentides,Total (15) Laurentides,113,2026-07-25,visites_totales_veille,562,True,2026-07-26
15,Laurentides,Total (15) Laurentides,113,2026-07-26,visites_totales_veille,515,True,2026-07-26
15,Laurentides,Total (15) Laurentides,113,2026-07-20,taux_occupation,142,True,2026-07-26
15,Laurentides,Total (15) Laurentides,113,2026-07-21,taux_occupation,145,True,2026-07-26
15,Laurentides,Total (15) Laurentides,113,2026-07-22,taux_occupation,156,True,2026-07-26
15,Laurentides,Total (15) Laurentides,113,2026-07-23,taux_occupation,150,True,2026-07-26
15,Laurentides,Total (15) Laurentides,113,2026-07-24,taux_occupation,146,True,2026-07-26
15,Laurentides,Total (15) Laurentides,113,2026-07-25,taux_occupation,136,True,2026-07-26
15,Laurentides,Total (15) Laurentides,113,2026-07-26,taux_occupation,139,True,2026-07-26
16,Montérégie,Hôtel-Dieu de Sorel,17,2026-07-20,patients_sur_civiere,16,False,2026-07-26
16,Montérégie,Hôtel-Dieu de Sorel,17,2026-07-21,patients_sur_civiere,22,False,2026-07-26
16,Montérégie,Hôtel-Dieu de Sorel,17,2026-07-22,patients_sur_civiere,27,False,2026-07-26
16,Montérégie,Hôtel-Dieu de Sorel,17,2026-07-23,patients_sur_civiere,20,False,2026-07-26
16,Montérégie,Hôtel-Dieu de Sorel,17,2026-07-24,patients_sur_civiere,20,False,2026-07-26
16,Montérégie,Hôtel-Dieu de Sorel,17,2026-07-25,patients_sur_civiere,21,False,2026-07-26
16,Montérégie,Hôtel-Dieu de Sorel,17,2026-07-26,patients_sur_civiere,27,False,2026-07-26
16,Montérégie,Hôtel-Dieu de Sorel,17,2026-07-20,patients_24h_plus,3,False,2026-07-26
16,Montérégie,Hôtel-Dieu de Sorel,17,2026-07-21,patients_24h_plus,2,False,2026-07-26
16,Montérégie,Hôtel-Dieu de Sorel,17,2026-07-22,patients_24h_plus,5,False,2026-07-26
16,Montérégie,Hôtel-Dieu de Sorel,17,2026-07-23,patients_24h_plus,7,False,2026-07-26
16,Montérégie,Hôtel-Dieu de Sorel,17,2026-07-24,patients_24h_plus,4,False,2026-07-26
16,Montérégie,Hôtel-Dieu de Sorel,17,2026-07-25,patients_24h_plus,5,False,2026-07-26
16,Montérégie,Hôtel-Dieu de Sorel,17,2026-07-26,patients_24h_plus,7,False,2026-07-26
16,Montérégie,Hôtel-Dieu de Sorel,17,2026-07-20,patients_48h_plus,0,False,2026-07-26
16,Montérégie,Hôtel-Dieu de Sorel,17,2026-07-21,patients_48h_plus,0,False,2026-07-26
16,Montérégie,Hôtel-Dieu de Sorel,17,2026-07-22,patients_48h_plus,1,False,2026-07-26
16,Montérégie,Hôtel-Dieu de Sorel,17,2026-07-23,patients_48h_plus,0,False,2026-07-26
16,Montérégie,Hôtel-Dieu de Sorel,17,2026-07-24,patients_48h_plus,0,False,2026-07-26
16,Montérégie,Hôtel-Dieu de Sorel,17,2026-07-25,patients_48h_plus,0,False,2026-07-26
16,Montérégie,Hôtel-Dieu de Sorel,17,2026-07-26,patients_48h_plus,2,False,2026-07-26
16,Montérégie,Hôtel-Dieu de Sorel,17,2026-07-20,visites_totales_veille,77,False,2026-07-26
16,Montérégie,Hôtel-Dieu de Sorel,17,2026-07-21,visites_totales_veille,97,False,2026-07-26
16,Montérégie,Hôtel-Dieu de Sorel,17,2026-07-22,visites_totales_veille,87,False,2026-07-26
16,Montérégie,Hôtel-Dieu de Sorel,17,2026-07-23,visites_totales_veille,97,False,2026-07-26
16,Montérégie,Hôtel-Dieu de Sorel,17,2026-07-24,visites_totales_veille,70,False,2026-07-26
16,Montérégie,Hôtel-Dieu de Sorel,17,2026-07-25,visites_totales_veille,89,False,2026-07-26
16,Montérégie,Hôtel-Dieu de Sorel,17,2026-07-26,visites_totales_veille,83,False,2026-07-26
16,Montérégie,Hôtel-Dieu de Sorel,17,2026-07-20,taux_occupation,94,False,2026-07-26
16,Montérégie,Hôtel-Dieu de Sorel,17,2026-07-21,taux_occupation,129,False,2026-07-26
16,Montérégie,Hôtel-Dieu de Sorel,17,2026-07-22,taux_occupation,159,False,2026-07-26
16,Montérégie,Hôtel-Dieu de Sorel,17,2026-07-23,taux_occupation,118,False,2026-07-26
16,Montérégie,Hôtel-Dieu de Sorel,17,2026-07-24,taux_occupation,118,False,2026-07-26
16,Montérégie,Hôtel-Dieu de Sorel,17,2026-07-25,taux_occupation,124,False,2026-07-26
16,Montérégie,Hôtel-Dieu de Sorel,17,2026-07-26,taux_occupation,159,False,2026-07-26
16,Montérégie,Hôpital Honoré-Mercier,26,2026-07-20,patients_sur_civiere,41,False,2026-07-26
16,Montérégie,Hôpital Honoré-Mercier,26,2026-07-21,patients_sur_civiere,32,False,2026-07-26
16,Montérégie,Hôpital Honoré-Mercier,26,2026-07-22,patients_sur_civiere,43,False,2026-07-26
16,Montérégie,Hôpital Honoré-Mercier,26,2026-07-23,patients_sur_civiere,33,False,2026-07-26
16,Montérégie,Hôpital Honoré-Mercier,26,2026-07-24,patients_sur_civiere,40,False,2026-07-26
16,Montérégie,Hôpital Honoré-Mercier,26,2026-07-25,patients_sur_civiere,36,False,2026-07-26
16,Montérégie,Hôpital Honoré-Mercier,26,2026-07-26,patients_sur_civiere,31,False,2026-07-26
16,Montérégie,Hôpital Honoré-Mercier,26,2026-07-20,patients_24h_plus,16,False,2026-07-26
16,Montérégie,Hôpital Honoré-Mercier,26,2026-07-21,patients_24h_plus,10,False,2026-07-26
16,Montérégie,Hôpital Honoré-Mercier,26,2026-07-22,patients_24h_plus,3,False,2026-07-26
16,Montérégie,Hôpital Honoré-Mercier,26,2026-07-23,patients_24h_plus,8,False,2026-07-26
16,Montérégie,Hôpital Honoré-Mercier,26,2026-07-24,patients_24h_plus,4,False,2026-07-26
16,Montérégie,Hôpital Honoré-Mercier,26,2026-07-25,patients_24h_plus,6,False,2026-07-26
16,Montérégie,Hôpital Honoré-Mercier,26,2026-07-26,patients_24h_plus,6,False,2026-07-26
16,Montérégie,Hôpital Honoré-Mercier,26,2026-07-20,patients_48h_plus,3,False,2026-07-26
16,Montérégie,Hôpital Honoré-Mercier,26,2026-07-21,patients_48h_plus,4,False,2026-07-26
16,Montérégie,Hôpital Honoré-Mercier,26,2026-07-22,patients_48h_plus,1,False,2026-07-26
16,Montérégie,Hôpital Honoré-Mercier,26,2026-07-23,patients_48h_plus,0,False,2026-07-26
16,Montérégie,Hôpital Honoré-Mercier,26,2026-07-24,patients_48h_plus,1,False,2026-07-26
16,Montérégie,Hôpital Honoré-Mercier,26,2026-07-25,patients_48h_plus,1,False,2026-07-26
16,Montérégie,Hôpital Honoré-Mercier,26,2026-07-26,patients_48h_plus,0,False,2026-07-26
16,Montérégie,Hôpital Honoré-Mercier,26,2026-07-20,visites_totales_veille,112,False,2026-07-26
16,Montérégie,Hôpital Honoré-Mercier,26,2026-07-21,visites_totales_veille,137,False,2026-07-26
16,Montérégie,Hôpital Honoré-Mercier,26,2026-07-22,visites_totales_veille,153,False,2026-07-26
16,Montérégie,Hôpital Honoré-Mercier,26,2026-07-23,visites_totales_veille,144,False,2026-07-26
16,Montérégie,Hôpital Honoré-Mercier,26,2026-07-24,visites_totales_veille,146,False,2026-07-26
16,Montérégie,Hôpital Honoré-Mercier,26,2026-07-25,visites_totales_veille,151,False,2026-07-26
16,Montérégie,Hôpital Honoré-Mercier,26,2026-07-26,visites_totales_veille,128,False,2026-07-26
16,Montérégie,Hôpital Honoré-Mercier,26,2026-07-20,taux_occupation,158,False,2026-07-26
16,Montérégie,Hôpital Honoré-Mercier,26,2026-07-21,taux_occupation,123,False,2026-07-26
16,Montérégie,Hôpital Honoré-Mercier,26,2026-07-22,taux_occupation,165,False,2026-07-26
16,Montérégie,Hôpital Honoré-Mercier,26,2026-07-23,taux_occupation,127,False,2026-07-26
16,Montérégie,Hôpital Honoré-Mercier,26,2026-07-24,taux_occupation,154,False,2026-07-26
16,Montérégie,Hôpital Honoré-Mercier,26,2026-07-25,taux_occupation,138,False,2026-07-26
16,Montérégie,Hôpital Honoré-Mercier,26,2026-07-26,taux_occupation,119,False,2026-07-26
16,Montérégie,Hôpital Pierre-Boucher,47,2026-07-20,patients_sur_civiere,60,False,2026-07-26
16,Montérégie,Hôpital Pierre-Boucher,47,2026-07-21,patients_sur_civiere,60,False,2026-07-26
16,Montérégie,Hôpital Pierre-Boucher,47,2026-07-22,patients_sur_civiere,61,False,2026-07-26
16,Montérégie,Hôpital Pierre-Boucher,47,2026-07-23,patients_sur_civiere,55,False,2026-07-26
16,Montérégie,Hôpital Pierre-Boucher,47,2026-07-24,patients_sur_civiere,48,False,2026-07-26
16,Montérégie,Hôpital Pierre-Boucher,47,2026-07-25,patients_sur_civiere,58,False,2026-07-26
16,Montérégie,Hôpital Pierre-Boucher,47,2026-07-26,patients_sur_civiere,51,False,2026-07-26
16,Montérégie,Hôpital Pierre-Boucher,47,2026-07-20,patients_24h_plus,13,False,2026-07-26
16,Montérégie,Hôpital Pierre-Boucher,47,2026-07-21,patients_24h_plus,11,False,2026-07-26
16,Montérégie,Hôpital Pierre-Boucher,47,2026-07-22,patients_24h_plus,17,False,2026-07-26
16,Montérégie,Hôpital Pierre-Boucher,47,2026-07-23,patients_24h_plus,11,False,2026-07-26
16,Montérégie,Hôpital Pierre-Boucher,47,2026-07-24,patients_24h_plus,5,False,2026-07-26
16,Montérégie,Hôpital Pierre-Boucher,47,2026-07-25,patients_24h_plus,10,False,2026-07-26
16,Montérégie,Hôpital Pierre-Boucher,47,2026-07-26,patients_24h_plus,11,False,2026-07-26
16,Montérégie,Hôpital Pierre-Boucher,47,2026-07-20,patients_48h_plus,3,False,2026-07-26
16,Montérégie,Hôpital Pierre-Boucher,47,2026-07-21,patients_48h_plus,1,False,2026-07-26
16,Montérégie,Hôpital Pierre-Boucher,47,2026-07-22,patients_48h_plus,2,False,2026-07-26
16,Montérégie,Hôpital Pierre-Boucher,47,2026-07-23,patients_48h_plus,4,False,2026-07-26
16,Montérégie,Hôpital Pierre-Boucher,47,2026-07-24,patients_48h_plus,1,False,2026-07-26
16,Montérégie,Hôpital Pierre-Boucher,47,2026-07-25,patients_48h_plus,1,False,2026-07-26
16,Montérégie,Hôpital Pierre-Boucher,47,2026-07-26,patients_48h_plus,3,False,2026-07-26
16,Montérégie,Hôpital Pierre-Boucher,47,2026-07-20,visites_totales_veille,139,False,2026-07-26
16,Montérégie,Hôpital Pierre-Boucher,47,2026-07-21,visites_totales_veille,201,False,2026-07-26
16,Montérégie,Hôpital Pierre-Boucher,47,2026-07-22,visites_totales_veille,165,False,2026-07-26
16,Montérégie,Hôpital Pierre-Boucher,47,2026-07-23,visites_totales_veille,151,False,2026-07-26
16,Montérégie,Hôpital Pierre-Boucher,47,2026-07-24,visites_totales_veille,185,False,2026-07-26
16,Montérégie,Hôpital Pierre-Boucher,47,2026-07-25,visites_totales_veille,186,False,2026-07-26
16,Montérégie,Hôpital Pierre-Boucher,47,2026-07-26,visites_totales_veille,158,False,2026-07-26
16,Montérégie,Hôpital Pierre-Boucher,47,2026-07-20,taux_occupation,128,False,2026-07-26
16,Montérégie,Hôpital Pierre-Boucher,47,2026-07-21,taux_occupation,128,False,2026-07-26
16,Montérégie,Hôpital Pierre-Boucher,47,2026-07-22,taux_occupation,130,False,2026-07-26
16,Montérégie,Hôpital Pierre-Boucher,47,2026-07-23,taux_occupation,117,False,2026-07-26
16,Montérégie,Hôpital Pierre-Boucher,47,2026-07-24,taux_occupation,102,False,2026-07-26
16,Montérégie,Hôpital Pierre-Boucher,47,2026-07-25,taux_occupation,123,False,2026-07-26
16,Montérégie,Hôpital Pierre-Boucher,47,2026-07-26,taux_occupation,109,False,2026-07-26
16,Montérégie,Hôpital Charles Lemoyne,43,2026-07-20,patients_sur_civiere,48,False,2026-07-26
16,Montérégie,Hôpital Charles Lemoyne,43,2026-07-21,patients_sur_civiere,49,False,2026-07-26
16,Montérégie,Hôpital Charles Lemoyne,43,2026-07-22,patients_sur_civiere,48,False,2026-07-26
16,Montérégie,Hôpital Charles Lemoyne,43,2026-07-23,patients_sur_civiere,51,False,2026-07-26
16,Montérégie,Hôpital Charles Lemoyne,43,2026-07-24,patients_sur_civiere,55,False,2026-07-26
16,Montérégie,Hôpital Charles Lemoyne,43,2026-07-25,patients_sur_civiere,46,False,2026-07-26
16,Montérégie,Hôpital Charles Lemoyne,43,2026-07-26,patients_sur_civiere,50,False,2026-07-26
16,Montérégie,Hôpital Charles Lemoyne,43,2026-07-20,patients_24h_plus,12,False,2026-07-26
16,Montérégie,Hôpital Charles Lemoyne,43,2026-07-21,patients_24h_plus,8,False,2026-07-26
16,Montérégie,Hôpital Charles Lemoyne,43,2026-07-22,patients_24h_plus,11,False,2026-07-26
16,Montérégie,Hôpital Charles Lemoyne,43,2026-07-23,patients_24h_plus,17,False,2026-07-26
16,Montérégie,Hôpital Charles Lemoyne,43,2026-07-24,patients_24h_plus,16,False,2026-07-26
16,Montérégie,Hôpital Charles Lemoyne,43,2026-07-25,patients_24h_plus,10,False,2026-07-26
16,Montérégie,Hôpital Charles Lemoyne,43,2026-07-26,patients_24h_plus,9,False,2026-07-26
16,Montérégie,Hôpital Charles Lemoyne,43,2026-07-20,patients_48h_plus,10,False,2026-07-26
16,Montérégie,Hôpital Charles Lemoyne,43,2026-07-21,patients_48h_plus,3,False,2026-07-26
16,Montérégie,Hôpital Charles Lemoyne,43,2026-07-22,patients_48h_plus,2,False,2026-07-26
16,Montérégie,Hôpital Charles Lemoyne,43,2026-07-23,patients_48h_plus,6,False,2026-07-26
16,Montérégie,Hôpital Charles Lemoyne,43,2026-07-24,patients_48h_plus,5,False,2026-07-26
16,Montérégie,Hôpital Charles Lemoyne,43,2026-07-25,patients_48h_plus,5,False,2026-07-26
16,Montérégie,Hôpital Charles Lemoyne,43,2026-07-26,patients_48h_plus,3,False,2026-07-26
16,Montérégie,Hôpital Charles Lemoyne,43,2026-07-20,visites_totales_veille,183,False,2026-07-26
16,Montérégie,Hôpital Charles Lemoyne,43,2026-07-21,visites_totales_veille,253,False,2026-07-26
16,Montérégie,Hôpital Charles Lemoyne,43,2026-07-22,visites_totales_veille,216,False,2026-07-26
16,Montérégie,Hôpital Charles Lemoyne,43,2026-07-23,visites_totales_veille,205,False,2026-07-26
16,Montérégie,Hôpital Charles Lemoyne,43,2026-07-24,visites_totales_veille,200,False,2026-07-26
16,Montérégie,Hôpital Charles Lemoyne,43,2026-07-25,visites_totales_veille,209,False,2026-07-26
16,Montérégie,Hôpital Charles Lemoyne,43,2026-07-26,visites_totales_veille,175,False,2026-07-26
16,Montérégie,Hôpital Charles Lemoyne,43,2026-07-20,taux_occupation,112,False,2026-07-26
16,Montérégie,Hôpital Charles Lemoyne,43,2026-07-21,taux_occupation,114,False,2026-07-26
16,Montérégie,Hôpital Charles Lemoyne,43,2026-07-22,taux_occupation,112,False,2026-07-26
16,Montérégie,Hôpital Charles Lemoyne,43,2026-07-23,taux_occupation,119,False,2026-07-26
16,Montérégie,Hôpital Charles Lemoyne,43,2026-07-24,taux_occupation,128,False,2026-07-26
16,Montérégie,Hôpital Charles Lemoyne,43,2026-07-25,taux_occupation,107,False,2026-07-26
16,Montérégie,Hôpital Charles Lemoyne,43,2026-07-26,taux_occupation,116,False,2026-07-26
16,Montérégie,Hôpital du Haut-Richelieu,37,2026-07-20,patients_sur_civiere,44,False,2026-07-26
16,Montérégie,Hôpital du Haut-Richelieu,37,2026-07-21,patients_sur_civiere,43,False,2026-07-26
16,Montérégie,Hôpital du Haut-Richelieu,37,2026-07-22,patients_sur_civiere,59,False,2026-07-26
16,Montérégie,Hôpital du Haut-Richelieu,37,2026-07-23,patients_sur_civiere,49,False,2026-07-26
16,Montérégie,Hôpital du Haut-Richelieu,37,2026-07-24,patients_sur_civiere,47,False,2026-07-26
16,Montérégie,Hôpital du Haut-Richelieu,37,2026-07-25,patients_sur_civiere,44,False,2026-07-26
16,Montérégie,Hôpital du Haut-Richelieu,37,2026-07-26,patients_sur_civiere,37,False,2026-07-26
16,Montérégie,Hôpital du Haut-Richelieu,37,2026-07-20,patients_24h_plus,8,False,2026-07-26
16,Montérégie,Hôpital du Haut-Richelieu,37,2026-07-21,patients_24h_plus,16,False,2026-07-26
16,Montérégie,Hôpital du Haut-Richelieu,37,2026-07-22,patients_24h_plus,20,False,2026-07-26
16,Montérégie,Hôpital du Haut-Richelieu,37,2026-07-23,patients_24h_plus,17,False,2026-07-26
16,Montérégie,Hôpital du Haut-Richelieu,37,2026-07-24,patients_24h_plus,19,False,2026-07-26
16,Montérégie,Hôpital du Haut-Richelieu,37,2026-07-25,patients_24h_plus,16,False,2026-07-26
16,Montérégie,Hôpital du Haut-Richelieu,37,2026-07-26,patients_24h_plus,11,False,2026-07-26
16,Montérégie,Hôpital du Haut-Richelieu,37,2026-07-20,patients_48h_plus,1,False,2026-07-26
16,Montérégie,Hôpital du Haut-Richelieu,37,2026-07-21,patients_48h_plus,1,False,2026-07-26
16,Montérégie,Hôpital du Haut-Richelieu,37,2026-07-22,patients_48h_plus,9,False,2026-07-26
16,Montérégie,Hôpital du Haut-Richelieu,37,2026-07-23,patients_48h_plus,4,False,2026-07-26
16,Montérégie,Hôpital du Haut-Richelieu,37,2026-07-24,patients_48h_plus,6,False,2026-07-26
16,Montérégie,Hôpital du Haut-Richelieu,37,2026-07-25,patients_48h_plus,4,False,2026-07-26
16,Montérégie,Hôpital du Haut-Richelieu,37,2026-07-26,patients_48h_plus,4,False,2026-07-26
16,Montérégie,Hôpital du Haut-Richelieu,37,2026-07-20,visites_totales_veille,171,False,2026-07-26
16,Montérégie,Hôpital du Haut-Richelieu,37,2026-07-21,visites_totales_veille,169,False,2026-07-26
16,Montérégie,Hôpital du Haut-Richelieu,37,2026-07-22,visites_totales_veille,188,False,2026-07-26
16,Montérégie,Hôpital du Haut-Richelieu,37,2026-07-23,visites_totales_veille,170,False,2026-07-26
16,Montérégie,Hôpital du Haut-Richelieu,37,2026-07-24,visites_totales_veille,157,False,2026-07-26
16,Montérégie,Hôpital du Haut-Richelieu,37,2026-07-25,visites_totales_veille,139,False,2026-07-26
16,Montérégie,Hôpital du Haut-Richelieu,37,2026-07-26,visites_totales_veille,153,False,2026-07-26
16,Montérégie,Hôpital du Haut-Richelieu,37,2026-07-20,taux_occupation,119,False,2026-07-26
16,Montérégie,Hôpital du Haut-Richelieu,37,2026-07-21,taux_occupation,116,False,2026-07-26
16,Montérégie,Hôpital du Haut-Richelieu,37,2026-07-22,taux_occupation,159,False,2026-07-26
16,Montérégie,Hôpital du Haut-Richelieu,37,2026-07-23,taux_occupation,132,False,2026-07-26
16,Montérégie,Hôpital du Haut-Richelieu,37,2026-07-24,taux_occupation,127,False,2026-07-26
16,Montérégie,Hôpital du Haut-Richelieu,37,2026-07-25,taux_occupation,119,False,2026-07-26
16,Montérégie,Hôpital du Haut-Richelieu,37,2026-07-26,taux_occupation,100,False,2026-07-26
16,Montérégie,Centre hospitalier Anna-Laberge,32,2026-07-20,patients_sur_civiere,54,False,2026-07-26
16,Montérégie,Centre hospitalier Anna-Laberge,32,2026-07-21,patients_sur_civiere,50,False,2026-07-26
16,Montérégie,Centre hospitalier Anna-Laberge,32,2026-07-22,patients_sur_civiere,48,False,2026-07-26
16,Montérégie,Centre hospitalier Anna-Laberge,32,2026-07-23,patients_sur_civiere,45,False,2026-07-26
16,Montérégie,Centre hospitalier Anna-Laberge,32,2026-07-24,patients_sur_civiere,45,False,2026-07-26
16,Montérégie,Centre hospitalier Anna-Laberge,32,2026-07-25,patients_sur_civiere,44,False,2026-07-26
16,Montérégie,Centre hospitalier Anna-Laberge,32,2026-07-26,patients_sur_civiere,47,False,2026-07-26
16,Montérégie,Centre hospitalier Anna-Laberge,32,2026-07-20,patients_24h_plus,24,False,2026-07-26
16,Montérégie,Centre hospitalier Anna-Laberge,32,2026-07-21,patients_24h_plus,20,False,2026-07-26
16,Montérégie,Centre hospitalier Anna-Laberge,32,2026-07-22,patients_24h_plus,26,False,2026-07-26
16,Montérégie,Centre hospitalier Anna-Laberge,32,2026-07-23,patients_24h_plus,20,False,2026-07-26
16,Montérégie,Centre hospitalier Anna-Laberge,32,2026-07-24,patients_24h_plus,15,False,2026-07-26
16,Montérégie,Centre hospitalier Anna-Laberge,32,2026-07-25,patients_24h_plus,11,False,2026-07-26
16,Montérégie,Centre hospitalier Anna-Laberge,32,2026-07-26,patients_24h_plus,19,False,2026-07-26
16,Montérégie,Centre hospitalier Anna-Laberge,32,2026-07-20,patients_48h_plus,7,False,2026-07-26
16,Montérégie,Centre hospitalier Anna-Laberge,32,2026-07-21,patients_48h_plus,10,False,2026-07-26
16,Montérégie,Centre hospitalier Anna-Laberge,32,2026-07-22,patients_48h_plus,10,False,2026-07-26
16,Montérégie,Centre hospitalier Anna-Laberge,32,2026-07-23,patients_48h_plus,10,False,2026-07-26
16,Montérégie,Centre hospitalier Anna-Laberge,32,2026-07-24,patients_48h_plus,9,False,2026-07-26
16,Montérégie,Centre hospitalier Anna-Laberge,32,2026-07-25,patients_48h_plus,5,False,2026-07-26
16,Montérégie,Centre hospitalier Anna-Laberge,32,2026-07-26,patients_48h_plus,5,False,2026-07-26
16,Montérégie,Centre hospitalier Anna-Laberge,32,2026-07-20,visites_totales_veille,114,False,2026-07-26
16,Montérégie,Centre hospitalier Anna-Laberge,32,2026-07-21,visites_totales_veille,121,False,2026-07-26
16,Montérégie,Centre hospitalier Anna-Laberge,32,2026-07-22,visites_totales_veille,108,False,2026-07-26
16,Montérégie,Centre hospitalier Anna-Laberge,32,2026-07-23,visites_totales_veille,96,False,2026-07-26
16,Montérégie,Centre hospitalier Anna-Laberge,32,2026-07-24,visites_totales_veille,122,False,2026-07-26
16,Montérégie,Centre hospitalier Anna-Laberge,32,2026-07-25,visites_totales_veille,129,False,2026-07-26
16,Montérégie,Centre hospitalier Anna-Laberge,32,2026-07-26,visites_totales_veille,84,False,2026-07-26
16,Montérégie,Centre hospitalier Anna-Laberge,32,2026-07-20,taux_occupation,169,False,2026-07-26
16,Montérégie,Centre hospitalier Anna-Laberge,32,2026-07-21,taux_occupation,156,False,2026-07-26
16,Montérégie,Centre hospitalier Anna-Laberge,32,2026-07-22,taux_occupation,150,False,2026-07-26
16,Montérégie,Centre hospitalier Anna-Laberge,32,2026-07-23,taux_occupation,141,False,2026-07-26
16,Montérégie,Centre hospitalier Anna-Laberge,32,2026-07-24,taux_occupation,141,False,2026-07-26
16,Montérégie,Centre hospitalier Anna-Laberge,32,2026-07-25,taux_occupation,138,False,2026-07-26
16,Montérégie,Centre hospitalier Anna-Laberge,32,2026-07-26,taux_occupation,147,False,2026-07-26
16,Montérégie,Hôpital Barrie Memorial,5,2026-07-20,patients_sur_civiere,9,False,2026-07-26
16,Montérégie,Hôpital Barrie Memorial,5,2026-07-21,patients_sur_civiere,7,False,2026-07-26
16,Montérégie,Hôpital Barrie Memorial,5,2026-07-22,patients_sur_civiere,12,False,2026-07-26
16,Montérégie,Hôpital Barrie Memorial,5,2026-07-23,patients_sur_civiere,4,False,2026-07-26
16,Montérégie,Hôpital Barrie Memorial,5,2026-07-24,patients_sur_civiere,10,False,2026-07-26
16,Montérégie,Hôpital Barrie Memorial,5,2026-07-25,patients_sur_civiere,5,False,2026-07-26
16,Montérégie,Hôpital Barrie Memorial,5,2026-07-26,patients_sur_civiere,5,False,2026-07-26
16,Montérégie,Hôpital Barrie Memorial,5,2026-07-20,patients_24h_plus,4,False,2026-07-26
16,Montérégie,Hôpital Barrie Memorial,5,2026-07-21,patients_24h_plus,0,False,2026-07-26
16,Montérégie,Hôpital Barrie Memorial,5,2026-07-22,patients_24h_plus,2,False,2026-07-26
16,Montérégie,Hôpital Barrie Memorial,5,2026-07-23,patients_24h_plus,3,False,2026-07-26
16,Montérégie,Hôpital Barrie Memorial,5,2026-07-24,patients_24h_plus,1,False,2026-07-26
16,Montérégie,Hôpital Barrie Memorial,5,2026-07-25,patients_24h_plus,2,False,2026-07-26
16,Montérégie,Hôpital Barrie Memorial,5,2026-07-26,patients_24h_plus,0,False,2026-07-26
16,Montérégie,Hôpital Barrie Memorial,5,2026-07-20,patients_48h_plus,0,False,2026-07-26
16,Montérégie,Hôpital Barrie Memorial,5,2026-07-21,patients_48h_plus,0,False,2026-07-26
16,Montérégie,Hôpital Barrie Memorial,5,2026-07-22,patients_48h_plus,0,False,2026-07-26
16,Montérégie,Hôpital Barrie Memorial,5,2026-07-23,patients_48h_plus,0,False,2026-07-26
16,Montérégie,Hôpital Barrie Memorial,5,2026-07-24,patients_48h_plus,0,False,2026-07-26
16,Montérégie,Hôpital Barrie Memorial,5,2026-07-25,patients_48h_plus,0,False,2026-07-26
16,Montérégie,Hôpital Barrie Memorial,5,2026-07-26,patients_48h_plus,0,False,2026-07-26
16,Montérégie,Hôpital Barrie Memorial,5,2026-07-20,visites_totales_veille,56,False,2026-07-26
16,Montérégie,Hôpital Barrie Memorial,5,2026-07-21,visites_totales_veille,58,False,2026-07-26
16,Montérégie,Hôpital Barrie Memorial,5,2026-07-22,visites_totales_veille,67,False,2026-07-26
16,Montérégie,Hôpital Barrie Memorial,5,2026-07-23,visites_totales_veille,65,False,2026-07-26
16,Montérégie,Hôpital Barrie Memorial,5,2026-07-24,visites_totales_veille,60,False,2026-07-26
16,Montérégie,Hôpital Barrie Memorial,5,2026-07-25,visites_totales_veille,61,False,2026-07-26
16,Montérégie,Hôpital Barrie Memorial,5,2026-07-26,visites_totales_veille,63,False,2026-07-26
16,Montérégie,Hôpital Barrie Memorial,5,2026-07-20,taux_occupation,180,False,2026-07-26
16,Montérégie,Hôpital Barrie Memorial,5,2026-07-21,taux_occupation,140,False,2026-07-26
16,Montérégie,Hôpital Barrie Memorial,5,2026-07-22,taux_occupation,240,False,2026-07-26
16,Montérégie,Hôpital Barrie Memorial,5,2026-07-23,taux_occupation,80,False,2026-07-26
16,Montérégie,Hôpital Barrie Memorial,5,2026-07-24,taux_occupation,200,False,2026-07-26
16,Montérégie,Hôpital Barrie Memorial,5,2026-07-25,taux_occupation,100,False,2026-07-26
16,Montérégie,Hôpital Barrie Memorial,5,2026-07-26,taux_occupation,100,False,2026-07-26
16,Montérégie,Hôpital du Suroît,32,2026-07-20,patients_sur_civiere,52,False,2026-07-26
16,Montérégie,Hôpital du Suroît,32,2026-07-21,patients_sur_civiere,49,False,2026-07-26
16,Montérégie,Hôpital du Suroît,32,2026-07-22,patients_sur_civiere,48,False,2026-07-26
16,Montérégie,Hôpital du Suroît,32,2026-07-23,patients_sur_civiere,40,False,2026-07-26
16,Montérégie,Hôpital du Suroît,32,2026-07-24,patients_sur_civiere,43,False,2026-07-26
16,Montérégie,Hôpital du Suroît,32,2026-07-25,patients_sur_civiere,43,False,2026-07-26
16,Montérégie,Hôpital du Suroît,32,2026-07-26,patients_sur_civiere,45,False,2026-07-26
16,Montérégie,Hôpital du Suroît,32,2026-07-20,patients_24h_plus,37,False,2026-07-26
16,Montérégie,Hôpital du Suroît,32,2026-07-21,patients_24h_plus,32,False,2026-07-26
16,Montérégie,Hôpital du Suroît,32,2026-07-22,patients_24h_plus,29,False,2026-07-26
16,Montérégie,Hôpital du Suroît,32,2026-07-23,patients_24h_plus,23,False,2026-07-26
16,Montérégie,Hôpital du Suroît,32,2026-07-24,patients_24h_plus,22,False,2026-07-26
16,Montérégie,Hôpital du Suroît,32,2026-07-25,patients_24h_plus,23,False,2026-07-26
16,Montérégie,Hôpital du Suroît,32,2026-07-26,patients_24h_plus,28,False,2026-07-26
16,Montérégie,Hôpital du Suroît,32,2026-07-20,patients_48h_plus,23,False,2026-07-26
16,Montérégie,Hôpital du Suroît,32,2026-07-21,patients_48h_plus,23,False,2026-07-26
16,Montérégie,Hôpital du Suroît,32,2026-07-22,patients_48h_plus,21,False,2026-07-26
16,Montérégie,Hôpital du Suroît,32,2026-07-23,patients_48h_plus,15,False,2026-07-26
16,Montérégie,Hôpital du Suroît,32,2026-07-24,patients_48h_plus,15,False,2026-07-26
16,Montérégie,Hôpital du Suroît,32,2026-07-25,patients_48h_plus,16,False,2026-07-26
16,Montérégie,Hôpital du Suroît,32,2026-07-26,patients_48h_plus,19,False,2026-07-26
16,Montérégie,Hôpital du Suroît,32,2026-07-20,visites_totales_veille,108,False,2026-07-26
16,Montérégie,Hôpital du Suroît,32,2026-07-21,visites_totales_veille,131,False,2026-07-26
16,Montérégie,Hôpital du Suroît,32,2026-07-22,visites_totales_veille,130,False,2026-07-26
16,Montérégie,Hôpital du Suroît,32,2026-07-23,visites_totales_veille,146,False,2026-07-26
16,Montérégie,Hôpital du Suroît,32,2026-07-24,visites_totales_veille,119,False,2026-07-26
16,Montérégie,Hôpital du Suroît,32,2026-07-25,visites_totales_veille,137,False,2026-07-26
16,Montérégie,Hôpital du Suroît,32,2026-07-26,visites_totales_veille,123,False,2026-07-26
16,Montérégie,Hôpital du Suroît,32,2026-07-20,taux_occupation,163,False,2026-07-26
16,Montérégie,Hôpital du Suroît,32,2026-07-21,taux_occupation,153,False,2026-07-26
16,Montérégie,Hôpital du Suroît,32,2026-07-22,taux_occupation,150,False,2026-07-26
16,Montérégie,Hôpital du Suroît,32,2026-07-23,taux_occupation,125,False,2026-07-26
16,Montérégie,Hôpital du Suroît,32,2026-07-24,taux_occupation,134,False,2026-07-26
16,Montérégie,Hôpital du Suroît,32,2026-07-25,taux_occupation,134,False,2026-07-26
16,Montérégie,Hôpital du Suroît,32,2026-07-26,taux_occupation,141,False,2026-07-26
16,Montérégie,Total (16) Montérégie,239,2026-07-20,patients_sur_civiere,324,True,2026-07-26
16,Montérégie,Total (16) Montérégie,239,2026-07-21,patients_sur_civiere,312,True,2026-07-26
16,Montérégie,Total (16) Montérégie,239,2026-07-22,patients_sur_civiere,346,True,2026-07-26
16,Montérégie,Total (16) Montérégie,239,2026-07-23,patients_sur_civiere,297,True,2026-07-26
16,Montérégie,Total (16) Montérégie,239,2026-07-24,patients_sur_civiere,308,True,2026-07-26
16,Montérégie,Total (16) Montérégie,239,2026-07-25,patients_sur_civiere,297,True,2026-07-26
16,Montérégie,Total (16) Montérégie,239,2026-07-26,patients_sur_civiere,293,True,2026-07-26
16,Montérégie,Total (16) Montérégie,239,2026-07-20,patients_24h_plus,117,True,2026-07-26
16,Montérégie,Total (16) Montérégie,239,2026-07-21,patients_24h_plus,99,True,2026-07-26
16,Montérégie,Total (16) Montérégie,239,2026-07-22,patients_24h_plus,113,True,2026-07-26
16,Montérégie,Total (16) Montérégie,239,2026-07-23,patients_24h_plus,106,True,2026-07-26
16,Montérégie,Total (16) Montérégie,239,2026-07-24,patients_24h_plus,86,True,2026-07-26
16,Montérégie,Total (16) Montérégie,239,2026-07-25,patients_24h_plus,83,True,2026-07-26
16,Montérégie,Total (16) Montérégie,239,2026-07-26,patients_24h_plus,91,True,2026-07-26
16,Montérégie,Total (16) Montérégie,239,2026-07-20,patients_48h_plus,47,True,2026-07-26
16,Montérégie,Total (16) Montérégie,239,2026-07-21,patients_48h_plus,42,True,2026-07-26
16,Montérégie,Total (16) Montérégie,239,2026-07-22,patients_48h_plus,46,True,2026-07-26
16,Montérégie,Total (16) Montérégie,239,2026-07-23,patients_48h_plus,39,True,2026-07-26
16,Montérégie,Total (16) Montérégie,239,2026-07-24,patients_48h_plus,37,True,2026-07-26
16,Montérégie,Total (16) Montérégie,239,2026-07-25,patients_48h_plus,32,True,2026-07-26
16,Montérégie,Total (16) Montérégie,239,2026-07-26,patients_48h_plus,36,True,2026-07-26
16,Montérégie,Total (16) Montérégie,239,2026-07-20,visites_totales_veille,960,True,2026-07-26
16,Montérégie,Total (16) Montérégie,239,2026-07-21,visites_totales_veille,1167,True,2026-07-26
16,Montérégie,Total (16) Montérégie,239,2026-07-22,visites_totales_veille,1114,True,2026-07-26
16,Montérégie,Total (16) Montérégie,239,2026-07-23,visites_totales_veille,1074,True,2026-07-26
16,Montérégie,Total (16) Montérégie,239,2026-07-24,visites_totales_veille,1059,True,2026-07-26
16,Montérégie,Total (16) Montérégie,239,2026-07-25,visites_totales_veille,1101,True,2026-07-26
16,Montérégie,Total (16) Montérégie,239,2026-07-26,visites_totales_veille,967,True,2026-07-26
16,Montérégie,Total (16) Montérégie,239,2026-07-20,taux_occupation,136,True,2026-07-26
16,Montérégie,Total (16) Montérégie,239,2026-07-21,taux_occupation,131,True,2026-07-26
16,Montérégie,Total (16) Montérégie,239,2026-07-22,taux_occupation,145,True,2026-07-26
16,Montérégie,Total (16) Montérégie,239,2026-07-23,taux_occupation,124,True,2026-07-26
16,Montérégie,Total (16) Montérégie,239,2026-07-24,taux_occupation,129,True,2026-07-26
16,Montérégie,Total (16) Montérégie,239,2026-07-25,taux_occupation,124,True,2026-07-26
16,Montérégie,Total (16) Montérégie,239,2026-07-26,taux_occupation,123,True,2026-07-26
