fact_id,installation_id,date,metric,value,is_region_total
1,1,2026-07-20,patients_sur_civiere,3.0,0
2,1,2026-07-21,patients_sur_civiere,1.0,0
3,1,2026-07-22,patients_sur_civiere,3.0,0
4,1,2026-07-23,patients_sur_civiere,5.0,0
5,1,2026-07-24,patients_sur_civiere,2.0,0
6,1,2026-07-25,patients_sur_civiere,4.0,0
7,1,2026-07-26,patients_sur_civiere,3.0,0
8,1,2026-07-20,patients_24h_plus,0.0,0
9,1,2026-07-21,patients_24h_plus,0.0,0
10,1,2026-07-22,patients_24h_plus,0.0,0
11,1,2026-07-23,patients_24h_plus,0.0,0
12,1,2026-07-24,patients_24h_plus,0.0,0
13,1,2026-07-25,patients_24h_plus,0.0,0
14,1,2026-07-26,patients_24h_plus,0.0,0
15,1,2026-07-20,patients_48h_plus,0.0,0
16,1,2026-07-21,patients_48h_plus,0.0,0
17,1,2026-07-22,patients_48h_plus,0.0,0
18,1,2026-07-23,patients_48h_plus,0.0,0
19,1,2026-07-24,patients_48h_plus,0.0,0
20,1,2026-07-25,patients_48h_plus,0.0,0
21,1,2026-07-26,patients_48h_plus,0.0,0
22,1,2026-07-20,visites_totales_veille,50.0,0
23,1,2026-07-21,visites_totales_veille,53.0,0
24,1,2026-07-22,visites_totales_veille,44.0,0
25,1,2026-07-23,visites_totales_veille,68.0,0
26,1,2026-07-24,visites_totales_veille,53.0,0
27,1,2026-07-25,visites_totales_veille,44.0,0
28,1,2026-07-26,visites_totales_veille,36.0,0
29,1,2026-07-20,taux_occupation,43.0,0
30,1,2026-07-21,taux_occupation,14.0,0
31,1,2026-07-22,taux_occupation,43.0,0
32,1,2026-07-23,taux_occupation,71.0,0
33,1,2026-07-24,taux_occupation,29.0,0
34,1,2026-07-25,taux_occupation,57.0,0
35,1,2026-07-26,taux_occupation,43.0,0
36,2,2026-07-20,patients_sur_civiere,5.0,0
37,2,2026-07-21,patients_sur_civiere,1.0,0
38,2,2026-07-22,patients_sur_civiere,1.0,0
39,2,2026-07-23,patients_sur_civiere,2.0,0
40,2,2026-07-24,patients_sur_civiere,4.0,0
41,2,2026-07-25,patients_sur_civiere,3.0,0
42,2,2026-07-26,patients_sur_civiere,7.0,0
43,2,2026-07-20,patients_24h_plus,0.0,0
44,2,2026-07-21,patients_24h_plus,0.0,0
45,2,2026-07-22,patients_24h_plus,0.0,0
46,2,2026-07-23,patients_24h_plus,0.0,0
47,2,2026-07-24,patients_24h_plus,0.0,0
48,2,2026-07-25,patients_24h_plus,0.0,0
49,2,2026-07-26,patients_24h_plus,0.0,0
50,2,2026-07-20,patients_48h_plus,0.0,0
51,2,2026-07-21,patients_48h_plus,0.0,0
52,2,2026-07-22,patients_48h_plus,0.0,0
53,2,2026-07-23,patients_48h_plus,0.0,0
54,2,2026-07-24,patients_48h_plus,0.0,0
55,2,2026-07-25,patients_48h_plus,0.0,0
56,2,2026-07-26,patients_48h_plus,0.0,0
57,2,2026-07-20,visites_totales_veille,49.0,0
58,2,2026-07-21,visites_totales_veille,42.0,0
59,2,2026-07-22,visites_totales_veille,47.0,0
60,2,2026-07-23,visites_totales_veille,46.0,0
61,2,2026-07-24,visites_totales_veille,42.0,0
62,2,2026-07-25,visites_totales_veille,47.0,0
63,2,2026-07-26,visites_totales_veille,32.0,0
64,2,2026-07-20,taux_occupation,83.0,0
65,2,2026-07-21,taux_occupation,17.0,0
66,2,2026-07-22,taux_occupation,17.0,0
67,2,2026-07-23,taux_occupation,33.0,0
68,2,2026-07-24,taux_occupation,67.0,0
69,2,2026-07-25,taux_occupation,50.0,0
70,2,2026-07-26,taux_occupation,117.0,0
71,3,2026-07-20,patients_sur_civiere,14.0,0
72,3,2026-07-21,patients_sur_civiere,18.0,0
73,3,2026-07-22,patients_sur_civiere,11.0,0
74,3,2026-07-23,patients_sur_civiere,12.0,0
75,3,2026-07-24,patients_sur_civiere,15.0,0
76,3,2026-07-25,patients_sur_civiere,8.0,0
77,3,2026-07-26,patients_sur_civiere,6.0,0
78,3,2026-07-20,patients_24h_plus,4.0,0
79,3,2026-07-21,patients_24h_plus,0.0,0
80,3,2026-07-22,patients_24h_plus,2.0,0
81,3,2026-07-23,patients_24h_plus,1.0,0
82,3,2026-07-24,patients_24h_plus,1.0,0
83,3,2026-07-25,patients_24h_plus,0.0,0
84,3,2026-07-26,patients_24h_plus,0.0,0
85,3,2026-07-20,patients_48h_plus,0.0,0
86,3,2026-07-21,patients_48h_plus,0.0,0
87,3,2026-07-22,patients_48h_plus,0.0,0
88,3,2026-07-23,patients_48h_plus,1.0,0
89,3,2026-07-24,patients_48h_plus,0.0,0
90,3,2026-07-25,patients_48h_plus,0.0,0
91,3,2026-07-26,patients_48h_plus,0.0,0
92,3,2026-07-20,visites_totales_veille,71.0,0
93,3,2026-07-21,visites_totales_veille,101.0,0
94,3,2026-07-22,visites_totales_veille,98.0,0
95,3,2026-07-23,visites_totales_veille,93.0,0
96,3,2026-07-24,visites_totales_veille,95.0,0
97,3,2026-07-25,visites_totales_veille,83.0,0
98,3,2026-07-26,visites_totales_veille,93.0,0
99,3,2026-07-20,taux_occupation,117.0,0
100,3,2026-07-21,taux_occupation,150.0,0
101,3,2026-07-22,taux_occupation,92.0,0
102,3,2026-07-23,taux_occupation,100.0,0
103,3,2026-07-24,taux_occupation,125.0,0
104,3,2026-07-25,taux_occupation,67.0,0
105,3,2026-07-26,taux_occupation,50.0,0
106,4,2026-07-20,patients_sur_civiere,0.0,0
107,4,2026-07-21,patients_sur_civiere,1.0,0
108,4,2026-07-22,patients_sur_civiere,0.0,0
109,4,2026-07-23,patients_sur_civiere,1.0,0
110,4,2026-07-24,patients_sur_civiere,0.0,0
111,4,2026-07-25,patients_sur_civiere,1.0,0
112,4,2026-07-26,patients_sur_civiere,1.0,0
113,4,2026-07-20,patients_24h_plus,0.0,0
114,4,2026-07-21,patients_24h_plus,0.0,0
115,4,2026-07-22,patients_24h_plus,0.0,0
116,4,2026-07-23,patients_24h_plus,0.0,0
117,4,2026-07-24,patients_24h_plus,0.0,0
118,4,2026-07-25,patients_24h_plus,0.0,0
119,4,2026-07-26,patients_24h_plus,0.0,0
120,4,2026-07-20,patients_48h_plus,0.0,0
121,4,2026-07-21,patients_48h_plus,0.0,0
122,4,2026-07-22,patients_48h_plus,0.0,0
123,4,2026-07-23,patients_48h_plus,0.0,0
124,4,2026-07-24,patients_48h_plus,0.0,0
125,4,2026-07-25,patients_48h_plus,0.0,0
126,4,2026-07-26,patients_48h_plus,0.0,0
127,4,2026-07-20,visites_totales_veille,27.0,0
128,4,2026-07-21,visites_totales_veille,31.0,0
129,4,2026-07-22,visites_totales_veille,31.0,0
130,4,2026-07-23,visites_totales_veille,41.0,0
131,4,2026-07-24,visites_totales_veille,36.0,0
132,4,2026-07-25,visites_totales_veille,32.0,0
133,4,2026-07-26,visites_totales_veille,43.0,0
134,4,2026-07-20,taux_occupation,0.0,0
135,4,2026-07-21,taux_occupation,33.0,0
136,4,2026-07-22,taux_occupation,0.0,0
137,4,2026-07-23,taux_occupation,33.0,0
138,4,2026-07-24,taux_occupation,0.0,0
139,4,2026-07-25,taux_occupation,33.0,0
140,4,2026-07-26,taux_occupation,33.0,0
141,5,2026-07-20,patients_sur_civiere,8.0,0
142,5,2026-07-21,patients_sur_civiere,8.0,0
143,5,2026-07-22,patients_sur_civiere,6.0,0
144,5,2026-07-23,patients_sur_civiere,12.0,0
145,5,2026-07-24,patients_sur_civiere,3.0,0
146,5,2026-07-25,patients_sur_civiere,13.0,0
147,5,2026-07-26,patients_sur_civiere,2.0,0
148,5,2026-07-20,patients_24h_plus,0.0,0
149,5,2026-07-21,patients_24h_plus,0.0,0
150,5,2026-07-22,patients_24h_plus,0.0,0
151,5,2026-07-23,patients_24h_plus,1.0,0
152,5,2026-07-24,patients_24h_plus,1.0,0
153,5,2026-07-25,patients_24h_plus,0.0,0
154,5,2026-07-26,patients_24h_plus,0.0,0
155,5,2026-07-20,patients_48h_plus,0.0,0
156,5,2026-07-21,patients_48h_plus,0.0,0
157,5,2026-07-22,patients_48h_plus,0.0,0
158,5,2026-07-23,patients_48h_plus,0.0,0
159,5,2026-07-24,patients_48h_plus,0.0,0
160,5,2026-07-25,patients_48h_plus,0.0,0
161,5,2026-07-26,patients_48h_plus,0.0,0
162,5,2026-07-20,visites_totales_veille,62.0,0
163,5,2026-07-21,visites_totales_veille,73.0,0
164,5,2026-07-22,visites_totales_veille,61.0,0
165,5,2026-07-23,visites_totales_veille,59.0,0
166,5,2026-07-24,visites_totales_veille,53.0,0
167,5,2026-07-25,visites_totales_veille,62.0,0
168,5,2026-07-26,visites_totales_veille,59.0,0
169,5,2026-07-20,taux_occupation,89.0,0
170,5,2026-07-21,taux_occupation,89.0,0
171,5,2026-07-22,taux_occupation,67.0,0
172,5,2026-07-23,taux_occupation,133.0,0
173,5,2026-07-24,taux_occupation,33.0,0
174,5,2026-07-25,taux_occupation,144.0,0
175,5,2026-07-26,taux_occupation,22.0,0
176,6,2026-07-20,patients_sur_civiere,6.0,0
177,6,2026-07-21,patients_sur_civiere,3.0,0
178,6,2026-07-22,patients_sur_civiere,6.0,0
179,6,2026-07-23,patients_sur_civiere,4.0,0
180,6,2026-07-24,patients_sur_civiere,4.0,0
181,6,2026-07-25,patients_sur_civiere,3.0,0
182,6,2026-07-26,patients_sur_civiere,5.0,0
183,6,2026-07-20,patients_24h_plus,0.0,0
184,6,2026-07-21,patients_24h_plus,1.0,0
185,6,2026-07-22,patients_24h_plus,0.0,0
186,6,2026-07-23,patients_24h_plus,0.0,0
187,6,2026-07-24,patients_24h_plus,0.0,0
188,6,2026-07-25,patients_24h_plus,0.0,0
189,6,2026-07-26,patients_24h_plus,0.0,0
190,6,2026-07-20,patients_48h_plus,0.0,0
191,6,2026-07-21,patients_48h_plus,0.0,0
192,6,2026-07-22,patients_48h_plus,0.0,0
193,6,2026-07-23,patients_48h_plus,0.0,0
194,6,2026-07-24,patients_48h_plus,0.0,0
195,6,2026-07-25,patients_48h_plus,0.0,0
196,6,2026-07-26,patients_48h_plus,0.0,0
197,6,2026-07-20,visites_totales_veille,34.0,0
198,6,2026-07-21,visites_totales_veille,48.0,0
199,6,2026-07-22,visites_totales_veille,36.0,0
200,6,2026-07-23,visites_totales_veille,44.0,0
201,6,2026-07-24,visites_totales_veille,43.0,0
202,6,2026-07-25,visites_totales_veille,37.0,0
203,6,2026-07-26,visites_totales_veille,33.0,0
204,6,2026-07-20,taux_occupation,120.0,0
205,6,2026-07-21,taux_occupation,60.0,0
206,6,2026-07-22,taux_occupation,120.0,0
207,6,2026-07-23,taux_occupation,80.0,0
208,6,2026-07-24,taux_occupation,80.0,0
209,6,2026-07-25,taux_occupation,60.0,0
210,6,2026-07-26,taux_occupation,100.0,0
211,7,2026-07-20,patients_sur_civiere,0.0,0
212,7,2026-07-21,patients_sur_civiere,0.0,0
213,7,2026-07-22,patients_sur_civiere,0.0,0
214,7,2026-07-23,patients_sur_civiere,1.0,0
215,7,2026-07-24,patients_sur_civiere,0.0,0
216,7,2026-07-25,patients_sur_civiere,1.0,0
217,7,2026-07-26,patients_sur_civiere,0.0,0
218,7,2026-07-20,patients_24h_plus,0.0,0
219,7,2026-07-21,patients_24h_plus,0.0,0
220,7,2026-07-22,patients_24h_plus,0.0,0
221,7,2026-07-23,patients_24h_plus,0.0,0
222,7,2026-07-24,patients_24h_plus,0.0,0
223,7,2026-07-25,patients_24h_plus,0.0,0
224,7,2026-07-26,patients_24h_plus,0.0,0
225,7,2026-07-20,patients_48h_plus,0.0,0
226,7,2026-07-21,patients_48h_plus,0.0,0
227,7,2026-07-22,patients_48h_plus,0.0,0
228,7,2026-07-23,patients_48h_plus,0.0,0
229,7,2026-07-24,patients_48h_plus,0.0,0
230,7,2026-07-25,patients_48h_plus,0.0,0
231,7,2026-07-26,patients_48h_plus,0.0,0
232,7,2026-07-20,visites_totales_veille,37.0,0
233,7,2026-07-21,visites_totales_veille,32.0,0
234,7,2026-07-22,visites_totales_veille,48.0,0
235,7,2026-07-23,visites_totales_veille,37.0,0
236,7,2026-07-24,visites_totales_veille,46.0,0
237,7,2026-07-25,visites_totales_veille,33.0,0
238,7,2026-07-26,visites_totales_veille,29.0,0
239,7,2026-07-20,taux_occupation,0.0,0
240,7,2026-07-21,taux_occupation,0.0,0
241,7,2026-07-22,taux_occupation,0.0,0
242,7,2026-07-23,taux_occupation,33.0,0
243,7,2026-07-24,taux_occupation,0.0,0
244,7,2026-07-25,taux_occupation,33.0,0
245,7,2026-07-26,taux_occupation,0.0,0
246,8,2026-07-20,patients_sur_civiere,0.0,0
247,8,2026-07-21,patients_sur_civiere,3.0,0
248,8,2026-07-22,patients_sur_civiere,2.0,0
249,8,2026-07-23,patients_sur_civiere,5.0,0
250,8,2026-07-24,patients_sur_civiere,2.0,0
251,8,2026-07-25,patients_sur_civiere,2.0,0
252,8,2026-07-26,patients_sur_civiere,1.0,0
253,8,2026-07-20,patients_24h_plus,0.0,0
254,8,2026-07-21,patients_24h_plus,0.0,0
255,8,2026-07-22,patients_24h_plus,0.0,0
256,8,2026-07-23,patients_24h_plus,0.0,0
257,8,2026-07-24,patients_24h_plus,0.0,0
258,8,2026-07-25,patients_24h_plus,0.0,0
259,8,2026-07-26,patients_24h_plus,0.0,0
260,8,2026-07-20,patients_48h_plus,0.0,0
261,8,2026-07-21,patients_48h_plus,0.0,0
262,8,2026-07-22,patients_48h_plus,0.0,0
263,8,2026-07-23,patients_48h_plus,0.0,0
264,8,2026-07-24,patients_48h_plus,0.0,0
265,8,2026-07-25,patients_48h_plus,0.0,0
266,8,2026-07-26,patients_48h_plus,0.0,0
267,8,2026-07-20,visites_totales_veille,39.0,0
268,8,2026-07-21,visites_totales_veille,40.0,0
269,8,2026-07-22,visites_totales_veille,49.0,0
270,8,2026-07-23,visites_totales_veille,48.0,0
271,8,2026-07-24,visites_totales_veille,42.0,0
272,8,2026-07-25,visites_totales_veille,34.0,0
273,8,2026-07-26,visites_totales_veille,43.0,0
274,8,2026-07-20,taux_occupation,0.0,0
275,8,2026-07-21,taux_occupation,43.0,0
276,8,2026-07-22,taux_occupation,29.0,0
277,8,2026-07-23,taux_occupation,71.0,0
278,8,2026-07-24,taux_occupation,29.0,0
279,8,2026-07-25,taux_occupation,29.0,0
280,8,2026-07-26,taux_occupation,14.0,0
281,9,2026-07-20,patients_sur_civiere,36.0,1
282,9,2026-07-21,patients_sur_civiere,35.0,1
283,9,2026-07-22,patients_sur_civiere,29.0,1
284,9,2026-07-23,patients_sur_civiere,42.0,1
285,9,2026-07-24,patients_sur_civiere,30.0,1
286,9,2026-07-25,patients_sur_civiere,35.0,1
287,9,2026-07-26,patients_sur_civiere,25.0,1
288,9,2026-07-20,patients_24h_plus,4.0,1
289,9,2026-07-21,patients_24h_plus,1.0,1
290,9,2026-07-22,patients_24h_plus,2.0,1
291,9,2026-07-23,patients_24h_plus,2.0,1
292,9,2026-07-24,patients_24h_plus,2.0,1
293,9,2026-07-25,patients_24h_plus,0.0,1
294,9,2026-07-26,patients_24h_plus,0.0,1
295,9,2026-07-20,patients_48h_plus,0.0,1
296,9,2026-07-21,patients_48h_plus,0.0,1
297,9,2026-07-22,patients_48h_plus,0.0,1
298,9,2026-07-23,patients_48h_plus,1.0,1
299,9,2026-07-24,patients_48h_plus,0.0,1
300,9,2026-07-25,patients_48h_plus,0.0,1
301,9,2026-07-26,patients_48h_plus,0.0,1
302,9,2026-07-20,visites_totales_veille,369.0,1
303,9,2026-07-21,visites_totales_veille,420.0,1
304,9,2026-07-22,visites_totales_veille,414.0,1
305,9,2026-07-23,visites_totales_veille,436.0,1
306,9,2026-07-24,visites_totales_veille,410.0,1
307,9,2026-07-25,visites_totales_veille,372.0,1
308,9,2026-07-26,visites_totales_veille,368.0,1
309,9,2026-07-20,taux_occupation,69.0,1
310,9,2026-07-21,taux_occupation,67.0,1
311,9,2026-07-22,taux_occupation,56.0,1
312,9,2026-07-23,taux_occupation,81.0,1
313,9,2026-07-24,taux_occupation,58.0,1
314,9,2026-07-25,taux_occupation,67.0,1
315,9,2026-07-26,taux_occupation,48.0,1
316,10,2026-07-20,patients_sur_civiere,2.0,0
317,10,2026-07-21,patients_sur_civiere,3.0,0
318,10,2026-07-22,patients_sur_civiere,3.0,0
319,10,2026-07-23,patients_sur_civiere,2.0,0
320,10,2026-07-24,patients_sur_civiere,2.0,0
321,10,2026-07-25,patients_sur_civiere,5.0,0
322,10,2026-07-26,patients_sur_civiere,3.0,0
323,10,2026-07-20,patients_24h_plus,0.0,0
324,10,2026-07-21,patients_24h_plus,0.0,0
325,10,2026-07-22,patients_24h_plus,0.0,0
326,10,2026-07-23,patients_24h_plus,0.0,0
327,10,2026-07-24,patients_24h_plus,0.0,0
328,10,2026-07-25,patients_24h_plus,0.0,0
329,10,2026-07-26,patients_24h_plus,0.0,0
330,10,2026-07-20,patients_48h_plus,0.0,0
331,10,2026-07-21,patients_48h_plus,0.0,0
332,10,2026-07-22,patients_48h_plus,0.0,0
333,10,2026-07-23,patients_48h_plus,0.0,0
334,10,2026-07-24,patients_48h_plus,0.0,0
335,10,2026-07-25,patients_48h_plus,0.0,0
336,10,2026-07-26,patients_48h_plus,0.0,0
337,10,2026-07-20,visites_totales_veille,56.0,0
338,10,2026-07-21,visites_totales_veille,43.0,0
339,10,2026-07-22,visites_totales_veille,54.0,0
340,10,2026-07-23,visites_totales_veille,56.0,0
341,10,2026-07-24,visites_totales_veille,50.0,0
342,10,2026-07-25,visites_totales_veille,50.0,0
343,10,2026-07-26,visites_totales_veille,56.0,0
344,10,2026-07-20,taux_occupation,29.0,0
345,10,2026-07-21,taux_occupation,43.0,0
346,10,2026-07-22,taux_occupation,43.0,0
347,10,2026-07-23,taux_occupation,29.0,0
348,10,2026-07-24,taux_occupation,29.0,0
349,10,2026-07-25,taux_occupation,71.0,0
350,10,2026-07-26,taux_occupation,43.0,0
351,11,2026-07-20,patients_sur_civiere,31.0,0
352,11,2026-07-21,patients_sur_civiere,25.0,0
353,11,2026-07-22,patients_sur_civiere,33.0,0
354,11,2026-07-23,patients_sur_civiere,39.0,0
355,11,2026-07-24,patients_sur_civiere,33.0,0
356,11,2026-07-25,patients_sur_civiere,27.0,0
357,11,2026-07-26,patients_sur_civiere,28.0,0
358,11,2026-07-20,patients_24h_plus,2.0,0
359,11,2026-07-21,patients_24h_plus,1.0,0
360,11,2026-07-22,patients_24h_plus,1.0,0
361,11,2026-07-23,patients_24h_plus,4.0,0
362,11,2026-07-24,patients_24h_plus,1.0,0
363,11,2026-07-25,patients_24h_plus,1.0,0
364,11,2026-07-26,patients_24h_plus,0.0,0
365,11,2026-07-20,patients_48h_plus,0.0,0
366,11,2026-07-21,patients_48h_plus,0.0,0
367,11,2026-07-22,patients_48h_plus,0.0,0
368,11,2026-07-23,patients_48h_plus,0.0,0
369,11,2026-07-24,patients_48h_plus,0.0,0
370,11,2026-07-25,patients_48h_plus,0.0,0
371,11,2026-07-26,patients_48h_plus,0.0,0
372,11,2026-07-20,visites_totales_veille,145.0,0
373,11,2026-07-21,visites_totales_veille,132.0,0
374,11,2026-07-22,visites_totales_veille,131.0,0
375,11,2026-07-23,visites_totales_veille,142.0,0
376,11,2026-07-24,visites_totales_veille,138.0,0
377,11,2026-07-25,visites_totales_veille,152.0,0
378,11,2026-07-26,visites_totales_veille,120.0,0
379,11,2026-07-20,taux_occupation,76.0,0
380,11,2026-07-21,taux_occupation,61.0,0
381,11,2026-07-22,taux_occupation,80.0,0
382,11,2026-07-23,taux_occupation,95.0,0
383,11,2026-07-24,taux_occupation,80.0,0
384,11,2026-07-25,taux_occupation,66.0,0
385,11,2026-07-26,taux_occupation,68.0,0
386,12,2026-07-20,patients_sur_civiere,4.0,0
387,12,2026-07-21,patients_sur_civiere,4.0,0
388,12,2026-07-22,patients_sur_civiere,9.0,0
389,12,2026-07-23,patients_sur_civiere,11.0,0
390,12,2026-07-24,patients_sur_civiere,9.0,0
391,12,2026-07-25,patients_sur_civiere,8.0,0
392,12,2026-07-26,patients_sur_civiere,8.0,0
393,12,2026-07-20,patients_24h_plus,0.0,0
394,12,2026-07-21,patients_24h_plus,0.0,0
395,12,2026-07-22,patients_24h_plus,0.0,0
396,12,2026-07-23,patients_24h_plus,0.0,0
397,12,2026-07-24,patients_24h_plus,0.0,0
398,12,2026-07-25,patients_24h_plus,0.0,0
399,12,2026-07-26,patients_24h_plus,0.0,0
400,12,2026-07-20,patients_48h_plus,0.0,0
401,12,2026-07-21,patients_48h_plus,0.0,0
402,12,2026-07-22,patients_48h_plus,0.0,0
403,12,2026-07-23,patients_48h_plus,0.0,0
404,12,2026-07-24,patients_48h_plus,0.0,0
405,12,2026-07-25,patients_48h_plus,0.0,0
406,12,2026-07-26,patients_48h_plus,0.0,0
407,12,2026-07-20,visites_totales_veille,64.0,0
408,12,2026-07-21,visites_totales_veille,75.0,0
409,12,2026-07-22,visites_totales_veille,84.0,0
410,12,2026-07-23,visites_totales_veille,75.0,0
411,12,2026-07-24,visites_totales_veille,76.0,0
412,12,2026-07-25,visites_totales_veille,69.0,0
413,12,2026-07-26,visites_totales_veille,75.0,0
414,12,2026-07-20,taux_occupation,25.0,0
415,12,2026-07-21,taux_occupation,25.0,0
416,12,2026-07-22,taux_occupation,56.0,0
417,12,2026-07-23,taux_occupation,69.0,0
418,12,2026-07-24,taux_occupation,56.0,0
419,12,2026-07-25,taux_occupation,50.0,0
420,12,2026-07-26,taux_occupation,50.0,0
421,13,2026-07-20,patients_sur_civiere,3.0,0
422,13,2026-07-21,patients_sur_civiere,5.0,0
423,13,2026-07-22,patients_sur_civiere,7.0,0
424,13,2026-07-23,patients_sur_civiere,8.0,0
425,13,2026-07-24,patients_sur_civiere,7.0,0
426,13,2026-07-25,patients_sur_civiere,6.0,0
427,13,2026-07-26,patients_sur_civiere,9.0,0
428,13,2026-07-20,patients_24h_plus,1.0,0
429,13,2026-07-21,patients_24h_plus,0.0,0
430,13,2026-07-22,patients_24h_plus,0.0,0
431,13,2026-07-23,patients_24h_plus,0.0,0
432,13,2026-07-24,patients_24h_plus,0.0,0
433,13,2026-07-25,patients_24h_plus,0.0,0
434,13,2026-07-26,patients_24h_plus,0.0,0
435,13,2026-07-20,patients_48h_plus,0.0,0
436,13,2026-07-21,patients_48h_plus,0.0,0
437,13,2026-07-22,patients_48h_plus,0.0,0
438,13,2026-07-23,patients_48h_plus,0.0,0
439,13,2026-07-24,patients_48h_plus,0.0,0
440,13,2026-07-25,patients_48h_plus,0.0,0
441,13,2026-07-26,patients_48h_plus,0.0,0
442,13,2026-07-20,visites_totales_veille,95.0,0
443,13,2026-07-21,visites_totales_veille,106.0,0
444,13,2026-07-22,visites_totales_veille,102.0,0
445,13,2026-07-23,visites_totales_veille,106.0,0
446,13,2026-07-24,visites_totales_veille,102.0,0
447,13,2026-07-25,visites_totales_veille,101.0,0
448,13,2026-07-26,visites_totales_veille,98.0,0
449,13,2026-07-20,taux_occupation,18.0,0
450,13,2026-07-21,taux_occupation,29.0,0
451,13,2026-07-22,taux_occupation,41.0,0
452,13,2026-07-23,taux_occupation,47.0,0
453,13,2026-07-24,taux_occupation,41.0,0
454,13,2026-07-25,taux_occupation,35.0,0
455,13,2026-07-26,taux_occupation,53.0,0
456,14,2026-07-20,patients_sur_civiere,11.0,0
457,14,2026-07-21,patients_sur_civiere,14.0,0
458,14,2026-07-22,patients_sur_civiere,9.0,0
459,14,2026-07-23,patients_sur_civiere,6.0,0
460,14,2026-07-24,patients_sur_civiere,2.0,0
461,14,2026-07-25,patients_sur_civiere,8.0,0
462,14,2026-07-26,patients_sur_civiere,4.0,0
463,14,2026-07-20,patients_24h_plus,0.0,0
464,14,2026-07-21,patients_24h_plus,0.0,0
465,14,2026-07-22,patients_24h_plus,1.0,0
466,14,2026-07-23,patients_24h_plus,1.0,0
467,14,2026-07-24,patients_24h_plus,0.0,0
468,14,2026-07-25,patients_24h_plus,0.0,0
469,14,2026-07-26,patients_24h_plus,0.0,0
470,14,2026-07-20,patients_48h_plus,0.0,0
471,14,2026-07-21,patients_48h_plus,0.0,0
472,14,2026-07-22,patients_48h_plus,0.0,0
473,14,2026-07-23,patients_48h_plus,0.0,0
474,14,2026-07-24,patients_48h_plus,0.0,0
475,14,2026-07-25,patients_48h_plus,0.0,0
476,14,2026-07-26,patients_48h_plus,0.0,0
477,14,2026-07-20,visites_totales_veille,68.0,0
478,14,2026-07-21,visites_totales_veille,82.0,0
479,14,2026-07-22,visites_totales_veille,76.0,0
480,14,2026-07-23,visites_totales_veille,76.0,0
481,14,2026-07-24,visites_totales_veille,79.0,0
482,14,2026-07-25,visites_totales_veille,63.0,0
483,14,2026-07-26,visites_totales_veille,69.0,0
484,14,2026-07-20,taux_occupation,85.0,0
485,14,2026-07-21,taux_occupation,108.0,0
486,14,2026-07-22,taux_occupation,69.0,0
487,14,2026-07-23,taux_occupation,46.0,0
488,14,2026-07-24,taux_occupation,15.0,0
489,14,2026-07-25,taux_occupation,62.0,0
490,14,2026-07-26,taux_occupation,31.0,0
491,15,2026-07-20,patients_sur_civiere,8.0,0
492,15,2026-07-21,patients_sur_civiere,6.0,0
493,15,2026-07-22,patients_sur_civiere,7.0,0
494,15,2026-07-23,patients_sur_civiere,7.0,0
495,15,2026-07-24,patients_sur_civiere,2.0,0
496,15,2026-07-25,patients_sur_civiere,9.0,0
497,15,2026-07-26,patients_sur_civiere,6.0,0
498,15,2026-07-20,patients_24h_plus,2.0,0
499,15,2026-07-21,patients_24h_plus,2.0,0
500,15,2026-07-22,patients_24h_plus,0.0,0
501,15,2026-07-23,patients_24h_plus,0.0,0
502,15,2026-07-24,patients_24h_plus,0.0,0
503,15,2026-07-25,patients_24h_plus,0.0,0
504,15,2026-07-26,patients_24h_plus,1.0,0
505,15,2026-07-20,patients_48h_plus,0.0,0
506,15,2026-07-21,patients_48h_plus,0.0,0
507,15,2026-07-22,patients_48h_plus,0.0,0
508,15,2026-07-23,patients_48h_plus,0.0,0
509,15,2026-07-24,patients_48h_plus,0.0,0
510,15,2026-07-25,patients_48h_plus,0.0,0
511,15,2026-07-26,patients_48h_plus,0.0,0
512,15,2026-07-20,visites_totales_veille,50.0,0
513,15,2026-07-21,visites_totales_veille,60.0,0
514,15,2026-07-22,visites_totales_veille,59.0,0
515,15,2026-07-23,visites_totales_veille,70.0,0
516,15,2026-07-24,visites_totales_veille,58.0,0
517,15,2026-07-25,visites_totales_veille,76.0,0
518,15,2026-07-26,visites_totales_veille,63.0,0
519,15,2026-07-20,taux_occupation,80.0,0
520,15,2026-07-21,taux_occupation,60.0,0
521,15,2026-07-22,taux_occupation,70.0,0
522,15,2026-07-23,taux_occupation,70.0,0
523,15,2026-07-24,taux_occupation,20.0,0
524,15,2026-07-25,taux_occupation,90.0,0
525,15,2026-07-26,taux_occupation,60.0,0
526,16,2026-07-20,patients_sur_civiere,59.0,1
527,16,2026-07-21,patients_sur_civiere,57.0,1
528,16,2026-07-22,patients_sur_civiere,68.0,1
529,16,2026-07-23,patients_sur_civiere,73.0,1
530,16,2026-07-24,patients_sur_civiere,55.0,1
531,16,2026-07-25,patients_sur_civiere,63.0,1
532,16,2026-07-26,patients_sur_civiere,58.0,1
533,16,2026-07-20,patients_24h_plus,5.0,1
534,16,2026-07-21,patients_24h_plus,3.0,1
535,16,2026-07-22,patients_24h_plus,2.0,1
536,16,2026-07-23,patients_24h_plus,5.0,1
537,16,2026-07-24,patients_24h_plus,1.0,1
538,16,2026-07-25,patients_24h_plus,1.0,1
539,16,2026-07-26,patients_24h_plus,1.0,1
540,16,2026-07-20,patients_48h_plus,0.0,1
541,16,2026-07-21,patients_48h_plus,0.0,1
542,16,2026-07-22,patients_48h_plus,0.0,1
543,16,2026-07-23,patients_48h_plus,0.0,1
544,16,2026-07-24,patients_48h_plus,0.0,1
545,16,2026-07-25,patients_48h_plus,0.0,1
546,16,2026-07-26,patients_48h_plus,0.0,1
547,16,2026-07-20,visites_totales_veille,478.0,1
548,16,2026-07-21,visites_totales_veille,498.0,1
549,16,2026-07-22,visites_totales_veille,506.0,1
550,16,2026-07-23,visites_totales_veille,525.0,1
551,16,2026-07-24,visites_totales_veille,503.0,1
552,16,2026-07-25,visites_totales_veille,511.0,1
553,16,2026-07-26,visites_totales_veille,481.0,1
554,16,2026-07-20,taux_occupation,57.0,1
555,16,2026-07-21,taux_occupation,55.0,1
556,16,2026-07-22,taux_occupation,65.0,1
557,16,2026-07-23,taux_occupation,70.0,1
558,16,2026-07-24,taux_occupation,53.0,1
559,16,2026-07-25,taux_occupation,61.0,1
560,16,2026-07-26,taux_occupation,56.0,1
561,17,2026-07-20,patients_sur_civiere,5.0,0
562,17,2026-07-21,patients_sur_civiere,4.0,0
563,17,2026-07-22,patients_sur_civiere,6.0,0
564,17,2026-07-23,patients_sur_civiere,6.0,0
565,17,2026-07-24,patients_sur_civiere,3.0,0
566,17,2026-07-25,patients_sur_civiere,2.0,0
567,17,2026-07-26,patients_sur_civiere,4.0,0
568,17,2026-07-20,patients_24h_plus,0.0,0
569,17,2026-07-21,patients_24h_plus,0.0,0
570,17,2026-07-22,patients_24h_plus,0.0,0
571,17,2026-07-23,patients_24h_plus,0.0,0
572,17,2026-07-24,patients_24h_plus,0.0,0
573,17,2026-07-25,patients_24h_plus,0.0,0
574,17,2026-07-26,patients_24h_plus,0.0,0
575,17,2026-07-20,patients_48h_plus,0.0,0
576,17,2026-07-21,patients_48h_plus,0.0,0
577,17,2026-07-22,patients_48h_plus,0.0,0
578,17,2026-07-23,patients_48h_plus,0.0,0
579,17,2026-07-24,patients_48h_plus,0.0,0
580,17,2026-07-25,patients_48h_plus,0.0,0
581,17,2026-07-26,patients_48h_plus,0.0,0
582,17,2026-07-20,visites_totales_veille,57.0,0
583,17,2026-07-21,visites_totales_veille,58.0,0
584,17,2026-07-22,visites_totales_veille,51.0,0
585,17,2026-07-23,visites_totales_veille,52.0,0
586,17,2026-07-24,visites_totales_veille,61.0,0
587,17,2026-07-25,visites_totales_veille,69.0,0
588,17,2026-07-26,visites_totales_veille,54.0,0
589,17,2026-07-20,taux_occupation,71.0,0
590,17,2026-07-21,taux_occupation,57.0,0
591,17,2026-07-22,taux_occupation,86.0,0
592,17,2026-07-23,taux_occupation,86.0,0
593,17,2026-07-24,taux_occupation,43.0,0
594,17,2026-07-25,taux_occupation,29.0,0
595,17,2026-07-26,taux_occupation,57.0,0
596,18,2026-07-20,patients_sur_civiere,0.0,0
597,18,2026-07-21,patients_sur_civiere,1.0,0
598,18,2026-07-22,patients_sur_civiere,2.0,0
599,18,2026-07-23,patients_sur_civiere,4.0,0
600,18,2026-07-24,patients_sur_civiere,0.0,0
601,18,2026-07-25,patients_sur_civiere,2.0,0
602,18,2026-07-26,patients_sur_civiere,2.0,0
603,18,2026-07-20,patients_24h_plus,0.0,0
604,18,2026-07-21,patients_24h_plus,0.0,0
605,18,2026-07-22,patients_24h_plus,0.0,0
606,18,2026-07-23,patients_24h_plus,0.0,0
607,18,2026-07-24,patients_24h_plus,0.0,0
608,18,2026-07-25,patients_24h_plus,0.0,0
609,18,2026-07-26,patients_24h_plus,0.0,0
610,18,2026-07-20,patients_48h_plus,0.0,0
611,18,2026-07-21,patients_48h_plus,0.0,0
612,18,2026-07-22,patients_48h_plus,0.0,0
613,18,2026-07-23,patients_48h_plus,0.0,0
614,18,2026-07-24,patients_48h_plus,0.0,0
615,18,2026-07-25,patients_48h_plus,0.0,0
616,18,2026-07-26,patients_48h_plus,0.0,0
617,18,2026-07-20,visites_totales_veille,48.0,0
618,18,2026-07-21,visites_totales_veille,51.0,0
619,18,2026-07-22,visites_totales_veille,52.0,0
620,18,2026-07-23,visites_totales_veille,42.0,0
621,18,2026-07-24,visites_totales_veille,44.0,0
622,18,2026-07-25,visites_totales_veille,45.0,0
623,18,2026-07-26,visites_totales_veille,45.0,0
624,18,2026-07-20,taux_occupation,0.0,0
625,18,2026-07-21,taux_occupation,33.0,0
626,18,2026-07-22,taux_occupation,67.0,0
627,18,2026-07-23,taux_occupation,133.0,0
628,18,2026-07-24,taux_occupation,0.0,0
629,18,2026-07-25,taux_occupation,67.0,0
630,18,2026-07-26,taux_occupation,67.0,0
631,19,2026-07-20,patients_sur_civiere,1.0,0
632,19,2026-07-21,patients_sur_civiere,1.0,0
633,19,2026-07-22,patients_sur_civiere,1.0,0
634,19,2026-07-23,patients_sur_civiere,0.0,0
635,19,2026-07-24,patients_sur_civiere,1.0,0
636,19,2026-07-25,patients_sur_civiere,2.0,0
637,19,2026-07-26,patients_sur_civiere,1.0,0
638,19,2026-07-20,patients_24h_plus,0.0,0
639,19,2026-07-21,patients_24h_plus,0.0,0
640,19,2026-07-22,patients_24h_plus,0.0,0
641,19,2026-07-23,patients_24h_plus,0.0,0
642,19,2026-07-24,patients_24h_plus,0.0,0
643,19,2026-07-25,patients_24h_plus,0.0,0
644,19,2026-07-26,patients_24h_plus,0.0,0
645,19,2026-07-20,patients_48h_plus,0.0,0
646,19,2026-07-21,patients_48h_plus,0.0,0
647,19,2026-07-22,patients_48h_plus,0.0,0
648,19,2026-07-23,patients_48h_plus,0.0,0
649,19,2026-07-24,patients_48h_plus,0.0,0
650,19,2026-07-25,patients_48h_plus,0.0,0
651,19,2026-07-26,patients_48h_plus,0.0,0
652,19,2026-07-20,visites_totales_veille,101.0,0
653,19,2026-07-21,visites_totales_veille,113.0,0
654,19,2026-07-22,visites_totales_veille,106.0,0
655,19,2026-07-23,visites_totales_veille,106.0,0
656,19,2026-07-24,visites_totales_veille,109.0,0
657,19,2026-07-25,visites_totales_veille,117.0,0
658,19,2026-07-26,visites_totales_veille,89.0,0
659,19,2026-07-20,taux_occupation,20.0,0
660,19,2026-07-21,taux_occupation,20.0,0
661,19,2026-07-22,taux_occupation,20.0,0
662,19,2026-07-23,taux_occupation,0.0,0
663,19,2026-07-24,taux_occupation,20.0,0
664,19,2026-07-25,taux_occupation,40.0,0
665,19,2026-07-26,taux_occupation,20.0,0
666,20,2026-07-20,patients_sur_civiere,2.0,0
667,20,2026-07-21,patients_sur_civiere,2.0,0
668,20,2026-07-22,patients_sur_civiere,1.0,0
669,20,2026-07-23,patients_sur_civiere,1.0,0
670,20,2026-07-24,patients_sur_civiere,1.0,0
671,20,2026-07-25,patients_sur_civiere,1.0,0
672,20,2026-07-26,patients_sur_civiere,1.0,0
673,20,2026-07-20,patients_24h_plus,0.0,0
674,20,2026-07-21,patients_24h_plus,1.0,0
675,20,2026-07-22,patients_24h_plus,0.0,0
676,20,2026-07-23,patients_24h_plus,0.0,0
677,20,2026-07-24,patients_24h_plus,0.0,0
678,20,2026-07-25,patients_24h_plus,0.0,0
679,20,2026-07-26,patients_24h_plus,0.0,0
680,20,2026-07-20,patients_48h_plus,0.0,0
681,20,2026-07-21,patients_48h_plus,0.0,0
682,20,2026-07-22,patients_48h_plus,0.0,0
683,20,2026-07-23,patients_48h_plus,0.0,0
684,20,2026-07-24,patients_48h_plus,0.0,0
685,20,2026-07-25,patients_48h_plus,0.0,0
686,20,2026-07-26,patients_48h_plus,0.0,0
687,20,2026-07-20,visites_totales_veille,45.0,0
688,20,2026-07-21,visites_totales_veille,50.0,0
689,20,2026-07-22,visites_totales_veille,54.0,0
690,20,2026-07-23,visites_totales_veille,50.0,0
691,20,2026-07-24,visites_totales_veille,56.0,0
692,20,2026-07-25,visites_totales_veille,51.0,0
693,20,2026-07-26,visites_totales_veille,43.0,0
694,20,2026-07-20,taux_occupation,50.0,0
695,20,2026-07-21,taux_occupation,50.0,0
696,20,2026-07-22,taux_occupation,25.0,0
697,20,2026-07-23,taux_occupation,25.0,0
698,20,2026-07-24,taux_occupation,25.0,0
699,20,2026-07-25,taux_occupation,25.0,0
700,20,2026-07-26,taux_occupation,25.0,0
701,21,2026-07-20,patients_sur_civiere,2.0,0
702,21,2026-07-21,patients_sur_civiere,5.0,0
703,21,2026-07-22,patients_sur_civiere,6.0,0
704,21,2026-07-23,patients_sur_civiere,2.0,0
705,21,2026-07-24,patients_sur_civiere,2.0,0
706,21,2026-07-25,patients_sur_civiere,2.0,0
707,21,2026-07-26,patients_sur_civiere,2.0,0
708,21,2026-07-20,patients_24h_plus,0.0,0
709,21,2026-07-21,patients_24h_plus,0.0,0
710,21,2026-07-22,patients_24h_plus,1.0,0
711,21,2026-07-23,patients_24h_plus,0.0,0
712,21,2026-07-24,patients_24h_plus,0.0,0
713,21,2026-07-25,patients_24h_plus,0.0,0
714,21,2026-07-26,patients_24h_plus,0.0,0
715,21,2026-07-20,patients_48h_plus,0.0,0
716,21,2026-07-21,patients_48h_plus,0.0,0
717,21,2026-07-22,patients_48h_plus,0.0,0
718,21,2026-07-23,patients_48h_plus,0.0,0
719,21,2026-07-24,patients_48h_plus,0.0,0
720,21,2026-07-25,patients_48h_plus,0.0,0
721,21,2026-07-26,patients_48h_plus,0.0,0
722,21,2026-07-20,visites_totales_veille,45.0,0
723,21,2026-07-21,visites_totales_veille,47.0,0
724,21,2026-07-22,visites_totales_veille,47.0,0
725,21,2026-07-23,visites_totales_veille,38.0,0
726,21,2026-07-24,visites_totales_veille,39.0,0
727,21,2026-07-25,visites_totales_veille,44.0,0
728,21,2026-07-26,visites_totales_veille,49.0,0
729,21,2026-07-20,taux_occupation,22.0,0
730,21,2026-07-21,taux_occupation,56.0,0
731,21,2026-07-22,taux_occupation,67.0,0
732,21,2026-07-23,taux_occupation,22.0,0
733,21,2026-07-24,taux_occupation,22.0,0
734,21,2026-07-25,taux_occupation,22.0,0
735,21,2026-07-26,taux_occupation,22.0,0
736,22,2026-07-20,patients_sur_civiere,45.0,0
737,22,2026-07-21,patients_sur_civiere,46.0,0
738,22,2026-07-22,patients_sur_civiere,48.0,0
739,22,2026-07-23,patients_sur_civiere,39.0,0
740,22,2026-07-24,patients_sur_civiere,42.0,0
741,22,2026-07-25,patients_sur_civiere,37.0,0
742,22,2026-07-26,patients_sur_civiere,40.0,0
743,22,2026-07-20,patients_24h_plus,7.0,0
744,22,2026-07-21,patients_24h_plus,5.0,0
745,22,2026-07-22,patients_24h_plus,3.0,0
746,22,2026-07-23,patients_24h_plus,4.0,0
747,22,2026-07-24,patients_24h_plus,6.0,0
748,22,2026-07-25,patients_24h_plus,5.0,0
749,22,2026-07-26,patients_24h_plus,7.0,0
750,22,2026-07-20,patients_48h_plus,4.0,0
751,22,2026-07-21,patients_48h_plus,1.0,0
752,22,2026-07-22,patients_48h_plus,1.0,0
753,22,2026-07-23,patients_48h_plus,0.0,0
754,22,2026-07-24,patients_48h_plus,0.0,0
755,22,2026-07-25,patients_48h_plus,1.0,0
756,22,2026-07-26,patients_48h_plus,3.0,0
757,22,2026-07-20,visites_totales_veille,177.0,0
758,22,2026-07-21,visites_totales_veille,201.0,0
759,22,2026-07-22,visites_totales_veille,186.0,0
760,22,2026-07-23,visites_totales_veille,221.0,0
761,22,2026-07-24,visites_totales_veille,207.0,0
762,22,2026-07-25,visites_totales_veille,200.0,0
763,22,2026-07-26,visites_totales_veille,196.0,0
764,22,2026-07-20,taux_occupation,105.0,0
765,22,2026-07-21,taux_occupation,107.0,0
766,22,2026-07-22,taux_occupation,112.0,0
767,22,2026-07-23,taux_occupation,91.0,0
768,22,2026-07-24,taux_occupation,98.0,0
769,22,2026-07-25,taux_occupation,86.0,0
770,22,2026-07-26,taux_occupation,93.0,0
771,23,2026-07-20,patients_sur_civiere,41.0,0
772,23,2026-07-21,patients_sur_civiere,39.0,0
773,23,2026-07-22,patients_sur_civiere,32.0,0
774,23,2026-07-23,patients_sur_civiere,40.0,0
775,23,2026-07-24,patients_sur_civiere,31.0,0
776,23,2026-07-25,patients_sur_civiere,34.0,0
777,23,2026-07-26,patients_sur_civiere,33.0,0
778,23,2026-07-20,patients_24h_plus,2.0,0
779,23,2026-07-21,patients_24h_plus,4.0,0
780,23,2026-07-22,patients_24h_plus,2.0,0
781,23,2026-07-23,patients_24h_plus,2.0,0
782,23,2026-07-24,patients_24h_plus,6.0,0
783,23,2026-07-25,patients_24h_plus,1.0,0
784,23,2026-07-26,patients_24h_plus,4.0,0
785,23,2026-07-20,patients_48h_plus,0.0,0
786,23,2026-07-21,patients_48h_plus,0.0,0
787,23,2026-07-22,patients_48h_plus,0.0,0
788,23,2026-07-23,patients_48h_plus,0.0,0
789,23,2026-07-24,patients_48h_plus,0.0,0
790,23,2026-07-25,patients_48h_plus,0.0,0
791,23,2026-07-26,patients_48h_plus,0.0,0
792,23,2026-07-20,visites_totales_veille,121.0,0
793,23,2026-07-21,visites_totales_veille,118.0,0
794,23,2026-07-22,visites_totales_veille,125.0,0
795,23,2026-07-23,visites_totales_veille,130.0,0
796,23,2026-07-24,visites_totales_veille,126.0,0
797,23,2026-07-25,visites_totales_veille,128.0,0
798,23,2026-07-26,visites_totales_veille,106.0,0
799,23,2026-07-20,taux_occupation,121.0,0
800,23,2026-07-21,taux_occupation,115.0,0
801,23,2026-07-22,taux_occupation,94.0,0
802,23,2026-07-23,taux_occupation,118.0,0
803,23,2026-07-24,taux_occupation,91.0,0
804,23,2026-07-25,taux_occupation,100.0,0
805,23,2026-07-26,taux_occupation,97.0,0
806,24,2026-07-20,patients_sur_civiere,16.0,0
807,24,2026-07-21,patients_sur_civiere,15.0,0
808,24,2026-07-22,patients_sur_civiere,11.0,0
809,24,2026-07-23,patients_sur_civiere,16.0,0
810,24,2026-07-24,patients_sur_civiere,15.0,0
811,24,2026-07-25,patients_sur_civiere,9.0,0
812,24,2026-07-26,patients_sur_civiere,13.0,0
813,24,2026-07-20,patients_24h_plus,1.0,0
814,24,2026-07-21,patients_24h_plus,0.0,0
815,24,2026-07-22,patients_24h_plus,2.0,0
816,24,2026-07-23,patients_24h_plus,0.0,0
817,24,2026-07-24,patients_24h_plus,0.0,0
818,24,2026-07-25,patients_24h_plus,1.0,0
819,24,2026-07-26,patients_24h_plus,0.0,0
820,24,2026-07-20,patients_48h_plus,0.0,0
821,24,2026-07-21,patients_48h_plus,0.0,0
822,24,2026-07-22,patients_48h_plus,0.0,0
823,24,2026-07-23,patients_48h_plus,0.0,0
824,24,2026-07-24,patients_48h_plus,0.0,0
825,24,2026-07-25,patients_48h_plus,0.0,0
826,24,2026-07-26,patients_48h_plus,0.0,0
827,24,2026-07-20,visites_totales_veille,57.0,0
828,24,2026-07-21,visites_totales_veille,70.0,0
829,24,2026-07-22,visites_totales_veille,58.0,0
830,24,2026-07-23,visites_totales_veille,65.0,0
831,24,2026-07-24,visites_totales_veille,66.0,0
832,24,2026-07-25,visites_totales_veille,68.0,0
833,24,2026-07-26,visites_totales_veille,65.0,0
834,24,2026-07-20,taux_occupation,107.0,0
835,24,2026-07-21,taux_occupation,100.0,0
836,24,2026-07-22,taux_occupation,73.0,0
837,24,2026-07-23,taux_occupation,107.0,0
838,24,2026-07-24,taux_occupation,100.0,0
839,24,2026-07-25,taux_occupation,60.0,0
840,24,2026-07-26,taux_occupation,87.0,0
841,25,2026-07-20,patients_sur_civiere,55.0,0
842,25,2026-07-21,patients_sur_civiere,57.0,0
843,25,2026-07-22,patients_sur_civiere,57.0,0
844,25,2026-07-23,patients_sur_civiere,54.0,0
845,25,2026-07-24,patients_sur_civiere,54.0,0
846,25,2026-07-25,patients_sur_civiere,50.0,0
847,25,2026-07-26,patients_sur_civiere,54.0,0
848,25,2026-07-20,patients_24h_plus,14.0,0
849,25,2026-07-21,patients_24h_plus,9.0,0
850,25,2026-07-22,patients_24h_plus,7.0,0
851,25,2026-07-23,patients_24h_plus,7.0,0
852,25,2026-07-24,patients_24h_plus,10.0,0
853,25,2026-07-25,patients_24h_plus,7.0,0
854,25,2026-07-26,patients_24h_plus,7.0,0
855,25,2026-07-20,patients_48h_plus,6.0,0
856,25,2026-07-21,patients_48h_plus,2.0,0
857,25,2026-07-22,patients_48h_plus,1.0,0
858,25,2026-07-23,patients_48h_plus,2.0,0
859,25,2026-07-24,patients_48h_plus,4.0,0
860,25,2026-07-25,patients_48h_plus,3.0,0
861,25,2026-07-26,patients_48h_plus,2.0,0
862,25,2026-07-20,visites_totales_veille,165.0,0
863,25,2026-07-21,visites_totales_veille,202.0,0
864,25,2026-07-22,visites_totales_veille,200.0,0
865,25,2026-07-23,visites_totales_veille,199.0,0
866,25,2026-07-24,visites_totales_veille,187.0,0
867,25,2026-07-25,visites_totales_veille,184.0,0
868,25,2026-07-26,visites_totales_veille,184.0,0
869,25,2026-07-20,taux_occupation,115.0,0
870,25,2026-07-21,taux_occupation,119.0,0
871,25,2026-07-22,taux_occupation,119.0,0
872,25,2026-07-23,taux_occupation,113.0,0
873,25,2026-07-24,taux_occupation,113.0,0
874,25,2026-07-25,taux_occupation,104.0,0
875,25,2026-07-26,taux_occupation,113.0,0
876,26,2026-07-20,patients_sur_civiere,21.0,0
877,26,2026-07-21,patients_sur_civiere,15.0,0
878,26,2026-07-22,patients_sur_civiere,16.0,0
879,26,2026-07-23,patients_sur_civiere,21.0,0
880,26,2026-07-24,patients_sur_civiere,21.0,0
881,26,2026-07-25,patients_sur_civiere,20.0,0
882,26,2026-07-26,patients_sur_civiere,15.0,0
883,26,2026-07-20,patients_24h_plus,2.0,0
884,26,2026-07-21,patients_24h_plus,0.0,0
885,26,2026-07-22,patients_24h_plus,0.0,0
886,26,2026-07-23,patients_24h_plus,0.0,0
887,26,2026-07-24,patients_24h_plus,4.0,0
888,26,2026-07-25,patients_24h_plus,0.0,0
889,26,2026-07-26,patients_24h_plus,1.0,0
890,26,2026-07-20,patients_48h_plus,0.0,0
891,26,2026-07-21,patients_48h_plus,0.0,0
892,26,2026-07-22,patients_48h_plus,0.0,0
893,26,2026-07-23,patients_48h_plus,0.0,0
894,26,2026-07-24,patients_48h_plus,0.0,0
895,26,2026-07-25,patients_48h_plus,0.0,0
896,26,2026-07-26,patients_48h_plus,0.0,0
897,26,2026-07-20,visites_totales_veille,99.0,0
898,26,2026-07-21,visites_totales_veille,114.0,0
899,26,2026-07-22,visites_totales_veille,127.0,0
900,26,2026-07-23,visites_totales_veille,113.0,0
901,26,2026-07-24,visites_totales_veille,109.0,0
902,26,2026-07-25,visites_totales_veille,119.0,0
903,26,2026-07-26,visites_totales_veille,86.0,0
904,26,2026-07-20,taux_occupation,95.0,0
905,26,2026-07-21,taux_occupation,68.0,0
906,26,2026-07-22,taux_occupation,73.0,0
907,26,2026-07-23,taux_occupation,95.0,0
908,26,2026-07-24,taux_occupation,95.0,0
909,26,2026-07-25,taux_occupation,91.0,0
910,26,2026-07-26,taux_occupation,68.0,0
911,27,2026-07-20,patients_sur_civiere,20.0,0
912,27,2026-07-21,patients_sur_civiere,14.0,0
913,27,2026-07-22,patients_sur_civiere,22.0,0
914,27,2026-07-23,patients_sur_civiere,19.0,0
915,27,2026-07-24,patients_sur_civiere,17.0,0
916,27,2026-07-25,patients_sur_civiere,20.0,0
917,27,2026-07-26,patients_sur_civiere,16.0,0
918,27,2026-07-20,patients_24h_plus,0.0,0
919,27,2026-07-21,patients_24h_plus,0.0,0
920,27,2026-07-22,patients_24h_plus,1.0,0
921,27,2026-07-23,patients_24h_plus,2.0,0
922,27,2026-07-24,patients_24h_plus,2.0,0
923,27,2026-07-25,patients_24h_plus,0.0,0
924,27,2026-07-26,patients_24h_plus,0.0,0
925,27,2026-07-20,patients_48h_plus,0.0,0
926,27,2026-07-21,patients_48h_plus,0.0,0
927,27,2026-07-22,patients_48h_plus,0.0,0
928,27,2026-07-23,patients_48h_plus,0.0,0
929,27,2026-07-24,patients_48h_plus,0.0,0
930,27,2026-07-25,patients_48h_plus,0.0,0
931,27,2026-07-26,patients_48h_plus,0.0,0
932,27,2026-07-20,visites_totales_veille,90.0,0
933,27,2026-07-21,visites_totales_veille,103.0,0
934,27,2026-07-22,visites_totales_veille,105.0,0
935,27,2026-07-23,visites_totales_veille,86.0,0
936,27,2026-07-24,visites_totales_veille,102.0,0
937,27,2026-07-25,visites_totales_veille,87.0,0
938,27,2026-07-26,visites_totales_veille,69.0,0
939,27,2026-07-20,taux_occupation,100.0,0
940,27,2026-07-21,taux_occupation,70.0,0
941,27,2026-07-22,taux_occupation,110.0,0
942,27,2026-07-23,taux_occupation,95.0,0
943,27,2026-07-24,taux_occupation,85.0,0
944,27,2026-07-25,taux_occupation,100.0,0
945,27,2026-07-26,taux_occupation,80.0,0
946,28,2026-07-20,patients_sur_civiere,208.0,1
947,28,2026-07-21,patients_sur_civiere,199.0,1
948,28,2026-07-22,patients_sur_civiere,202.0,1
949,28,2026-07-23,patients_sur_civiere,202.0,1
950,28,2026-07-24,patients_sur_civiere,187.0,1
951,28,2026-07-25,patients_sur_civiere,179.0,1
952,28,2026-07-26,patients_sur_civiere,181.0,1
953,28,2026-07-20,patients_24h_plus,26.0,1
954,28,2026-07-21,patients_24h_plus,19.0,1
955,28,2026-07-22,patients_24h_plus,16.0,1
956,28,2026-07-23,patients_24h_plus,15.0,1
957,28,2026-07-24,patients_24h_plus,28.0,1
958,28,2026-07-25,patients_24h_plus,14.0,1
959,28,2026-07-26,patients_24h_plus,19.0,1
960,28,2026-07-20,patients_48h_plus,10.0,1
961,28,2026-07-21,patients_48h_plus,3.0,1
962,28,2026-07-22,patients_48h_plus,2.0,1
963,28,2026-07-23,patients_48h_plus,2.0,1
964,28,2026-07-24,patients_48h_plus,4.0,1
965,28,2026-07-25,patients_48h_plus,4.0,1
966,28,2026-07-26,patients_48h_plus,5.0,1
967,28,2026-07-20,visites_totales_veille,1005.0,1
968,28,2026-07-21,visites_totales_veille,1127.0,1
969,28,2026-07-22,visites_totales_veille,1111.0,1
970,28,2026-07-23,visites_totales_veille,1102.0,1
971,28,2026-07-24,visites_totales_veille,1106.0,1
972,28,2026-07-25,visites_totales_veille,1112.0,1
973,28,2026-07-26,visites_totales_veille,986.0,1
974,28,2026-07-20,taux_occupation,99.0,1
975,28,2026-07-21,taux_occupation,95.0,1
976,28,2026-07-22,taux_occupation,96.0,1
977,28,2026-07-23,taux_occupation,96.0,1
978,28,2026-07-24,taux_occupation,89.0,1
979,28,2026-07-25,taux_occupation,85.0,1
980,28,2026-07-26,taux_occupation,86.0,1
981,29,2026-07-20,patients_sur_civiere,30.0,0
982,29,2026-07-21,patients_sur_civiere,34.0,0
983,29,2026-07-22,patients_sur_civiere,24.0,0
984,29,2026-07-23,patients_sur_civiere,26.0,0
985,29,2026-07-24,patients_sur_civiere,30.0,0
986,29,2026-07-25,patients_sur_civiere,32.0,0
987,29,2026-07-26,patients_sur_civiere,30.0,0
988,29,2026-07-20,patients_24h_plus,2.0,0
989,29,2026-07-21,patients_24h_plus,1.0,0
990,29,2026-07-22,patients_24h_plus,2.0,0
991,29,2026-07-23,patients_24h_plus,0.0,0
992,29,2026-07-24,patients_24h_plus,0.0,0
993,29,2026-07-25,patients_24h_plus,1.0,0
994,29,2026-07-26,patients_24h_plus,6.0,0
995,29,2026-07-20,patients_48h_plus,0.0,0
996,29,2026-07-21,patients_48h_plus,0.0,0
997,29,2026-07-22,patients_48h_plus,0.0,0
998,29,2026-07-23,patients_48h_plus,0.0,0
999,29,2026-07-24,patients_48h_plus,0.0,0
1000,29,2026-07-25,patients_48h_plus,0.0,0
1001,29,2026-07-26,patients_48h_plus,0.0,0
1002,29,2026-07-20,visites_totales_veille,123.0,0
1003,29,2026-07-21,visites_totales_veille,164.0,0
1004,29,2026-07-22,visites_totales_veille,130.0,0
1005,29,2026-07-23,visites_totales_veille,138.0,0
1006,29,2026-07-24,visites_totales_veille,123.0,0
1007,29,2026-07-25,visites_totales_veille,160.0,0
1008,29,2026-07-26,visites_totales_veille,117.0,0
1009,29,2026-07-20,taux_occupation,83.0,0
1010,29,2026-07-21,taux_occupation,94.0,0
1011,29,2026-07-22,taux_occupation,67.0,0
1012,29,2026-07-23,taux_occupation,72.0,0
1013,29,2026-07-24,taux_occupation,83.0,0
1014,29,2026-07-25,taux_occupation,89.0,0
1015,29,2026-07-26,taux_occupation,83.0,0
1016,30,2026-07-20,patients_sur_civiere,21.0,0
1017,30,2026-07-21,patients_sur_civiere,15.0,0
1018,30,2026-07-22,patients_sur_civiere,19.0,0
1019,30,2026-07-23,patients_sur_civiere,17.0,0
1020,30,2026-07-24,patients_sur_civiere,20.0,0
1021,30,2026-07-25,patients_sur_civiere,17.0,0
1022,30,2026-07-26,patients_sur_civiere,19.0,0
1023,30,2026-07-20,patients_24h_plus,2.0,0
1024,30,2026-07-21,patients_24h_plus,4.0,0
1025,30,2026-07-22,patients_24h_plus,5.0,0
1026,30,2026-07-23,patients_24h_plus,4.0,0
1027,30,2026-07-24,patients_24h_plus,2.0,0
1028,30,2026-07-25,patients_24h_plus,6.0,0
1029,30,2026-07-26,patients_24h_plus,2.0,0
1030,30,2026-07-20,patients_48h_plus,0.0,0
1031,30,2026-07-21,patients_48h_plus,0.0,0
1032,30,2026-07-22,patients_48h_plus,0.0,0
1033,30,2026-07-23,patients_48h_plus,0.0,0
1034,30,2026-07-24,patients_48h_plus,0.0,0
1035,30,2026-07-25,patients_48h_plus,0.0,0
1036,30,2026-07-26,patients_48h_plus,0.0,0
1037,30,2026-07-20,visites_totales_veille,103.0,0
1038,30,2026-07-21,visites_totales_veille,88.0,0
1039,30,2026-07-22,visites_totales_veille,90.0,0
1040,30,2026-07-23,visites_totales_veille,79.0,0
1041,30,2026-07-24,visites_totales_veille,91.0,0
1042,30,2026-07-25,visites_totales_veille,88.0,0
1043,30,2026-07-26,visites_totales_veille,90.0,0
1044,30,2026-07-20,taux_occupation,131.0,0
1045,30,2026-07-21,taux_occupation,94.0,0
1046,30,2026-07-22,taux_occupation,119.0,0
1047,30,2026-07-23,taux_occupation,106.0,0
1048,30,2026-07-24,taux_occupation,125.0,0
1049,30,2026-07-25,taux_occupation,106.0,0
1050,30,2026-07-26,taux_occupation,119.0,0
1051,31,2026-07-20,patients_sur_civiere,50.0,0
1052,31,2026-07-21,patients_sur_civiere,52.0,0
1053,31,2026-07-22,patients_sur_civiere,57.0,0
1054,31,2026-07-23,patients_sur_civiere,40.0,0
1055,31,2026-07-24,patients_sur_civiere,40.0,0
1056,31,2026-07-25,patients_sur_civiere,41.0,0
1057,31,2026-07-26,patients_sur_civiere,56.0,0
1058,31,2026-07-20,patients_24h_plus,22.0,0
1059,31,2026-07-21,patients_24h_plus,17.0,0
1060,31,2026-07-22,patients_24h_plus,18.0,0
1061,31,2026-07-23,patients_24h_plus,11.0,0
1062,31,2026-07-24,patients_24h_plus,10.0,0
1063,31,2026-07-25,patients_24h_plus,7.0,0
1064,31,2026-07-26,patients_24h_plus,10.0,0
1065,31,2026-07-20,patients_48h_plus,15.0,0
1066,31,2026-07-21,patients_48h_plus,8.0,0
1067,31,2026-07-22,patients_48h_plus,8.0,0
1068,31,2026-07-23,patients_48h_plus,7.0,0
1069,31,2026-07-24,patients_48h_plus,5.0,0
1070,31,2026-07-25,patients_48h_plus,4.0,0
1071,31,2026-07-26,patients_48h_plus,6.0,0
1072,31,2026-07-20,visites_totales_veille,114.0,0
1073,31,2026-07-21,visites_totales_veille,151.0,0
1074,31,2026-07-22,visites_totales_veille,148.0,0
1075,31,2026-07-23,visites_totales_veille,122.0,0
1076,31,2026-07-24,visites_totales_veille,138.0,0
1077,31,2026-07-25,visites_totales_veille,126.0,0
1078,31,2026-07-26,visites_totales_veille,140.0,0
1079,31,2026-07-20,taux_occupation,114.0,0
1080,31,2026-07-21,taux_occupation,118.0,0
1081,31,2026-07-22,taux_occupation,130.0,0
1082,31,2026-07-23,taux_occupation,91.0,0
1083,31,2026-07-24,taux_occupation,91.0,0
1084,31,2026-07-25,taux_occupation,93.0,0
1085,31,2026-07-26,taux_occupation,127.0,0
1086,32,2026-07-20,patients_sur_civiere,31.0,0
1087,32,2026-07-21,patients_sur_civiere,26.0,0
1088,32,2026-07-22,patients_sur_civiere,28.0,0
1089,32,2026-07-23,patients_sur_civiere,24.0,0
1090,32,2026-07-24,patients_sur_civiere,23.0,0
1091,32,2026-07-25,patients_sur_civiere,26.0,0
1092,32,2026-07-26,patients_sur_civiere,29.0,0
1093,32,2026-07-20,patients_24h_plus,8.0,0
1094,32,2026-07-21,patients_24h_plus,8.0,0
1095,32,2026-07-22,patients_24h_plus,6.0,0
1096,32,2026-07-23,patients_24h_plus,4.0,0
1097,32,2026-07-24,patients_24h_plus,4.0,0
1098,32,2026-07-25,patients_24h_plus,8.0,0
1099,32,2026-07-26,patients_24h_plus,9.0,0
1100,32,2026-07-20,patients_48h_plus,1.0,0
1101,32,2026-07-21,patients_48h_plus,0.0,0
1102,32,2026-07-22,patients_48h_plus,0.0,0
1103,32,2026-07-23,patients_48h_plus,0.0,0
1104,32,2026-07-24,patients_48h_plus,0.0,0
1105,32,2026-07-25,patients_48h_plus,1.0,0
1106,32,2026-07-26,patients_48h_plus,4.0,0
1107,32,2026-07-20,visites_totales_veille,105.0,0
1108,32,2026-07-21,visites_totales_veille,117.0,0
1109,32,2026-07-22,visites_totales_veille,123.0,0
1110,32,2026-07-23,visites_totales_veille,116.0,0
1111,32,2026-07-24,visites_totales_veille,97.0,0
1112,32,2026-07-25,visites_totales_veille,121.0,0
1113,32,2026-07-26,visites_totales_veille,110.0,0
1114,32,2026-07-20,taux_occupation,155.0,0
1115,32,2026-07-21,taux_occupation,130.0,0
1116,32,2026-07-22,taux_occupation,140.0,0
1117,32,2026-07-23,taux_occupation,120.0,0
1118,32,2026-07-24,taux_occupation,115.0,0
1119,32,2026-07-25,taux_occupation,130.0,0
1120,32,2026-07-26,taux_occupation,145.0,0
1121,33,2026-07-20,patients_sur_civiere,7.0,0
1122,33,2026-07-21,patients_sur_civiere,7.0,0
1123,33,2026-07-22,patients_sur_civiere,9.0,0
1124,33,2026-07-23,patients_sur_civiere,9.0,0
1125,33,2026-07-24,patients_sur_civiere,5.0,0
1126,33,2026-07-25,patients_sur_civiere,8.0,0
1127,33,2026-07-26,patients_sur_civiere,8.0,0
1128,33,2026-07-20,patients_24h_plus,2.0,0
1129,33,2026-07-21,patients_24h_plus,0.0,0
1130,33,2026-07-22,patients_24h_plus,2.0,0
1131,33,2026-07-23,patients_24h_plus,1.0,0
1132,33,2026-07-24,patients_24h_plus,0.0,0
1133,33,2026-07-25,patients_24h_plus,1.0,0
1134,33,2026-07-26,patients_24h_plus,0.0,0
1135,33,2026-07-20,patients_48h_plus,1.0,0
1136,33,2026-07-21,patients_48h_plus,0.0,0
1137,33,2026-07-22,patients_48h_plus,0.0,0
1138,33,2026-07-23,patients_48h_plus,0.0,0
1139,33,2026-07-24,patients_48h_plus,0.0,0
1140,33,2026-07-25,patients_48h_plus,0.0,0
1141,33,2026-07-26,patients_48h_plus,0.0,0
1142,33,2026-07-20,visites_totales_veille,60.0,0
1143,33,2026-07-21,visites_totales_veille,69.0,0
1144,33,2026-07-22,visites_totales_veille,56.0,0
1145,33,2026-07-23,visites_totales_veille,65.0,0
1146,33,2026-07-24,visites_totales_veille,62.0,0
1147,33,2026-07-25,visites_totales_veille,60.0,0
1148,33,2026-07-26,visites_totales_veille,66.0,0
1149,33,2026-07-20,taux_occupation,64.0,0
1150,33,2026-07-21,taux_occupation,64.0,0
1151,33,2026-07-22,taux_occupation,82.0,0
1152,33,2026-07-23,taux_occupation,82.0,0
1153,33,2026-07-24,taux_occupation,45.0,0
1154,33,2026-07-25,taux_occupation,73.0,0
1155,33,2026-07-26,taux_occupation,73.0,0
1156,34,2026-07-20,patients_sur_civiere,1.0,0
1157,34,2026-07-21,patients_sur_civiere,3.0,0
1158,34,2026-07-22,patients_sur_civiere,2.0,0
1159,34,2026-07-23,patients_sur_civiere,1.0,0
1160,34,2026-07-24,patients_sur_civiere,2.0,0
1161,34,2026-07-25,patients_sur_civiere,2.0,0
1162,34,2026-07-26,patients_sur_civiere,0.0,0
1163,34,2026-07-20,patients_24h_plus,0.0,0
1164,34,2026-07-21,patients_24h_plus,0.0,0
1165,34,2026-07-22,patients_24h_plus,0.0,0
1166,34,2026-07-23,patients_24h_plus,0.0,0
1167,34,2026-07-24,patients_24h_plus,0.0,0
1168,34,2026-07-25,patients_24h_plus,0.0,0
1169,34,2026-07-26,patients_24h_plus,0.0,0
1170,34,2026-07-20,patients_48h_plus,0.0,0
1171,34,2026-07-21,patients_48h_plus,0.0,0
1172,34,2026-07-22,patients_48h_plus,0.0,0
1173,34,2026-07-23,patients_48h_plus,0.0,0
1174,34,2026-07-24,patients_48h_plus,0.0,0
1175,34,2026-07-25,patients_48h_plus,0.0,0
1176,34,2026-07-26,patients_48h_plus,0.0,0
1177,34,2026-07-20,visites_totales_veille,52.0,0
1178,34,2026-07-21,visites_totales_veille,65.0,0
1179,34,2026-07-22,visites_totales_veille,71.0,0
1180,34,2026-07-23,visites_totales_veille,54.0,0
1181,34,2026-07-24,visites_totales_veille,53.0,0
1182,34,2026-07-25,visites_totales_veille,67.0,0
1183,34,2026-07-26,visites_totales_veille,64.0,0
1184,34,2026-07-20,taux_occupation,17.0,0
1185,34,2026-07-21,taux_occupation,50.0,0
1186,34,2026-07-22,taux_occupation,33.0,0
1187,34,2026-07-23,taux_occupation,17.0,0
1188,34,2026-07-24,taux_occupation,33.0,0
1189,34,2026-07-25,taux_occupation,33.0,0
1190,34,2026-07-26,taux_occupation,0.0,0
1191,35,2026-07-20,patients_sur_civiere,1.0,0
1192,35,2026-07-21,patients_sur_civiere,3.0,0
1193,35,2026-07-22,patients_sur_civiere,4.0,0
1194,35,2026-07-23,patients_sur_civiere,4.0,0
1195,35,2026-07-24,patients_sur_civiere,3.0,0
1196,35,2026-07-25,patients_sur_civiere,3.0,0
1197,35,2026-07-26,patients_sur_civiere,2.0,0
1198,35,2026-07-20,patients_24h_plus,0.0,0
1199,35,2026-07-21,patients_24h_plus,0.0,0
1200,35,2026-07-22,patients_24h_plus,0.0,0
1201,35,2026-07-23,patients_24h_plus,1.0,0
1202,35,2026-07-24,patients_24h_plus,1.0,0
1203,35,2026-07-25,patients_24h_plus,0.0,0
1204,35,2026-07-26,patients_24h_plus,0.0,0
1205,35,2026-07-20,patients_48h_plus,0.0,0
1206,35,2026-07-21,patients_48h_plus,0.0,0
1207,35,2026-07-22,patients_48h_plus,0.0,0
1208,35,2026-07-23,patients_48h_plus,0.0,0
1209,35,2026-07-24,patients_48h_plus,1.0,0
1210,35,2026-07-25,patients_48h_plus,0.0,0
1211,35,2026-07-26,patients_48h_plus,0.0,0
1212,35,2026-07-20,visites_totales_veille,34.0,0
1213,35,2026-07-21,visites_totales_veille,48.0,0
1214,35,2026-07-22,visites_totales_veille,60.0,0
1215,35,2026-07-23,visites_totales_veille,43.0,0
1216,35,2026-07-24,visites_totales_veille,39.0,0
1217,35,2026-07-25,visites_totales_veille,54.0,0
1218,35,2026-07-26,visites_totales_veille,43.0,0
1219,35,2026-07-20,taux_occupation,20.0,0
1220,35,2026-07-21,taux_occupation,60.0,0
1221,35,2026-07-22,taux_occupation,80.0,0
1222,35,2026-07-23,taux_occupation,80.0,0
1223,35,2026-07-24,taux_occupation,60.0,0
1224,35,2026-07-25,taux_occupation,60.0,0
1225,35,2026-07-26,taux_occupation,40.0,0
1226,36,2026-07-20,patients_sur_civiere,0.0,0
1227,36,2026-07-21,patients_sur_civiere,2.0,0
1228,36,2026-07-22,patients_sur_civiere,1.0,0
1229,36,2026-07-23,patients_sur_civiere,0.0,0
1230,36,2026-07-24,patients_sur_civiere,0.0,0
1231,36,2026-07-25,patients_sur_civiere,1.0,0
1232,36,2026-07-26,patients_sur_civiere,1.0,0
1233,36,2026-07-20,patients_24h_plus,0.0,0
1234,36,2026-07-21,patients_24h_plus,0.0,0
1235,36,2026-07-22,patients_24h_plus,0.0,0
1236,36,2026-07-23,patients_24h_plus,0.0,0
1237,36,2026-07-24,patients_24h_plus,0.0,0
1238,36,2026-07-25,patients_24h_plus,0.0,0
1239,36,2026-07-26,patients_24h_plus,0.0,0
1240,36,2026-07-20,patients_48h_plus,0.0,0
1241,36,2026-07-21,patients_48h_plus,0.0,0
1242,36,2026-07-22,patients_48h_plus,0.0,0
1243,36,2026-07-23,patients_48h_plus,0.0,0
1244,36,2026-07-24,patients_48h_plus,0.0,0
1245,36,2026-07-25,patients_48h_plus,0.0,0
1246,36,2026-07-26,patients_48h_plus,0.0,0
1247,36,2026-07-20,visites_totales_veille,44.0,0
1248,36,2026-07-21,visites_totales_veille,47.0,0
1249,36,2026-07-22,visites_totales_veille,39.0,0
1250,36,2026-07-23,visites_totales_veille,36.0,0
1251,36,2026-07-24,visites_totales_veille,46.0,0
1252,36,2026-07-25,visites_totales_veille,42.0,0
1253,36,2026-07-26,visites_totales_veille,40.0,0
1254,36,2026-07-20,taux_occupation,0.0,0
1255,36,2026-07-21,taux_occupation,29.0,0
1256,36,2026-07-22,taux_occupation,14.0,0
1257,36,2026-07-23,taux_occupation,0.0,0
1258,36,2026-07-24,taux_occupation,0.0,0
1259,36,2026-07-25,taux_occupation,14.0,0
1260,36,2026-07-26,taux_occupation,14.0,0
1261,37,2026-07-20,patients_sur_civiere,141.0,1
1262,37,2026-07-21,patients_sur_civiere,142.0,1
1263,37,2026-07-22,patients_sur_civiere,144.0,1
1264,37,2026-07-23,patients_sur_civiere,121.0,1
1265,37,2026-07-24,patients_sur_civiere,123.0,1
1266,37,2026-07-25,patients_sur_civiere,130.0,1
1267,37,2026-07-26,patients_sur_civiere,145.0,1
1268,37,2026-07-20,patients_24h_plus,36.0,1
1269,37,2026-07-21,patients_24h_plus,30.0,1
1270,37,2026-07-22,patients_24h_plus,33.0,1
1271,37,2026-07-23,patients_24h_plus,21.0,1
1272,37,2026-07-24,patients_24h_plus,17.0,1
1273,37,2026-07-25,patients_24h_plus,23.0,1
1274,37,2026-07-26,patients_24h_plus,27.0,1
1275,37,2026-07-20,patients_48h_plus,17.0,1
1276,37,2026-07-21,patients_48h_plus,8.0,1
1277,37,2026-07-22,patients_48h_plus,8.0,1
1278,37,2026-07-23,patients_48h_plus,7.0,1
1279,37,2026-07-24,patients_48h_plus,6.0,1
1280,37,2026-07-25,patients_48h_plus,5.0,1
1281,37,2026-07-26,patients_48h_plus,10.0,1
1282,37,2026-07-20,visites_totales_veille,635.0,1
1283,37,2026-07-21,visites_totales_veille,749.0,1
1284,37,2026-07-22,visites_totales_veille,717.0,1
1285,37,2026-07-23,visites_totales_veille,653.0,1
1286,37,2026-07-24,visites_totales_veille,649.0,1
1287,37,2026-07-25,visites_totales_veille,718.0,1
1288,37,2026-07-26,visites_totales_veille,670.0,1
1289,37,2026-07-20,taux_occupation,97.0,1
1290,37,2026-07-21,taux_occupation,98.0,1
1291,37,2026-07-22,taux_occupation,99.0,1
1292,37,2026-07-23,taux_occupation,83.0,1
1293,37,2026-07-24,taux_occupation,85.0,1
1294,37,2026-07-25,taux_occupation,90.0,1
1295,37,2026-07-26,taux_occupation,100.0,1
1296,38,2026-07-20,patients_sur_civiere,60.0,0
1297,38,2026-07-21,patients_sur_civiere,70.0,0
1298,38,2026-07-22,patients_sur_civiere,70.0,0
1299,38,2026-07-23,patients_sur_civiere,83.0,0
1300,38,2026-07-24,patients_sur_civiere,78.0,0
1301,38,2026-07-25,patients_sur_civiere,60.0,0
1302,38,2026-07-26,patients_sur_civiere,62.0,0
1303,38,2026-07-20,patients_24h_plus,20.0,0
1304,38,2026-07-21,patients_24h_plus,28.0,0
1305,38,2026-07-22,patients_24h_plus,23.0,0
1306,38,2026-07-23,patients_24h_plus,26.0,0
1307,38,2026-07-24,patients_24h_plus,27.0,0
1308,38,2026-07-25,patients_24h_plus,14.0,0
1309,38,2026-07-26,patients_24h_plus,25.0,0
1310,38,2026-07-20,patients_48h_plus,5.0,0
1311,38,2026-07-21,patients_48h_plus,4.0,0
1312,38,2026-07-22,patients_48h_plus,4.0,0
1313,38,2026-07-23,patients_48h_plus,5.0,0
1314,38,2026-07-24,patients_48h_plus,4.0,0
1315,38,2026-07-25,patients_48h_plus,0.0,0
1316,38,2026-07-26,patients_48h_plus,4.0,0
1317,38,2026-07-20,visites_totales_veille,149.0,0
1318,38,2026-07-21,visites_totales_veille,234.0,0
1319,38,2026-07-22,visites_totales_veille,225.0,0
1320,38,2026-07-23,visites_totales_veille,206.0,0
1321,38,2026-07-24,visites_totales_veille,194.0,0
1322,38,2026-07-25,visites_totales_veille,197.0,0
1323,38,2026-07-26,visites_totales_veille,162.0,0
1324,38,2026-07-20,taux_occupation,111.0,0
1325,38,2026-07-21,taux_occupation,130.0,0
1326,38,2026-07-22,taux_occupation,130.0,0
1327,38,2026-07-23,taux_occupation,154.0,0
1328,38,2026-07-24,taux_occupation,144.0,0
1329,38,2026-07-25,taux_occupation,111.0,0
1330,38,2026-07-26,taux_occupation,115.0,0
1331,39,2026-07-20,patients_sur_civiere,56.0,0
1332,39,2026-07-21,patients_sur_civiere,63.0,0
1333,39,2026-07-22,patients_sur_civiere,84.0,0
1334,39,2026-07-23,patients_sur_civiere,73.0,0
1335,39,2026-07-24,patients_sur_civiere,76.0,0
1336,39,2026-07-25,patients_sur_civiere,62.0,0
1337,39,2026-07-26,patients_sur_civiere,61.0,0
1338,39,2026-07-20,patients_24h_plus,11.0,0
1339,39,2026-07-21,patients_24h_plus,14.0,0
1340,39,2026-07-22,patients_24h_plus,10.0,0
1341,39,2026-07-23,patients_24h_plus,13.0,0
1342,39,2026-07-24,patients_24h_plus,15.0,0
1343,39,2026-07-25,patients_24h_plus,10.0,0
1344,39,2026-07-26,patients_24h_plus,13.0,0
1345,39,2026-07-20,patients_48h_plus,4.0,0
1346,39,2026-07-21,patients_48h_plus,2.0,0
1347,39,2026-07-22,patients_48h_plus,1.0,0
1348,39,2026-07-23,patients_48h_plus,2.0,0
1349,39,2026-07-24,patients_48h_plus,1.0,0
1350,39,2026-07-25,patients_48h_plus,2.0,0
1351,39,2026-07-26,patients_48h_plus,5.0,0
1352,39,2026-07-20,visites_totales_veille,202.0,0
1353,39,2026-07-21,visites_totales_veille,245.0,0
1354,39,2026-07-22,visites_totales_veille,233.0,0
1355,39,2026-07-23,visites_totales_veille,248.0,0
1356,39,2026-07-24,visites_totales_veille,246.0,0
1357,39,2026-07-25,visites_totales_veille,224.0,0
1358,39,2026-07-26,visites_totales_veille,204.0,0
1359,39,2026-07-20,taux_occupation,110.0,0
1360,39,2026-07-21,taux_occupation,124.0,0
1361,39,2026-07-22,taux_occupation,165.0,0
1362,39,2026-07-23,taux_occupation,143.0,0
1363,39,2026-07-24,taux_occupation,149.0,0
1364,39,2026-07-25,taux_occupation,122.0,0
1365,39,2026-07-26,taux_occupation,120.0,0
1366,40,2026-07-20,patients_sur_civiere,65.0,0
1367,40,2026-07-21,patients_sur_civiere,65.0,0
1368,40,2026-07-22,patients_sur_civiere,81.0,0
1369,40,2026-07-23,patients_sur_civiere,74.0,0
1370,40,2026-07-24,patients_sur_civiere,56.0,0
1371,40,2026-07-25,patients_sur_civiere,63.0,0
1372,40,2026-07-26,patients_sur_civiere,68.0,0
1373,40,2026-07-20,patients_24h_plus,33.0,0
1374,40,2026-07-21,patients_24h_plus,36.0,0
1375,40,2026-07-22,patients_24h_plus,40.0,0
1376,40,2026-07-23,patients_24h_plus,42.0,0
1377,40,2026-07-24,patients_24h_plus,24.0,0
1378,40,2026-07-25,patients_24h_plus,25.0,0
1379,40,2026-07-26,patients_24h_plus,32.0,0
1380,40,2026-07-20,patients_48h_plus,18.0,0
1381,40,2026-07-21,patients_48h_plus,14.0,0
1382,40,2026-07-22,patients_48h_plus,22.0,0
1383,40,2026-07-23,patients_48h_plus,17.0,0
1384,40,2026-07-24,patients_48h_plus,13.0,0
1385,40,2026-07-25,patients_48h_plus,13.0,0
1386,40,2026-07-26,patients_48h_plus,18.0,0
1387,40,2026-07-20,visites_totales_veille,130.0,0
1388,40,2026-07-21,visites_totales_veille,150.0,0
1389,40,2026-07-22,visites_totales_veille,177.0,0
1390,40,2026-07-23,visites_totales_veille,147.0,0
1391,40,2026-07-24,visites_totales_veille,137.0,0
1392,40,2026-07-25,visites_totales_veille,148.0,0
1393,40,2026-07-26,visites_totales_veille,143.0,0
1394,40,2026-07-20,taux_occupation,197.0,0
1395,40,2026-07-21,taux_occupation,197.0,0
1396,40,2026-07-22,taux_occupation,245.0,0
1397,40,2026-07-23,taux_occupation,224.0,0
1398,40,2026-07-24,taux_occupation,170.0,0
1399,40,2026-07-25,taux_occupation,191.0,0
1400,40,2026-07-26,taux_occupation,206.0,0
1401,41,2026-07-20,patients_sur_civiere,22.0,0
1402,41,2026-07-21,patients_sur_civiere,12.0,0
1403,41,2026-07-22,patients_sur_civiere,12.0,0
1404,41,2026-07-23,patients_sur_civiere,10.0,0
1405,41,2026-07-24,patients_sur_civiere,14.0,0
1406,41,2026-07-25,patients_sur_civiere,13.0,0
1407,41,2026-07-26,patients_sur_civiere,9.0,0
1408,41,2026-07-20,patients_24h_plus,0.0,0
1409,41,2026-07-21,patients_24h_plus,0.0,0
1410,41,2026-07-22,patients_24h_plus,0.0,0
1411,41,2026-07-23,patients_24h_plus,0.0,0
1412,41,2026-07-24,patients_24h_plus,0.0,0
1413,41,2026-07-25,patients_24h_plus,0.0,0
1414,41,2026-07-26,patients_24h_plus,0.0,0
1415,41,2026-07-20,patients_48h_plus,0.0,0
1416,41,2026-07-21,patients_48h_plus,0.0,0
1417,41,2026-07-22,patients_48h_plus,0.0,0
1418,41,2026-07-23,patients_48h_plus,0.0,0
1419,41,2026-07-24,patients_48h_plus,0.0,0
1420,41,2026-07-25,patients_48h_plus,0.0,0
1421,41,2026-07-26,patients_48h_plus,0.0,0
1422,41,2026-07-20,visites_totales_veille,173.0,0
1423,41,2026-07-21,visites_totales_veille,192.0,0
1424,41,2026-07-22,visites_totales_veille,167.0,0
1425,41,2026-07-23,visites_totales_veille,155.0,0
1426,41,2026-07-24,visites_totales_veille,143.0,0
1427,41,2026-07-25,visites_totales_veille,148.0,0
1428,41,2026-07-26,visites_totales_veille,133.0,0
1429,41,2026-07-20,taux_occupation,183.0,0
1430,41,2026-07-21,taux_occupation,100.0,0
1431,41,2026-07-22,taux_occupation,100.0,0
1432,41,2026-07-23,taux_occupation,83.0,0
1433,41,2026-07-24,taux_occupation,117.0,0
1434,41,2026-07-25,taux_occupation,108.0,0
1435,41,2026-07-26,taux_occupation,75.0,0
1436,42,2026-07-20,patients_sur_civiere,15.0,0
1437,42,2026-07-21,patients_sur_civiere,21.0,0
1438,42,2026-07-22,patients_sur_civiere,17.0,0
1439,42,2026-07-23,patients_sur_civiere,17.0,0
1440,42,2026-07-24,patients_sur_civiere,16.0,0
1441,42,2026-07-25,patients_sur_civiere,15.0,0
1442,42,2026-07-26,patients_sur_civiere,14.0,0
1443,42,2026-07-20,patients_24h_plus,3.0,0
1444,42,2026-07-21,patients_24h_plus,10.0,0
1445,42,2026-07-22,patients_24h_plus,8.0,0
1446,42,2026-07-23,patients_24h_plus,11.0,0
1447,42,2026-07-24,patients_24h_plus,8.0,0
1448,42,2026-07-25,patients_24h_plus,7.0,0
1449,42,2026-07-26,patients_24h_plus,6.0,0
1450,42,2026-07-20,patients_48h_plus,1.0,0
1451,42,2026-07-21,patients_48h_plus,1.0,0
1452,42,2026-07-22,patients_48h_plus,1.0,0
1453,42,2026-07-23,patients_48h_plus,5.0,0
1454,42,2026-07-24,patients_48h_plus,5.0,0
1455,42,2026-07-25,patients_48h_plus,4.0,0
1456,42,2026-07-26,patients_48h_plus,2.0,0
1457,42,2026-07-20,visites_totales_veille,64.0,0
1458,42,2026-07-21,visites_totales_veille,69.0,0
1459,42,2026-07-22,visites_totales_veille,69.0,0
1460,42,2026-07-23,visites_totales_veille,57.0,0
1461,42,2026-07-24,visites_totales_veille,66.0,0
1462,42,2026-07-25,visites_totales_veille,61.0,0
1463,42,2026-07-26,visites_totales_veille,51.0,0
1464,42,2026-07-20,taux_occupation,107.0,0
1465,42,2026-07-21,taux_occupation,150.0,0
1466,42,2026-07-22,taux_occupation,121.0,0
1467,42,2026-07-23,taux_occupation,121.0,0
1468,42,2026-07-24,taux_occupation,114.0,0
1469,42,2026-07-25,taux_occupation,107.0,0
1470,42,2026-07-26,taux_occupation,100.0,0
1471,43,2026-07-20,patients_sur_civiere,32.0,0
1472,43,2026-07-21,patients_sur_civiere,28.0,0
1473,43,2026-07-22,patients_sur_civiere,31.0,0
1474,43,2026-07-23,patients_sur_civiere,28.0,0
1475,43,2026-07-24,patients_sur_civiere,22.0,0
1476,43,2026-07-25,patients_sur_civiere,24.0,0
1477,43,2026-07-26,patients_sur_civiere,21.0,0
1478,43,2026-07-20,patients_24h_plus,4.0,0
1479,43,2026-07-21,patients_24h_plus,6.0,0
1480,43,2026-07-22,patients_24h_plus,5.0,0
1481,43,2026-07-23,patients_24h_plus,3.0,0
1482,43,2026-07-24,patients_24h_plus,1.0,0
1483,43,2026-07-25,patients_24h_plus,0.0,0
1484,43,2026-07-26,patients_24h_plus,1.0,0
1485,43,2026-07-20,patients_48h_plus,0.0,0
1486,43,2026-07-21,patients_48h_plus,0.0,0
1487,43,2026-07-22,patients_48h_plus,0.0,0
1488,43,2026-07-23,patients_48h_plus,0.0,0
1489,43,2026-07-24,patients_48h_plus,0.0,0
1490,43,2026-07-25,patients_48h_plus,0.0,0
1491,43,2026-07-26,patients_48h_plus,0.0,0
1492,43,2026-07-20,visites_totales_veille,105.0,0
1493,43,2026-07-21,visites_totales_veille,150.0,0
1494,43,2026-07-22,visites_totales_veille,139.0,0
1495,43,2026-07-23,visites_totales_veille,123.0,0
1496,43,2026-07-24,visites_totales_veille,118.0,0
1497,43,2026-07-25,visites_totales_veille,142.0,0
1498,43,2026-07-26,visites_totales_veille,119.0,0
1499,43,2026-07-20,taux_occupation,123.0,0
1500,43,2026-07-21,taux_occupation,108.0,0
1501,43,2026-07-22,taux_occupation,119.0,0
1502,43,2026-07-23,taux_occupation,108.0,0
1503,43,2026-07-24,taux_occupation,85.0,0
1504,43,2026-07-25,taux_occupation,92.0,0
1505,43,2026-07-26,taux_occupation,81.0,0
1506,44,2026-07-20,patients_sur_civiere,41.0,0
1507,44,2026-07-21,patients_sur_civiere,45.0,0
1508,44,2026-07-22,patients_sur_civiere,42.0,0
1509,44,2026-07-23,patients_sur_civiere,45.0,0
1510,44,2026-07-24,patients_sur_civiere,32.0,0
1511,44,2026-07-25,patients_sur_civiere,40.0,0
1512,44,2026-07-26,patients_sur_civiere,41.0,0
1513,44,2026-07-20,patients_24h_plus,14.0,0
1514,44,2026-07-21,patients_24h_plus,16.0,0
1515,44,2026-07-22,patients_24h_plus,11.0,0
1516,44,2026-07-23,patients_24h_plus,15.0,0
1517,44,2026-07-24,patients_24h_plus,15.0,0
1518,44,2026-07-25,patients_24h_plus,16.0,0
1519,44,2026-07-26,patients_24h_plus,15.0,0
1520,44,2026-07-20,patients_48h_plus,13.0,0
1521,44,2026-07-21,patients_48h_plus,12.0,0
1522,44,2026-07-22,patients_48h_plus,9.0,0
1523,44,2026-07-23,patients_48h_plus,9.0,0
1524,44,2026-07-24,patients_48h_plus,13.0,0
1525,44,2026-07-25,patients_48h_plus,13.0,0
1526,44,2026-07-26,patients_48h_plus,12.0,0
1527,44,2026-07-20,visites_totales_veille,106.0,0
1528,44,2026-07-21,visites_totales_veille,127.0,0
1529,44,2026-07-22,visites_totales_veille,117.0,0
1530,44,2026-07-23,visites_totales_veille,120.0,0
1531,44,2026-07-24,visites_totales_veille,104.0,0
1532,44,2026-07-25,visites_totales_veille,124.0,0
1533,44,2026-07-26,visites_totales_veille,93.0,0
1534,44,2026-07-20,taux_occupation,117.0,0
1535,44,2026-07-21,taux_occupation,129.0,0
1536,44,2026-07-22,taux_occupation,120.0,0
1537,44,2026-07-23,taux_occupation,129.0,0
1538,44,2026-07-24,taux_occupation,91.0,0
1539,44,2026-07-25,taux_occupation,114.0,0
1540,44,2026-07-26,taux_occupation,117.0,0
1541,45,2026-07-20,patients_sur_civiere,19.0,0
1542,45,2026-07-21,patients_sur_civiere,23.0,0
1543,45,2026-07-22,patients_sur_civiere,16.0,0
1544,45,2026-07-23,patients_sur_civiere,17.0,0
1545,45,2026-07-24,patients_sur_civiere,19.0,0
1546,45,2026-07-25,patients_sur_civiere,18.0,0
1547,45,2026-07-26,patients_sur_civiere,19.0,0
1548,45,2026-07-20,patients_24h_plus,11.0,0
1549,45,2026-07-21,patients_24h_plus,5.0,0
1550,45,2026-07-22,patients_24h_plus,6.0,0
1551,45,2026-07-23,patients_24h_plus,8.0,0
1552,45,2026-07-24,patients_24h_plus,8.0,0
1553,45,2026-07-25,patients_24h_plus,9.0,0
1554,45,2026-07-26,patients_24h_plus,11.0,0
1555,45,2026-07-20,patients_48h_plus,3.0,0
1556,45,2026-07-21,patients_48h_plus,4.0,0
1557,45,2026-07-22,patients_48h_plus,3.0,0
1558,45,2026-07-23,patients_48h_plus,1.0,0
1559,45,2026-07-24,patients_48h_plus,6.0,0
1560,45,2026-07-25,patients_48h_plus,3.0,0
1561,45,2026-07-26,patients_48h_plus,7.0,0
1562,45,2026-07-20,visites_totales_veille,69.0,0
1563,45,2026-07-21,visites_totales_veille,82.0,0
1564,45,2026-07-22,visites_totales_veille,90.0,0
1565,45,2026-07-23,visites_totales_veille,77.0,0
1566,45,2026-07-24,visites_totales_veille,69.0,0
1567,45,2026-07-25,visites_totales_veille,88.0,0
1568,45,2026-07-26,visites_totales_veille,69.0,0
1569,45,2026-07-20,taux_occupation,127.0,0
1570,45,2026-07-21,taux_occupation,153.0,0
1571,45,2026-07-22,taux_occupation,107.0,0
1572,45,2026-07-23,taux_occupation,113.0,0
1573,45,2026-07-24,taux_occupation,127.0,0
1574,45,2026-07-25,taux_occupation,120.0,0
1575,45,2026-07-26,taux_occupation,127.0,0
1576,46,2026-07-20,patients_sur_civiere,58.0,0
1577,46,2026-07-21,patients_sur_civiere,63.0,0
1578,46,2026-07-22,patients_sur_civiere,53.0,0
1579,46,2026-07-23,patients_sur_civiere,63.0,0
1580,46,2026-07-24,patients_sur_civiere,59.0,0
1581,46,2026-07-25,patients_sur_civiere,55.0,0
1582,46,2026-07-26,patients_sur_civiere,56.0,0
1583,46,2026-07-20,patients_24h_plus,33.0,0
1584,46,2026-07-21,patients_24h_plus,26.0,0
1585,46,2026-07-22,patients_24h_plus,25.0,0
1586,46,2026-07-23,patients_24h_plus,28.0,0
1587,46,2026-07-24,patients_24h_plus,27.0,0
1588,46,2026-07-25,patients_24h_plus,24.0,0
1589,46,2026-07-26,patients_24h_plus,32.0,0
1590,46,2026-07-20,patients_48h_plus,22.0,0
1591,46,2026-07-21,patients_48h_plus,19.0,0
1592,46,2026-07-22,patients_48h_plus,12.0,0
1593,46,2026-07-23,patients_48h_plus,15.0,0
1594,46,2026-07-24,patients_48h_plus,13.0,0
1595,46,2026-07-25,patients_48h_plus,14.0,0
1596,46,2026-07-26,patients_48h_plus,16.0,0
1597,46,2026-07-20,visites_totales_veille,99.0,0
1598,46,2026-07-21,visites_totales_veille,126.0,0
1599,46,2026-07-22,visites_totales_veille,107.0,0
1600,46,2026-07-23,visites_totales_veille,105.0,0
1601,46,2026-07-24,visites_totales_veille,118.0,0
1602,46,2026-07-25,visites_totales_veille,102.0,0
1603,46,2026-07-26,visites_totales_veille,99.0,0
1604,46,2026-07-20,taux_occupation,187.0,0
1605,46,2026-07-21,taux_occupation,203.0,0
1606,46,2026-07-22,taux_occupation,171.0,0
1607,46,2026-07-23,taux_occupation,203.0,0
1608,46,2026-07-24,taux_occupation,190.0,0
1609,46,2026-07-25,taux_occupation,177.0,0
1610,46,2026-07-26,taux_occupation,181.0,0
1611,47,2026-07-20,patients_sur_civiere,10.0,0
1612,47,2026-07-21,patients_sur_civiere,12.0,0
1613,47,2026-07-22,patients_sur_civiere,13.0,0
1614,47,2026-07-23,patients_sur_civiere,9.0,0
1615,47,2026-07-24,patients_sur_civiere,5.0,0
1616,47,2026-07-25,patients_sur_civiere,11.0,0
1617,47,2026-07-26,patients_sur_civiere,9.0,0
1618,47,2026-07-20,patients_24h_plus,1.0,0
1619,47,2026-07-21,patients_24h_plus,0.0,0
1620,47,2026-07-22,patients_24h_plus,0.0,0
1621,47,2026-07-23,patients_24h_plus,0.0,0
1622,47,2026-07-24,patients_24h_plus,0.0,0
1623,47,2026-07-25,patients_24h_plus,0.0,0
1624,47,2026-07-26,patients_24h_plus,0.0,0
1625,47,2026-07-20,patients_48h_plus,0.0,0
1626,47,2026-07-21,patients_48h_plus,0.0,0
1627,47,2026-07-22,patients_48h_plus,0.0,0
1628,47,2026-07-23,patients_48h_plus,0.0,0
1629,47,2026-07-24,patients_48h_plus,0.0,0
1630,47,2026-07-25,patients_48h_plus,0.0,0
1631,47,2026-07-26,patients_48h_plus,0.0,0
1632,47,2026-07-20,visites_totales_veille,169.0,0
1633,47,2026-07-21,visites_totales_veille,178.0,0
1634,47,2026-07-22,visites_totales_veille,186.0,0
1635,47,2026-07-23,visites_totales_veille,142.0,0
1636,47,2026-07-24,visites_totales_veille,150.0,0
1637,47,2026-07-25,visites_totales_veille,147.0,0
1638,47,2026-07-26,visites_totales_veille,158.0,0
1639,47,2026-07-20,taux_occupation,63.0,0
1640,47,2026-07-21,taux_occupation,75.0,0
1641,47,2026-07-22,taux_occupation,81.0,0
1642,47,2026-07-23,taux_occupation,56.0,0
1643,47,2026-07-24,taux_occupation,31.0,0
1644,47,2026-07-25,taux_occupation,69.0,0
1645,47,2026-07-26,taux_occupation,56.0,0
1646,48,2026-07-20,patients_sur_civiere,378.0,1
1647,48,2026-07-21,patients_sur_civiere,402.0,1
1648,48,2026-07-22,patients_sur_civiere,419.0,1
1649,48,2026-07-23,patients_sur_civiere,419.0,1
1650,48,2026-07-24,patients_sur_civiere,377.0,1
1651,48,2026-07-25,patients_sur_civiere,361.0,1
1652,48,2026-07-26,patients_sur_civiere,360.0,1
1653,48,2026-07-20,patients_24h_plus,130.0,1
1654,48,2026-07-21,patients_24h_plus,141.0,1
1655,48,2026-07-22,patients_24h_plus,128.0,1
1656,48,2026-07-23,patients_24h_plus,146.0,1
1657,48,2026-07-24,patients_24h_plus,125.0,1
1658,48,2026-07-25,patients_24h_plus,105.0,1
1659,48,2026-07-26,patients_24h_plus,135.0,1
1660,48,2026-07-20,patients_48h_plus,66.0,1
1661,48,2026-07-21,patients_48h_plus,56.0,1
1662,48,2026-07-22,patients_48h_plus,52.0,1
1663,48,2026-07-23,patients_48h_plus,54.0,1
1664,48,2026-07-24,patients_48h_plus,55.0,1
1665,48,2026-07-25,patients_48h_plus,49.0,1
1666,48,2026-07-26,patients_48h_plus,64.0,1
1667,48,2026-07-20,visites_totales_veille,1266.0,1
1668,48,2026-07-21,visites_totales_veille,1553.0,1
1669,48,2026-07-22,visites_totales_veille,1510.0,1
1670,48,2026-07-23,visites_totales_veille,1380.0,1
1671,48,2026-07-24,visites_totales_veille,1345.0,1
1672,48,2026-07-25,visites_totales_veille,1381.0,1
1673,48,2026-07-26,visites_totales_veille,1231.0,1
1674,48,2026-07-20,taux_occupation,132.0,1
1675,48,2026-07-21,taux_occupation,140.0,1
1676,48,2026-07-22,taux_occupation,146.0,1
1677,48,2026-07-23,taux_occupation,146.0,1
1678,48,2026-07-24,taux_occupation,131.0,1
1679,48,2026-07-25,taux_occupation,126.0,1
1680,48,2026-07-26,taux_occupation,125.0,1
1681,49,2026-07-20,patients_sur_civiere,4.0,0
1682,49,2026-07-21,patients_sur_civiere,2.0,0
1683,49,2026-07-22,patients_sur_civiere,1.0,0
1684,49,2026-07-23,patients_sur_civiere,1.0,0
1685,49,2026-07-24,patients_sur_civiere,0.0,0
1686,49,2026-07-25,patients_sur_civiere,0.0,0
1687,49,2026-07-26,patients_sur_civiere,1.0,0
1688,49,2026-07-20,patients_24h_plus,0.0,0
1689,49,2026-07-21,patients_24h_plus,0.0,0
1690,49,2026-07-22,patients_24h_plus,0.0,0
1691,49,2026-07-23,patients_24h_plus,0.0,0
1692,49,2026-07-24,patients_24h_plus,0.0,0
1693,49,2026-07-25,patients_24h_plus,0.0,0
1694,49,2026-07-26,patients_24h_plus,0.0,0
1695,49,2026-07-20,patients_48h_plus,0.0,0
1696,49,2026-07-21,patients_48h_plus,0.0,0
1697,49,2026-07-22,patients_48h_plus,0.0,0
1698,49,2026-07-23,patients_48h_plus,0.0,0
1699,49,2026-07-24,patients_48h_plus,0.0,0
1700,49,2026-07-25,patients_48h_plus,0.0,0
1701,49,2026-07-26,patients_48h_plus,0.0,0
1702,49,2026-07-20,visites_totales_veille,34.0,0
1703,49,2026-07-21,visites_totales_veille,41.0,0
1704,49,2026-07-22,visites_totales_veille,37.0,0
1705,49,2026-07-23,visites_totales_veille,38.0,0
1706,49,2026-07-24,visites_totales_veille,31.0,0
1707,49,2026-07-25,visites_totales_veille,32.0,0
1708,49,2026-07-26,visites_totales_veille,40.0,0
1709,49,2026-07-20,taux_occupation,100.0,0
1710,49,2026-07-21,taux_occupation,50.0,0
1711,49,2026-07-22,taux_occupation,25.0,0
1712,49,2026-07-23,taux_occupation,25.0,0
1713,49,2026-07-24,taux_occupation,0.0,0
1714,49,2026-07-25,taux_occupation,0.0,0
1715,49,2026-07-26,taux_occupation,25.0,0
1716,50,2026-07-20,patients_sur_civiere,42.0,0
1717,50,2026-07-21,patients_sur_civiere,35.0,0
1718,50,2026-07-22,patients_sur_civiere,34.0,0
1719,50,2026-07-23,patients_sur_civiere,42.0,0
1720,50,2026-07-24,patients_sur_civiere,40.0,0
1721,50,2026-07-25,patients_sur_civiere,24.0,0
1722,50,2026-07-26,patients_sur_civiere,47.0,0
1723,50,2026-07-20,patients_24h_plus,19.0,0
1724,50,2026-07-21,patients_24h_plus,12.0,0
1725,50,2026-07-22,patients_24h_plus,12.0,0
1726,50,2026-07-23,patients_24h_plus,8.0,0
1727,50,2026-07-24,patients_24h_plus,9.0,0
1728,50,2026-07-25,patients_24h_plus,7.0,0
1729,50,2026-07-26,patients_24h_plus,13.0,0
1730,50,2026-07-20,patients_48h_plus,1.0,0
1731,50,2026-07-21,patients_48h_plus,6.0,0
1732,50,2026-07-22,patients_48h_plus,4.0,0
1733,50,2026-07-23,patients_48h_plus,1.0,0
1734,50,2026-07-24,patients_48h_plus,1.0,0
1735,50,2026-07-25,patients_48h_plus,1.0,0
1736,50,2026-07-26,patients_48h_plus,4.0,0
1737,50,2026-07-20,visites_totales_veille,96.0,0
1738,50,2026-07-21,visites_totales_veille,116.0,0
1739,50,2026-07-22,visites_totales_veille,109.0,0
1740,50,2026-07-23,visites_totales_veille,102.0,0
1741,50,2026-07-24,visites_totales_veille,113.0,0
1742,50,2026-07-25,visites_totales_veille,97.0,0
1743,50,2026-07-26,visites_totales_veille,93.0,0
1744,50,2026-07-20,taux_occupation,168.0,0
1745,50,2026-07-21,taux_occupation,140.0,0
1746,50,2026-07-22,taux_occupation,136.0,0
1747,50,2026-07-23,taux_occupation,168.0,0
1748,50,2026-07-24,taux_occupation,160.0,0
1749,50,2026-07-25,taux_occupation,96.0,0
1750,50,2026-07-26,taux_occupation,188.0,0
1751,51,2026-07-20,patients_sur_civiere,36.0,0
1752,51,2026-07-21,patients_sur_civiere,49.0,0
1753,51,2026-07-22,patients_sur_civiere,44.0,0
1754,51,2026-07-23,patients_sur_civiere,39.0,0
1755,51,2026-07-24,patients_sur_civiere,45.0,0
1756,51,2026-07-25,patients_sur_civiere,28.0,0
1757,51,2026-07-26,patients_sur_civiere,40.0,0
1758,51,2026-07-20,patients_24h_plus,22.0,0
1759,51,2026-07-21,patients_24h_plus,17.0,0
1760,51,2026-07-22,patients_24h_plus,19.0,0
1761,51,2026-07-23,patients_24h_plus,13.0,0
1762,51,2026-07-24,patients_24h_plus,13.0,0
1763,51,2026-07-25,patients_24h_plus,9.0,0
1764,51,2026-07-26,patients_24h_plus,8.0,0
1765,51,2026-07-20,patients_48h_plus,15.0,0
1766,51,2026-07-21,patients_48h_plus,14.0,0
1767,51,2026-07-22,patients_48h_plus,6.0,0
1768,51,2026-07-23,patients_48h_plus,9.0,0
1769,51,2026-07-24,patients_48h_plus,6.0,0
1770,51,2026-07-25,patients_48h_plus,2.0,0
1771,51,2026-07-26,patients_48h_plus,2.0,0
1772,51,2026-07-20,visites_totales_veille,75.0,0
1773,51,2026-07-21,visites_totales_veille,138.0,0
1774,51,2026-07-22,visites_totales_veille,105.0,0
1775,51,2026-07-23,visites_totales_veille,92.0,0
1776,51,2026-07-24,visites_totales_veille,120.0,0
1777,51,2026-07-25,visites_totales_veille,103.0,0
1778,51,2026-07-26,visites_totales_veille,92.0,0
1779,51,2026-07-20,taux_occupation,129.0,0
1780,51,2026-07-21,taux_occupation,175.0,0
1781,51,2026-07-22,taux_occupation,157.0,0
1782,51,2026-07-23,taux_occupation,139.0,0
1783,51,2026-07-24,taux_occupation,161.0,0
1784,51,2026-07-25,taux_occupation,100.0,0
1785,51,2026-07-26,taux_occupation,143.0,0
1786,52,2026-07-20,patients_sur_civiere,7.0,0
1787,52,2026-07-21,patients_sur_civiere,15.0,0
1788,52,2026-07-22,patients_sur_civiere,14.0,0
1789,52,2026-07-23,patients_sur_civiere,16.0,0
1790,52,2026-07-24,patients_sur_civiere,15.0,0
1791,52,2026-07-25,patients_sur_civiere,14.0,0
1792,52,2026-07-26,patients_sur_civiere,12.0,0
1793,52,2026-07-20,patients_24h_plus,2.0,0
1794,52,2026-07-21,patients_24h_plus,1.0,0
1795,52,2026-07-22,patients_24h_plus,4.0,0
1796,52,2026-07-23,patients_24h_plus,2.0,0
1797,52,2026-07-24,patients_24h_plus,0.0,0
1798,52,2026-07-25,patients_24h_plus,2.0,0
1799,52,2026-07-26,patients_24h_plus,2.0,0
1800,52,2026-07-20,patients_48h_plus,0.0,0
1801,52,2026-07-21,patients_48h_plus,1.0,0
1802,52,2026-07-22,patients_48h_plus,0.0,0
1803,52,2026-07-23,patients_48h_plus,1.0,0
1804,52,2026-07-24,patients_48h_plus,0.0,0
1805,52,2026-07-25,patients_48h_plus,0.0,0
1806,52,2026-07-26,patients_48h_plus,0.0,0
1807,52,2026-07-20,visites_totales_veille,77.0,0
1808,52,2026-07-21,visites_totales_veille,87.0,0
1809,52,2026-07-22,visites_totales_veille,78.0,0
1810,52,2026-07-23,visites_totales_veille,65.0,0
1811,52,2026-07-24,visites_totales_veille,75.0,0
1812,52,2026-07-25,visites_totales_veille,60.0,0
1813,52,2026-07-26,visites_totales_veille,63.0,0
1814,52,2026-07-20,taux_occupation,58.0,0
1815,52,2026-07-21,taux_occupation,125.0,0
1816,52,2026-07-22,taux_occupation,117.0,0
1817,52,2026-07-23,taux_occupation,133.0,0
1818,52,2026-07-24,taux_occupation,125.0,0
1819,52,2026-07-25,taux_occupation,117.0,0
1820,52,2026-07-26,taux_occupation,100.0,0
1821,53,2026-07-20,patients_sur_civiere,3.0,0
1822,53,2026-07-21,patients_sur_civiere,3.0,0
1823,53,2026-07-22,patients_sur_civiere,4.0,0
1824,53,2026-07-23,patients_sur_civiere,4.0,0
1825,53,2026-07-24,patients_sur_civiere,4.0,0
1826,53,2026-07-25,patients_sur_civiere,0.0,0
1827,53,2026-07-26,patients_sur_civiere,3.0,0
1828,53,2026-07-20,patients_24h_plus,0.0,0
1829,53,2026-07-21,patients_24h_plus,0.0,0
1830,53,2026-07-22,patients_24h_plus,1.0,0
1831,53,2026-07-23,patients_24h_plus,0.0,0
1832,53,2026-07-24,patients_24h_plus,0.0,0
1833,53,2026-07-25,patients_24h_plus,0.0,0
1834,53,2026-07-26,patients_24h_plus,0.0,0
1835,53,2026-07-20,patients_48h_plus,0.0,0
1836,53,2026-07-21,patients_48h_plus,0.0,0
1837,53,2026-07-22,patients_48h_plus,0.0,0
1838,53,2026-07-23,patients_48h_plus,0.0,0
1839,53,2026-07-24,patients_48h_plus,0.0,0
1840,53,2026-07-25,patients_48h_plus,0.0,0
1841,53,2026-07-26,patients_48h_plus,0.0,0
1842,53,2026-07-20,visites_totales_veille,52.0,0
1843,53,2026-07-21,visites_totales_veille,48.0,0
1844,53,2026-07-22,visites_totales_veille,67.0,0
1845,53,2026-07-23,visites_totales_veille,62.0,0
1846,53,2026-07-24,visites_totales_veille,58.0,0
1847,53,2026-07-25,visites_totales_veille,57.0,0
1848,53,2026-07-26,visites_totales_veille,59.0,0
1849,53,2026-07-20,taux_occupation,75.0,0
1850,53,2026-07-21,taux_occupation,75.0,0
1851,53,2026-07-22,taux_occupation,100.0,0
1852,53,2026-07-23,taux_occupation,100.0,0
1853,53,2026-07-24,taux_occupation,100.0,0
1854,53,2026-07-25,taux_occupation,0.0,0
1855,53,2026-07-26,taux_occupation,75.0,0
1856,54,2026-07-20,patients_sur_civiere,6.0,0
1857,54,2026-07-21,patients_sur_civiere,11.0,0
1858,54,2026-07-22,patients_sur_civiere,6.0,0
1859,54,2026-07-23,patients_sur_civiere,3.0,0
1860,54,2026-07-24,patients_sur_civiere,6.0,0
1861,54,2026-07-25,patients_sur_civiere,6.0,0
1862,54,2026-07-26,patients_sur_civiere,2.0,0
1863,54,2026-07-20,patients_24h_plus,1.0,0
1864,54,2026-07-21,patients_24h_plus,4.0,0
1865,54,2026-07-22,patients_24h_plus,5.0,0
1866,54,2026-07-23,patients_24h_plus,0.0,0
1867,54,2026-07-24,patients_24h_plus,0.0,0
1868,54,2026-07-25,patients_24h_plus,1.0,0
1869,54,2026-07-26,patients_24h_plus,1.0,0
1870,54,2026-07-20,patients_48h_plus,0.0,0
1871,54,2026-07-21,patients_48h_plus,1.0,0
1872,54,2026-07-22,patients_48h_plus,2.0,0
1873,54,2026-07-23,patients_48h_plus,0.0,0
1874,54,2026-07-24,patients_48h_plus,0.0,0
1875,54,2026-07-25,patients_48h_plus,0.0,0
1876,54,2026-07-26,patients_48h_plus,1.0,0
1877,54,2026-07-20,visites_totales_veille,45.0,0
1878,54,2026-07-21,visites_totales_veille,38.0,0
1879,54,2026-07-22,visites_totales_veille,43.0,0
1880,54,2026-07-23,visites_totales_veille,29.0,0
1881,54,2026-07-24,visites_totales_veille,50.0,0
1882,54,2026-07-25,visites_totales_veille,33.0,0
1883,54,2026-07-26,visites_totales_veille,62.0,0
1884,54,2026-07-20,taux_occupation,100.0,0
1885,54,2026-07-21,taux_occupation,183.0,0
1886,54,2026-07-22,taux_occupation,100.0,0
1887,54,2026-07-23,taux_occupation,50.0,0
1888,54,2026-07-24,taux_occupation,100.0,0
1889,54,2026-07-25,taux_occupation,100.0,0
1890,54,2026-07-26,taux_occupation,33.0,0
1891,55,2026-07-20,patients_sur_civiere,0.0,0
1892,55,2026-07-21,patients_sur_civiere,0.0,0
1893,55,2026-07-22,patients_sur_civiere,0.0,0
1894,55,2026-07-23,patients_sur_civiere,0.0,0
1895,55,2026-07-24,patients_sur_civiere,5.0,0
1896,55,2026-07-25,patients_sur_civiere,0.0,0
1897,55,2026-07-26,patients_sur_civiere,0.0,0
1898,55,2026-07-20,patients_24h_plus,0.0,0
1899,55,2026-07-21,patients_24h_plus,0.0,0
1900,55,2026-07-22,patients_24h_plus,0.0,0
1901,55,2026-07-23,patients_24h_plus,0.0,0
1902,55,2026-07-24,patients_24h_plus,0.0,0
1903,55,2026-07-25,patients_24h_plus,0.0,0
1904,55,2026-07-26,patients_24h_plus,0.0,0
1905,55,2026-07-20,patients_48h_plus,0.0,0
1906,55,2026-07-21,patients_48h_plus,0.0,0
1907,55,2026-07-22,patients_48h_plus,0.0,0
1908,55,2026-07-23,patients_48h_plus,0.0,0
1909,55,2026-07-24,patients_48h_plus,0.0,0
1910,55,2026-07-25,patients_48h_plus,0.0,0
1911,55,2026-07-26,patients_48h_plus,0.0,0
1912,55,2026-07-20,visites_totales_veille,26.0,0
1913,55,2026-07-21,visites_totales_veille,31.0,0
1914,55,2026-07-22,visites_totales_veille,22.0,0
1915,55,2026-07-23,visites_totales_veille,16.0,0
1916,55,2026-07-24,visites_totales_veille,22.0,0
1917,55,2026-07-25,visites_totales_veille,22.0,0
1918,55,2026-07-26,visites_totales_veille,23.0,0
1919,55,2026-07-20,taux_occupation,0.0,0
1920,55,2026-07-21,taux_occupation,0.0,0
1921,55,2026-07-22,taux_occupation,0.0,0
1922,55,2026-07-23,taux_occupation,0.0,0
1923,55,2026-07-24,taux_occupation,250.0,0
1924,55,2026-07-25,taux_occupation,0.0,0
1925,55,2026-07-26,taux_occupation,0.0,0
1926,56,2026-07-20,patients_sur_civiere,2.0,0
1927,56,2026-07-21,patients_sur_civiere,1.0,0
1928,56,2026-07-22,patients_sur_civiere,1.0,0
1929,56,2026-07-23,patients_sur_civiere,0.0,0
1930,56,2026-07-24,patients_sur_civiere,0.0,0
1931,56,2026-07-25,patients_sur_civiere,1.0,0
1932,56,2026-07-26,patients_sur_civiere,0.0,0
1933,56,2026-07-20,patients_24h_plus,0.0,0
1934,56,2026-07-21,patients_24h_plus,0.0,0
1935,56,2026-07-22,patients_24h_plus,0.0,0
1936,56,2026-07-23,patients_24h_plus,0.0,0
1937,56,2026-07-24,patients_24h_plus,0.0,0
1938,56,2026-07-25,patients_24h_plus,0.0,0
1939,56,2026-07-26,patients_24h_plus,0.0,0
1940,56,2026-07-20,patients_48h_plus,0.0,0
1941,56,2026-07-21,patients_48h_plus,0.0,0
1942,56,2026-07-22,patients_48h_plus,0.0,0
1943,56,2026-07-23,patients_48h_plus,0.0,0
1944,56,2026-07-24,patients_48h_plus,0.0,0
1945,56,2026-07-25,patients_48h_plus,0.0,0
1946,56,2026-07-26,patients_48h_plus,0.0,0
1947,56,2026-07-20,visites_totales_veille,0.0,0
1948,56,2026-07-21,visites_totales_veille,41.0,0
1949,56,2026-07-22,visites_totales_veille,44.0,0
1950,56,2026-07-23,visites_totales_veille,32.0,0
1951,56,2026-07-24,visites_totales_veille,35.0,0
1952,56,2026-07-25,visites_totales_veille,34.0,0
1953,56,2026-07-26,visites_totales_veille,33.0,0
1954,56,2026-07-20,taux_occupation,100.0,0
1955,56,2026-07-21,taux_occupation,50.0,0
1956,56,2026-07-22,taux_occupation,50.0,0
1957,56,2026-07-23,taux_occupation,0.0,0
1958,56,2026-07-24,taux_occupation,0.0,0
1959,56,2026-07-25,taux_occupation,50.0,0
1960,56,2026-07-26,taux_occupation,0.0,0
1961,57,2026-07-20,patients_sur_civiere,100.0,1
1962,57,2026-07-21,patients_sur_civiere,116.0,1
1963,57,2026-07-22,patients_sur_civiere,104.0,1
1964,57,2026-07-23,patients_sur_civiere,105.0,1
1965,57,2026-07-24,patients_sur_civiere,115.0,1
1966,57,2026-07-25,patients_sur_civiere,73.0,1
1967,57,2026-07-26,patients_sur_civiere,105.0,1
1968,57,2026-07-20,patients_24h_plus,44.0,1
1969,57,2026-07-21,patients_24h_plus,34.0,1
1970,57,2026-07-22,patients_24h_plus,41.0,1
1971,57,2026-07-23,patients_24h_plus,23.0,1
1972,57,2026-07-24,patients_24h_plus,22.0,1
1973,57,2026-07-25,patients_24h_plus,19.0,1
1974,57,2026-07-26,patients_24h_plus,24.0,1
1975,57,2026-07-20,patients_48h_plus,16.0,1
1976,57,2026-07-21,patients_48h_plus,22.0,1
1977,57,2026-07-22,patients_48h_plus,12.0,1
1978,57,2026-07-23,patients_48h_plus,11.0,1
1979,57,2026-07-24,patients_48h_plus,7.0,1
1980,57,2026-07-25,patients_48h_plus,3.0,1
1981,57,2026-07-26,patients_48h_plus,7.0,1
1982,57,2026-07-20,visites_totales_veille,405.0,1
1983,57,2026-07-21,visites_totales_veille,540.0,1
1984,57,2026-07-22,visites_totales_veille,505.0,1
1985,57,2026-07-23,visites_totales_veille,436.0,1
1986,57,2026-07-24,visites_totales_veille,504.0,1
1987,57,2026-07-25,visites_totales_veille,438.0,1
1988,57,2026-07-26,visites_totales_veille,465.0,1
1989,57,2026-07-20,taux_occupation,120.0,1
1990,57,2026-07-21,taux_occupation,140.0,1
1991,57,2026-07-22,taux_occupation,125.0,1
1992,57,2026-07-23,taux_occupation,127.0,1
1993,57,2026-07-24,taux_occupation,139.0,1
1994,57,2026-07-25,taux_occupation,88.0,1
1995,57,2026-07-26,taux_occupation,127.0,1
1996,58,2026-07-20,patients_sur_civiere,6.0,0
1997,58,2026-07-21,patients_sur_civiere,4.0,0
1998,58,2026-07-22,patients_sur_civiere,3.0,0
1999,58,2026-07-23,patients_sur_civiere,2.0,0
2000,58,2026-07-24,patients_sur_civiere,3.0,0
2001,58,2026-07-25,patients_sur_civiere,7.0,0
2002,58,2026-07-26,patients_sur_civiere,0.0,0
2003,58,2026-07-20,patients_24h_plus,0.0,0
2004,58,2026-07-21,patients_24h_plus,0.0,0
2005,58,2026-07-22,patients_24h_plus,0.0,0
2006,58,2026-07-23,patients_24h_plus,0.0,0
2007,58,2026-07-24,patients_24h_plus,0.0,0
2008,58,2026-07-25,patients_24h_plus,0.0,0
2009,58,2026-07-26,patients_24h_plus,0.0,0
2010,58,2026-07-20,patients_48h_plus,0.0,0
2011,58,2026-07-21,patients_48h_plus,0.0,0
2012,58,2026-07-22,patients_48h_plus,0.0,0
2013,58,2026-07-23,patients_48h_plus,0.0,0
2014,58,2026-07-24,patients_48h_plus,0.0,0
2015,58,2026-07-25,patients_48h_plus,0.0,0
2016,58,2026-07-26,patients_48h_plus,0.0,0
2017,58,2026-07-20,visites_totales_veille,66.0,0
2018,58,2026-07-21,visites_totales_veille,75.0,0
2019,58,2026-07-22,visites_totales_veille,76.0,0
2020,58,2026-07-23,visites_totales_veille,80.0,0
2021,58,2026-07-24,visites_totales_veille,68.0,0
2022,58,2026-07-25,visites_totales_veille,88.0,0
2023,58,2026-07-26,visites_totales_veille,68.0,0
2024,58,2026-07-20,taux_occupation,55.0,0
2025,58,2026-07-21,taux_occupation,36.0,0
2026,58,2026-07-22,taux_occupation,27.0,0
2027,58,2026-07-23,taux_occupation,18.0,0
2028,58,2026-07-24,taux_occupation,27.0,0
2029,58,2026-07-25,taux_occupation,64.0,0
2030,58,2026-07-26,taux_occupation,0.0,0
2031,59,2026-07-20,patients_sur_civiere,5.0,0
2032,59,2026-07-21,patients_sur_civiere,8.0,0
2033,59,2026-07-22,patients_sur_civiere,8.0,0
2034,59,2026-07-23,patients_sur_civiere,9.0,0
2035,59,2026-07-24,patients_sur_civiere,13.0,0
2036,59,2026-07-25,patients_sur_civiere,9.0,0
2037,59,2026-07-26,patients_sur_civiere,11.0,0
2038,59,2026-07-20,patients_24h_plus,0.0,0
2039,59,2026-07-21,patients_24h_plus,1.0,0
2040,59,2026-07-22,patients_24h_plus,1.0,0
2041,59,2026-07-23,patients_24h_plus,1.0,0
2042,59,2026-07-24,patients_24h_plus,1.0,0
2043,59,2026-07-25,patients_24h_plus,2.0,0
2044,59,2026-07-26,patients_24h_plus,2.0,0
2045,59,2026-07-20,patients_48h_plus,0.0,0
2046,59,2026-07-21,patients_48h_plus,0.0,0
2047,59,2026-07-22,patients_48h_plus,0.0,0
2048,59,2026-07-23,patients_48h_plus,0.0,0
2049,59,2026-07-24,patients_48h_plus,0.0,0
2050,59,2026-07-25,patients_48h_plus,0.0,0
2051,59,2026-07-26,patients_48h_plus,0.0,0
2052,59,2026-07-20,visites_totales_veille,57.0,0
2053,59,2026-07-21,visites_totales_veille,70.0,0
2054,59,2026-07-22,visites_totales_veille,65.0,0
2055,59,2026-07-23,visites_totales_veille,61.0,0
2056,59,2026-07-24,visites_totales_veille,71.0,0
2057,59,2026-07-25,visites_totales_veille,61.0,0
2058,59,2026-07-26,visites_totales_veille,57.0,0
2059,59,2026-07-20,taux_occupation,71.0,0
2060,59,2026-07-21,taux_occupation,114.0,0
2061,59,2026-07-22,taux_occupation,114.0,0
2062,59,2026-07-23,taux_occupation,129.0,0
2063,59,2026-07-24,taux_occupation,186.0,0
2064,59,2026-07-25,taux_occupation,129.0,0
2065,59,2026-07-26,taux_occupation,157.0,0
2066,60,2026-07-20,patients_sur_civiere,3.0,0
2067,60,2026-07-21,patients_sur_civiere,2.0,0
2068,60,2026-07-22,patients_sur_civiere,2.0,0
2069,60,2026-07-23,patients_sur_civiere,2.0,0
2070,60,2026-07-24,patients_sur_civiere,3.0,0
2071,60,2026-07-25,patients_sur_civiere,2.0,0
2072,60,2026-07-26,patients_sur_civiere,3.0,0
2073,60,2026-07-20,patients_24h_plus,0.0,0
2074,60,2026-07-21,patients_24h_plus,0.0,0
2075,60,2026-07-22,patients_24h_plus,1.0,0
2076,60,2026-07-23,patients_24h_plus,0.0,0
2077,60,2026-07-24,patients_24h_plus,0.0,0
2078,60,2026-07-25,patients_24h_plus,0.0,0
2079,60,2026-07-26,patients_24h_plus,0.0,0
2080,60,2026-07-20,patients_48h_plus,0.0,0
2081,60,2026-07-21,patients_48h_plus,0.0,0
2082,60,2026-07-22,patients_48h_plus,0.0,0
2083,60,2026-07-23,patients_48h_plus,0.0,0
2084,60,2026-07-24,patients_48h_plus,0.0,0
2085,60,2026-07-25,patients_48h_plus,0.0,0
2086,60,2026-07-26,patients_48h_plus,0.0,0
2087,60,2026-07-20,visites_totales_veille,52.0,0
2088,60,2026-07-21,visites_totales_veille,64.0,0
2089,60,2026-07-22,visites_totales_veille,52.0,0
2090,60,2026-07-23,visites_totales_veille,36.0,0
2091,60,2026-07-24,visites_totales_veille,52.0,0
2092,60,2026-07-25,visites_totales_veille,40.0,0
2093,60,2026-07-26,visites_totales_veille,35.0,0
2094,60,2026-07-20,taux_occupation,60.0,0
2095,60,2026-07-21,taux_occupation,40.0,0
2096,60,2026-07-22,taux_occupation,40.0,0
2097,60,2026-07-23,taux_occupation,40.0,0
2098,60,2026-07-24,taux_occupation,60.0,0
2099,60,2026-07-25,taux_occupation,40.0,0
2100,60,2026-07-26,taux_occupation,60.0,0
2101,61,2026-07-20,patients_sur_civiere,4.0,0
2102,61,2026-07-21,patients_sur_civiere,4.0,0
2103,61,2026-07-22,patients_sur_civiere,3.0,0
2104,61,2026-07-23,patients_sur_civiere,2.0,0
2105,61,2026-07-24,patients_sur_civiere,9.0,0
2106,61,2026-07-25,patients_sur_civiere,6.0,0
2107,61,2026-07-26,patients_sur_civiere,6.0,0
2108,61,2026-07-20,patients_24h_plus,0.0,0
2109,61,2026-07-21,patients_24h_plus,0.0,0
2110,61,2026-07-22,patients_24h_plus,0.0,0
2111,61,2026-07-23,patients_24h_plus,0.0,0
2112,61,2026-07-24,patients_24h_plus,0.0,0
2113,61,2026-07-25,patients_24h_plus,1.0,0
2114,61,2026-07-26,patients_24h_plus,1.0,0
2115,61,2026-07-20,patients_48h_plus,0.0,0
2116,61,2026-07-21,patients_48h_plus,0.0,0
2117,61,2026-07-22,patients_48h_plus,0.0,0
2118,61,2026-07-23,patients_48h_plus,0.0,0
2119,61,2026-07-24,patients_48h_plus,0.0,0
2120,61,2026-07-25,patients_48h_plus,0.0,0
2121,61,2026-07-26,patients_48h_plus,0.0,0
2122,61,2026-07-20,visites_totales_veille,69.0,0
2123,61,2026-07-21,visites_totales_veille,67.0,0
2124,61,2026-07-22,visites_totales_veille,75.0,0
2125,61,2026-07-23,visites_totales_veille,62.0,0
2126,61,2026-07-24,visites_totales_veille,77.0,0
2127,61,2026-07-25,visites_totales_veille,63.0,0
2128,61,2026-07-26,visites_totales_veille,49.0,0
2129,61,2026-07-20,taux_occupation,50.0,0
2130,61,2026-07-21,taux_occupation,50.0,0
2131,61,2026-07-22,taux_occupation,38.0,0
2132,61,2026-07-23,taux_occupation,25.0,0
2133,61,2026-07-24,taux_occupation,113.0,0
2134,61,2026-07-25,taux_occupation,75.0,0
2135,61,2026-07-26,taux_occupation,75.0,0
2136,62,2026-07-20,patients_sur_civiere,0.0,0
2137,62,2026-07-21,patients_sur_civiere,1.0,0
2138,62,2026-07-22,patients_sur_civiere,1.0,0
2139,62,2026-07-23,patients_sur_civiere,0.0,0
2140,62,2026-07-24,patients_sur_civiere,3.0,0
2141,62,2026-07-25,patients_sur_civiere,1.0,0
2142,62,2026-07-26,patients_sur_civiere,2.0,0
2143,62,2026-07-20,patients_24h_plus,0.0,0
2144,62,2026-07-21,patients_24h_plus,0.0,0
2145,62,2026-07-22,patients_24h_plus,0.0,0
2146,62,2026-07-23,patients_24h_plus,0.0,0
2147,62,2026-07-24,patients_24h_plus,0.0,0
2148,62,2026-07-25,patients_24h_plus,0.0,0
2149,62,2026-07-26,patients_24h_plus,0.0,0
2150,62,2026-07-20,patients_48h_plus,0.0,0
2151,62,2026-07-21,patients_48h_plus,0.0,0
2152,62,2026-07-22,patients_48h_plus,0.0,0
2153,62,2026-07-23,patients_48h_plus,0.0,0
2154,62,2026-07-24,patients_48h_plus,0.0,0
2155,62,2026-07-25,patients_48h_plus,0.0,0
2156,62,2026-07-26,patients_48h_plus,0.0,0
2157,62,2026-07-20,visites_totales_veille,29.0,0
2158,62,2026-07-21,visites_totales_veille,36.0,0
2159,62,2026-07-22,visites_totales_veille,42.0,0
2160,62,2026-07-23,visites_totales_veille,39.0,0
2161,62,2026-07-24,visites_totales_veille,28.0,0
2162,62,2026-07-25,visites_totales_veille,36.0,0
2163,62,2026-07-26,visites_totales_veille,36.0,0
2164,62,2026-07-20,taux_occupation,0.0,0
2165,62,2026-07-21,taux_occupation,20.0,0
2166,62,2026-07-22,taux_occupation,20.0,0
2167,62,2026-07-23,taux_occupation,0.0,0
2168,62,2026-07-24,taux_occupation,60.0,0
2169,62,2026-07-25,taux_occupation,20.0,0
2170,62,2026-07-26,taux_occupation,40.0,0
2171,63,2026-07-20,patients_sur_civiere,18.0,1
2172,63,2026-07-21,patients_sur_civiere,19.0,1
2173,63,2026-07-22,patients_sur_civiere,17.0,1
2174,63,2026-07-23,patients_sur_civiere,15.0,1
2175,63,2026-07-24,patients_sur_civiere,31.0,1
2176,63,2026-07-25,patients_sur_civiere,25.0,1
2177,63,2026-07-26,patients_sur_civiere,22.0,1
2178,63,2026-07-20,patients_24h_plus,0.0,1
2179,63,2026-07-21,patients_24h_plus,1.0,1
2180,63,2026-07-22,patients_24h_plus,2.0,1
2181,63,2026-07-23,patients_24h_plus,1.0,1
2182,63,2026-07-24,patients_24h_plus,1.0,1
2183,63,2026-07-25,patients_24h_plus,3.0,1
2184,63,2026-07-26,patients_24h_plus,3.0,1
2185,63,2026-07-20,patients_48h_plus,0.0,1
2186,63,2026-07-21,patients_48h_plus,0.0,1
2187,63,2026-07-22,patients_48h_plus,0.0,1
2188,63,2026-07-23,patients_48h_plus,0.0,1
2189,63,2026-07-24,patients_48h_plus,0.0,1
2190,63,2026-07-25,patients_48h_plus,0.0,1
2191,63,2026-07-26,patients_48h_plus,0.0,1
2192,63,2026-07-20,visites_totales_veille,273.0,1
2193,63,2026-07-21,visites_totales_veille,312.0,1
2194,63,2026-07-22,visites_totales_veille,310.0,1
2195,63,2026-07-23,visites_totales_veille,278.0,1
2196,63,2026-07-24,visites_totales_veille,296.0,1
2197,63,2026-07-25,visites_totales_veille,288.0,1
2198,63,2026-07-26,visites_totales_veille,245.0,1
2199,63,2026-07-20,taux_occupation,50.0,1
2200,63,2026-07-21,taux_occupation,53.0,1
2201,63,2026-07-22,taux_occupation,47.0,1
2202,63,2026-07-23,taux_occupation,42.0,1
2203,63,2026-07-24,taux_occupation,86.0,1
2204,63,2026-07-25,taux_occupation,69.0,1
2205,63,2026-07-26,taux_occupation,61.0,1
2206,64,2026-07-20,patients_sur_civiere,0.0,0
2207,64,2026-07-21,patients_sur_civiere,3.0,0
2208,64,2026-07-22,patients_sur_civiere,2.0,0
2209,64,2026-07-23,patients_sur_civiere,1.0,0
2210,64,2026-07-24,patients_sur_civiere,2.0,0
2211,64,2026-07-25,patients_sur_civiere,2.0,0
2212,64,2026-07-26,patients_sur_civiere,2.0,0
2213,64,2026-07-20,patients_24h_plus,0.0,0
2214,64,2026-07-21,patients_24h_plus,0.0,0
2215,64,2026-07-22,patients_24h_plus,1.0,0
2216,64,2026-07-23,patients_24h_plus,1.0,0
2217,64,2026-07-24,patients_24h_plus,0.0,0
2218,64,2026-07-25,patients_24h_plus,0.0,0
2219,64,2026-07-26,patients_24h_plus,0.0,0
2220,64,2026-07-20,patients_48h_plus,0.0,0
2221,64,2026-07-21,patients_48h_plus,0.0,0
2222,64,2026-07-22,patients_48h_plus,0.0,0
2223,64,2026-07-23,patients_48h_plus,1.0,0
2224,64,2026-07-24,patients_48h_plus,0.0,0
2225,64,2026-07-25,patients_48h_plus,0.0,0
2226,64,2026-07-26,patients_48h_plus,0.0,0
2227,64,2026-07-20,visites_totales_veille,26.0,0
2228,64,2026-07-21,visites_totales_veille,34.0,0
2229,64,2026-07-22,visites_totales_veille,32.0,0
2230,64,2026-07-23,visites_totales_veille,29.0,0
2231,64,2026-07-24,visites_totales_veille,38.0,0
2232,64,2026-07-25,visites_totales_veille,28.0,0
2233,64,2026-07-26,visites_totales_veille,33.0,0
2234,64,2026-07-20,taux_occupation,0.0,0
2235,64,2026-07-21,taux_occupation,60.0,0
2236,64,2026-07-22,taux_occupation,40.0,0
2237,64,2026-07-23,taux_occupation,20.0,0
2238,64,2026-07-24,taux_occupation,40.0,0
2239,64,2026-07-25,taux_occupation,40.0,0
2240,64,2026-07-26,taux_occupation,40.0,0
2241,65,2026-07-20,patients_sur_civiere,1.0,0
2242,65,2026-07-21,patients_sur_civiere,2.0,0
2243,65,2026-07-22,patients_sur_civiere,0.0,0
2244,65,2026-07-23,patients_sur_civiere,2.0,0
2245,65,2026-07-24,patients_sur_civiere,2.0,0
2246,65,2026-07-25,patients_sur_civiere,2.0,0
2247,65,2026-07-26,patients_sur_civiere,3.0,0
2248,65,2026-07-20,patients_24h_plus,0.0,0
2249,65,2026-07-21,patients_24h_plus,0.0,0
2250,65,2026-07-22,patients_24h_plus,0.0,0
2251,65,2026-07-23,patients_24h_plus,0.0,0
2252,65,2026-07-24,patients_24h_plus,0.0,0
2253,65,2026-07-25,patients_24h_plus,1.0,0
2254,65,2026-07-26,patients_24h_plus,0.0,0
2255,65,2026-07-20,patients_48h_plus,0.0,0
2256,65,2026-07-21,patients_48h_plus,0.0,0
2257,65,2026-07-22,patients_48h_plus,0.0,0
2258,65,2026-07-23,patients_48h_plus,0.0,0
2259,65,2026-07-24,patients_48h_plus,0.0,0
2260,65,2026-07-25,patients_48h_plus,0.0,0
2261,65,2026-07-26,patients_48h_plus,0.0,0
2262,65,2026-07-20,visites_totales_veille,35.0,0
2263,65,2026-07-21,visites_totales_veille,37.0,0
2264,65,2026-07-22,visites_totales_veille,33.0,0
2265,65,2026-07-23,visites_totales_veille,33.0,0
2266,65,2026-07-24,visites_totales_veille,29.0,0
2267,65,2026-07-25,visites_totales_veille,34.0,0
2268,65,2026-07-26,visites_totales_veille,28.0,0
2269,65,2026-07-20,taux_occupation,33.0,0
2270,65,2026-07-21,taux_occupation,67.0,0
2271,65,2026-07-22,taux_occupation,0.0,0
2272,65,2026-07-23,taux_occupation,67.0,0
2273,65,2026-07-24,taux_occupation,67.0,0
2274,65,2026-07-25,taux_occupation,67.0,0
2275,65,2026-07-26,taux_occupation,100.0,0
2276,66,2026-07-20,patients_sur_civiere,19.0,0
2277,66,2026-07-21,patients_sur_civiere,21.0,0
2278,66,2026-07-22,patients_sur_civiere,21.0,0
2279,66,2026-07-23,patients_sur_civiere,15.0,0
2280,66,2026-07-24,patients_sur_civiere,14.0,0
2281,66,2026-07-25,patients_sur_civiere,18.0,0
2282,66,2026-07-26,patients_sur_civiere,20.0,0
2283,66,2026-07-20,patients_24h_plus,7.0,0
2284,66,2026-07-21,patients_24h_plus,11.0,0
2285,66,2026-07-22,patients_24h_plus,13.0,0
2286,66,2026-07-23,patients_24h_plus,8.0,0
2287,66,2026-07-24,patients_24h_plus,5.0,0
2288,66,2026-07-25,patients_24h_plus,7.0,0
2289,66,2026-07-26,patients_24h_plus,5.0,0
2290,66,2026-07-20,patients_48h_plus,4.0,0
2291,66,2026-07-21,patients_48h_plus,5.0,0
2292,66,2026-07-22,patients_48h_plus,9.0,0
2293,66,2026-07-23,patients_48h_plus,4.0,0
2294,66,2026-07-24,patients_48h_plus,2.0,0
2295,66,2026-07-25,patients_48h_plus,1.0,0
2296,66,2026-07-26,patients_48h_plus,3.0,0
2297,66,2026-07-20,visites_totales_veille,57.0,0
2298,66,2026-07-21,visites_totales_veille,64.0,0
2299,66,2026-07-22,visites_totales_veille,49.0,0
2300,66,2026-07-23,visites_totales_veille,60.0,0
2301,66,2026-07-24,visites_totales_veille,47.0,0
2302,66,2026-07-25,visites_totales_veille,57.0,0
2303,66,2026-07-26,visites_totales_veille,56.0,0
2304,66,2026-07-20,taux_occupation,190.0,0
2305,66,2026-07-21,taux_occupation,210.0,0
2306,66,2026-07-22,taux_occupation,210.0,0
2307,66,2026-07-23,taux_occupation,150.0,0
2308,66,2026-07-24,taux_occupation,140.0,0
2309,66,2026-07-25,taux_occupation,180.0,0
2310,66,2026-07-26,taux_occupation,200.0,0
2311,67,2026-07-20,patients_sur_civiere,4.0,0
2312,67,2026-07-21,patients_sur_civiere,6.0,0
2313,67,2026-07-22,patients_sur_civiere,5.0,0
2314,67,2026-07-23,patients_sur_civiere,1.0,0
2315,67,2026-07-24,patients_sur_civiere,1.0,0
2316,67,2026-07-25,patients_sur_civiere,1.0,0
2317,67,2026-07-26,patients_sur_civiere,1.0,0
2318,67,2026-07-20,patients_24h_plus,1.0,0
2319,67,2026-07-21,patients_24h_plus,2.0,0
2320,67,2026-07-22,patients_24h_plus,3.0,0
2321,67,2026-07-23,patients_24h_plus,1.0,0
2322,67,2026-07-24,patients_24h_plus,0.0,0
2323,67,2026-07-25,patients_24h_plus,0.0,0
2324,67,2026-07-26,patients_24h_plus,1.0,0
2325,67,2026-07-20,patients_48h_plus,1.0,0
2326,67,2026-07-21,patients_48h_plus,1.0,0
2327,67,2026-07-22,patients_48h_plus,1.0,0
2328,67,2026-07-23,patients_48h_plus,1.0,0
2329,67,2026-07-24,patients_48h_plus,0.0,0
2330,67,2026-07-25,patients_48h_plus,0.0,0
2331,67,2026-07-26,patients_48h_plus,0.0,0
2332,67,2026-07-20,visites_totales_veille,34.0,0
2333,67,2026-07-21,visites_totales_veille,44.0,0
2334,67,2026-07-22,visites_totales_veille,33.0,0
2335,67,2026-07-23,visites_totales_veille,30.0,0
2336,67,2026-07-24,visites_totales_veille,29.0,0
2337,67,2026-07-25,visites_totales_veille,33.0,0
2338,67,2026-07-26,visites_totales_veille,32.0,0
2339,67,2026-07-20,taux_occupation,80.0,0
2340,67,2026-07-21,taux_occupation,120.0,0
2341,67,2026-07-22,taux_occupation,100.0,0
2342,67,2026-07-23,taux_occupation,20.0,0
2343,67,2026-07-24,taux_occupation,20.0,0
2344,67,2026-07-25,taux_occupation,20.0,0
2345,67,2026-07-26,taux_occupation,20.0,0
2346,68,2026-07-20,patients_sur_civiere,17.0,0
2347,68,2026-07-21,patients_sur_civiere,12.0,0
2348,68,2026-07-22,patients_sur_civiere,10.0,0
2349,68,2026-07-23,patients_sur_civiere,10.0,0
2350,68,2026-07-24,patients_sur_civiere,14.0,0
2351,68,2026-07-25,patients_sur_civiere,11.0,0
2352,68,2026-07-26,patients_sur_civiere,13.0,0
2353,68,2026-07-20,patients_24h_plus,6.0,0
2354,68,2026-07-21,patients_24h_plus,4.0,0
2355,68,2026-07-22,patients_24h_plus,3.0,0
2356,68,2026-07-23,patients_24h_plus,2.0,0
2357,68,2026-07-24,patients_24h_plus,2.0,0
2358,68,2026-07-25,patients_24h_plus,1.0,0
2359,68,2026-07-26,patients_24h_plus,1.0,0
2360,68,2026-07-20,patients_48h_plus,4.0,0
2361,68,2026-07-21,patients_48h_plus,2.0,0
2362,68,2026-07-22,patients_48h_plus,1.0,0
2363,68,2026-07-23,patients_48h_plus,0.0,0
2364,68,2026-07-24,patients_48h_plus,0.0,0
2365,68,2026-07-25,patients_48h_plus,0.0,0
2366,68,2026-07-26,patients_48h_plus,0.0,0
2367,68,2026-07-20,visites_totales_veille,55.0,0
2368,68,2026-07-21,visites_totales_veille,57.0,0
2369,68,2026-07-22,visites_totales_veille,58.0,0
2370,68,2026-07-23,visites_totales_veille,49.0,0
2371,68,2026-07-24,visites_totales_veille,59.0,0
2372,68,2026-07-25,visites_totales_veille,59.0,0
2373,68,2026-07-26,visites_totales_veille,49.0,0
2374,68,2026-07-20,taux_occupation,170.0,0
2375,68,2026-07-21,taux_occupation,120.0,0
2376,68,2026-07-22,taux_occupation,100.0,0
2377,68,2026-07-23,taux_occupation,100.0,0
2378,68,2026-07-24,taux_occupation,140.0,0
2379,68,2026-07-25,taux_occupation,110.0,0
2380,68,2026-07-26,taux_occupation,130.0,0
2381,69,2026-07-20,patients_sur_civiere,41.0,1
2382,69,2026-07-21,patients_sur_civiere,44.0,1
2383,69,2026-07-22,patients_sur_civiere,38.0,1
2384,69,2026-07-23,patients_sur_civiere,29.0,1
2385,69,2026-07-24,patients_sur_civiere,33.0,1
2386,69,2026-07-25,patients_sur_civiere,34.0,1
2387,69,2026-07-26,patients_sur_civiere,39.0,1
2388,69,2026-07-20,patients_24h_plus,14.0,1
2389,69,2026-07-21,patients_24h_plus,17.0,1
2390,69,2026-07-22,patients_24h_plus,20.0,1
2391,69,2026-07-23,patients_24h_plus,12.0,1
2392,69,2026-07-24,patients_24h_plus,7.0,1
2393,69,2026-07-25,patients_24h_plus,9.0,1
2394,69,2026-07-26,patients_24h_plus,7.0,1
2395,69,2026-07-20,patients_48h_plus,9.0,1
2396,69,2026-07-21,patients_48h_plus,8.0,1
2397,69,2026-07-22,patients_48h_plus,11.0,1
2398,69,2026-07-23,patients_48h_plus,6.0,1
2399,69,2026-07-24,patients_48h_plus,2.0,1
2400,69,2026-07-25,patients_48h_plus,1.0,1
2401,69,2026-07-26,patients_48h_plus,3.0,1
2402,69,2026-07-20,visites_totales_veille,207.0,1
2403,69,2026-07-21,visites_totales_veille,236.0,1
2404,69,2026-07-22,visites_totales_veille,205.0,1
2405,69,2026-07-23,visites_totales_veille,201.0,1
2406,69,2026-07-24,visites_totales_veille,202.0,1
2407,69,2026-07-25,visites_totales_veille,211.0,1
2408,69,2026-07-26,visites_totales_veille,198.0,1
2409,69,2026-07-20,taux_occupation,124.0,1
2410,69,2026-07-21,taux_occupation,133.0,1
2411,69,2026-07-22,taux_occupation,115.0,1
2412,69,2026-07-23,taux_occupation,88.0,1
2413,69,2026-07-24,taux_occupation,100.0,1
2414,69,2026-07-25,taux_occupation,103.0,1
2415,69,2026-07-26,taux_occupation,118.0,1
2416,70,2026-07-20,patients_sur_civiere,0.0,0
2417,70,2026-07-21,patients_sur_civiere,0.0,0
2418,70,2026-07-22,patients_sur_civiere,0.0,0
2419,70,2026-07-23,patients_sur_civiere,0.0,0
2420,70,2026-07-24,patients_sur_civiere,0.0,0
2421,70,2026-07-25,patients_sur_civiere,0.0,0
2422,70,2026-07-26,patients_sur_civiere,0.0,0
2423,70,2026-07-20,patients_24h_plus,0.0,0
2424,70,2026-07-21,patients_24h_plus,0.0,0
2425,70,2026-07-22,patients_24h_plus,0.0,0
2426,70,2026-07-23,patients_24h_plus,0.0,0
2427,70,2026-07-24,patients_24h_plus,0.0,0
2428,70,2026-07-25,patients_24h_plus,0.0,0
2429,70,2026-07-26,patients_24h_plus,0.0,0
2430,70,2026-07-20,patients_48h_plus,0.0,0
2431,70,2026-07-21,patients_48h_plus,0.0,0
2432,70,2026-07-22,patients_48h_plus,0.0,0
2433,70,2026-07-23,patients_48h_plus,0.0,0
2434,70,2026-07-24,patients_48h_plus,0.0,0
2435,70,2026-07-25,patients_48h_plus,0.0,0
2436,70,2026-07-26,patients_48h_plus,0.0,0
2437,70,2026-07-20,visites_totales_veille,0.0,0
2438,70,2026-07-21,visites_totales_veille,3.0,0
2439,70,2026-07-22,visites_totales_veille,2.0,0
2440,70,2026-07-23,visites_totales_veille,1.0,0
2441,70,2026-07-24,visites_totales_veille,1.0,0
2442,70,2026-07-25,visites_totales_veille,3.0,0
2443,70,2026-07-26,visites_totales_veille,2.0,0
2444,70,2026-07-20,taux_occupation,0.0,0
2445,70,2026-07-21,taux_occupation,0.0,0
2446,70,2026-07-22,taux_occupation,0.0,0
2447,70,2026-07-23,taux_occupation,0.0,0
2448,70,2026-07-24,taux_occupation,0.0,0
2449,70,2026-07-25,taux_occupation,0.0,0
2450,70,2026-07-26,taux_occupation,0.0,0
2451,71,2026-07-20,patients_sur_civiere,0.0,0
2452,71,2026-07-21,patients_sur_civiere,0.0,0
2453,71,2026-07-22,patients_sur_civiere,0.0,0
2454,71,2026-07-23,patients_sur_civiere,1.0,0
2455,71,2026-07-24,patients_sur_civiere,4.0,0
2456,71,2026-07-25,patients_sur_civiere,0.0,0
2457,71,2026-07-26,patients_sur_civiere,2.0,0
2458,71,2026-07-20,patients_24h_plus,0.0,0
2459,71,2026-07-21,patients_24h_plus,0.0,0
2460,71,2026-07-22,patients_24h_plus,0.0,0
2461,71,2026-07-23,patients_24h_plus,0.0,0
2462,71,2026-07-24,patients_24h_plus,1.0,0
2463,71,2026-07-25,patients_24h_plus,0.0,0
2464,71,2026-07-26,patients_24h_plus,0.0,0
2465,71,2026-07-20,patients_48h_plus,0.0,0
2466,71,2026-07-21,patients_48h_plus,0.0,0
2467,71,2026-07-22,patients_48h_plus,0.0,0
2468,71,2026-07-23,patients_48h_plus,0.0,0
2469,71,2026-07-24,patients_48h_plus,0.0,0
2470,71,2026-07-25,patients_48h_plus,0.0,0
2471,71,2026-07-26,patients_48h_plus,0.0,0
2472,71,2026-07-20,visites_totales_veille,12.0,0
2473,71,2026-07-21,visites_totales_veille,28.0,0
2474,71,2026-07-22,visites_totales_veille,28.0,0
2475,71,2026-07-23,visites_totales_veille,14.0,0
2476,71,2026-07-24,visites_totales_veille,15.0,0
2477,71,2026-07-25,visites_totales_veille,19.0,0
2478,71,2026-07-26,visites_totales_veille,18.0,0
2479,71,2026-07-20,taux_occupation,0.0,0
2480,71,2026-07-21,taux_occupation,0.0,0
2481,71,2026-07-22,taux_occupation,0.0,0
2482,71,2026-07-23,taux_occupation,50.0,0
2483,71,2026-07-24,taux_occupation,200.0,0
2484,71,2026-07-25,taux_occupation,0.0,0
2485,71,2026-07-26,taux_occupation,100.0,0
2486,72,2026-07-20,patients_sur_civiere,0.0,0
2487,72,2026-07-21,patients_sur_civiere,0.0,0
2488,72,2026-07-22,patients_sur_civiere,0.0,0
2489,72,2026-07-23,patients_sur_civiere,0.0,0
2490,72,2026-07-24,patients_sur_civiere,0.0,0
2491,72,2026-07-25,patients_sur_civiere,1.0,0
2492,72,2026-07-26,patients_sur_civiere,0.0,0
2493,72,2026-07-20,patients_24h_plus,0.0,0
2494,72,2026-07-21,patients_24h_plus,0.0,0
2495,72,2026-07-22,patients_24h_plus,0.0,0
2496,72,2026-07-23,patients_24h_plus,0.0,0
2497,72,2026-07-24,patients_24h_plus,0.0,0
2498,72,2026-07-25,patients_24h_plus,0.0,0
2499,72,2026-07-26,patients_24h_plus,0.0,0
2500,72,2026-07-20,patients_48h_plus,0.0,0
2501,72,2026-07-21,patients_48h_plus,0.0,0
2502,72,2026-07-22,patients_48h_plus,0.0,0
2503,72,2026-07-23,patients_48h_plus,0.0,0
2504,72,2026-07-24,patients_48h_plus,0.0,0
2505,72,2026-07-25,patients_48h_plus,0.0,0
2506,72,2026-07-26,patients_48h_plus,0.0,0
2507,72,2026-07-20,visites_totales_veille,5.0,0
2508,72,2026-07-21,visites_totales_veille,16.0,0
2509,72,2026-07-22,visites_totales_veille,21.0,0
2510,72,2026-07-23,visites_totales_veille,13.0,0
2511,72,2026-07-24,visites_totales_veille,14.0,0
2512,72,2026-07-25,visites_totales_veille,19.0,0
2513,72,2026-07-26,visites_totales_veille,6.0,0
2514,72,2026-07-20,taux_occupation,0.0,0
2515,72,2026-07-21,taux_occupation,0.0,0
2516,72,2026-07-22,taux_occupation,0.0,0
2517,72,2026-07-23,taux_occupation,0.0,0
2518,72,2026-07-24,taux_occupation,0.0,0
2519,72,2026-07-25,taux_occupation,100.0,0
2520,72,2026-07-26,taux_occupation,0.0,0
2521,73,2026-07-20,patients_sur_civiere,0.0,0
2522,73,2026-07-21,patients_sur_civiere,0.0,0
2523,73,2026-07-22,patients_sur_civiere,1.0,0
2524,73,2026-07-23,patients_sur_civiere,1.0,0
2525,73,2026-07-24,patients_sur_civiere,0.0,0
2526,73,2026-07-25,patients_sur_civiere,0.0,0
2527,73,2026-07-26,patients_sur_civiere,2.0,0
2528,73,2026-07-20,patients_24h_plus,0.0,0
2529,73,2026-07-21,patients_24h_plus,0.0,0
2530,73,2026-07-22,patients_24h_plus,0.0,0
2531,73,2026-07-23,patients_24h_plus,1.0,0
2532,73,2026-07-24,patients_24h_plus,0.0,0
2533,73,2026-07-25,patients_24h_plus,0.0,0
2534,73,2026-07-26,patients_24h_plus,0.0,0
2535,73,2026-07-20,patients_48h_plus,0.0,0
2536,73,2026-07-21,patients_48h_plus,0.0,0
2537,73,2026-07-22,patients_48h_plus,0.0,0
2538,73,2026-07-23,patients_48h_plus,0.0,0
2539,73,2026-07-24,patients_48h_plus,0.0,0
2540,73,2026-07-25,patients_48h_plus,0.0,0
2541,73,2026-07-26,patients_48h_plus,0.0,0
2542,73,2026-07-20,visites_totales_veille,5.0,0
2543,73,2026-07-21,visites_totales_veille,14.0,0
2544,73,2026-07-22,visites_totales_veille,11.0,0
2545,73,2026-07-23,visites_totales_veille,15.0,0
2546,73,2026-07-24,visites_totales_veille,13.0,0
2547,73,2026-07-25,visites_totales_veille,17.0,0
2548,73,2026-07-26,visites_totales_veille,13.0,0
2549,73,2026-07-20,taux_occupation,0.0,0
2550,73,2026-07-21,taux_occupation,0.0,0
2551,73,2026-07-22,taux_occupation,100.0,0
2552,73,2026-07-23,taux_occupation,100.0,0
2553,73,2026-07-24,taux_occupation,0.0,0
2554,73,2026-07-25,taux_occupation,0.0,0
2555,73,2026-07-26,taux_occupation,200.0,0
2556,74,2026-07-20,patients_sur_civiere,0.0,1
2557,74,2026-07-21,patients_sur_civiere,0.0,1
2558,74,2026-07-22,patients_sur_civiere,1.0,1
2559,74,2026-07-23,patients_sur_civiere,2.0,1
2560,74,2026-07-24,patients_sur_civiere,4.0,1
2561,74,2026-07-25,patients_sur_civiere,1.0,1
2562,74,2026-07-26,patients_sur_civiere,4.0,1
2563,74,2026-07-20,patients_24h_plus,0.0,1
2564,74,2026-07-21,patients_24h_plus,0.0,1
2565,74,2026-07-22,patients_24h_plus,0.0,1
2566,74,2026-07-23,patients_24h_plus,1.0,1
2567,74,2026-07-24,patients_24h_plus,1.0,1
2568,74,2026-07-25,patients_24h_plus,0.0,1
2569,74,2026-07-26,patients_24h_plus,0.0,1
2570,74,2026-07-20,patients_48h_plus,0.0,1
2571,74,2026-07-21,patients_48h_plus,0.0,1
2572,74,2026-07-22,patients_48h_plus,0.0,1
2573,74,2026-07-23,patients_48h_plus,0.0,1
2574,74,2026-07-24,patients_48h_plus,0.0,1
2575,74,2026-07-25,patients_48h_plus,0.0,1
2576,74,2026-07-26,patients_48h_plus,0.0,1
2577,74,2026-07-20,visites_totales_veille,22.0,1
2578,74,2026-07-21,visites_totales_veille,61.0,1
2579,74,2026-07-22,visites_totales_veille,62.0,1
2580,74,2026-07-23,visites_totales_veille,43.0,1
2581,74,2026-07-24,visites_totales_veille,43.0,1
2582,74,2026-07-25,visites_totales_veille,58.0,1
2583,74,2026-07-26,visites_totales_veille,39.0,1
2584,74,2026-07-20,taux_occupation,0.0,1
2585,74,2026-07-21,taux_occupation,0.0,1
2586,74,2026-07-22,taux_occupation,20.0,1
2587,74,2026-07-23,taux_occupation,40.0,1
2588,74,2026-07-24,taux_occupation,80.0,1
2589,74,2026-07-25,taux_occupation,20.0,1
2590,74,2026-07-26,taux_occupation,80.0,1
2591,75,2026-07-20,patients_sur_civiere,4.0,0
2592,75,2026-07-21,patients_sur_civiere,5.0,0
2593,75,2026-07-22,patients_sur_civiere,4.0,0
2594,75,2026-07-23,patients_sur_civiere,4.0,0
2595,75,2026-07-24,patients_sur_civiere,2.0,0
2596,75,2026-07-25,patients_sur_civiere,2.0,0
2597,75,2026-07-26,patients_sur_civiere,2.0,0
2598,75,2026-07-20,patients_24h_plus,0.0,0
2599,75,2026-07-21,patients_24h_plus,0.0,0
2600,75,2026-07-22,patients_24h_plus,1.0,0
2601,75,2026-07-23,patients_24h_plus,1.0,0
2602,75,2026-07-24,patients_24h_plus,0.0,0
2603,75,2026-07-25,patients_24h_plus,0.0,0
2604,75,2026-07-26,patients_24h_plus,0.0,0
2605,75,2026-07-20,patients_48h_plus,0.0,0
2606,75,2026-07-21,patients_48h_plus,0.0,0
2607,75,2026-07-22,patients_48h_plus,0.0,0
2608,75,2026-07-23,patients_48h_plus,0.0,0
2609,75,2026-07-24,patients_48h_plus,0.0,0
2610,75,2026-07-25,patients_48h_plus,0.0,0
2611,75,2026-07-26,patients_48h_plus,0.0,0
2612,75,2026-07-20,visites_totales_veille,35.0,0
2613,75,2026-07-21,visites_totales_veille,52.0,0
2614,75,2026-07-22,visites_totales_veille,52.0,0
2615,75,2026-07-23,visites_totales_veille,49.0,0
2616,75,2026-07-24,visites_totales_veille,34.0,0
2617,75,2026-07-25,visites_totales_veille,46.0,0
2618,75,2026-07-26,visites_totales_veille,26.0,0
2619,75,2026-07-20,taux_occupation,67.0,0
2620,75,2026-07-21,taux_occupation,83.0,0
2621,75,2026-07-22,taux_occupation,67.0,0
2622,75,2026-07-23,taux_occupation,67.0,0
2623,75,2026-07-24,taux_occupation,33.0,0
2624,75,2026-07-25,taux_occupation,33.0,0
2625,75,2026-07-26,taux_occupation,33.0,0
2626,76,2026-07-20,patients_sur_civiere,8.0,0
2627,76,2026-07-21,patients_sur_civiere,9.0,0
2628,76,2026-07-22,patients_sur_civiere,8.0,0
2629,76,2026-07-23,patients_sur_civiere,9.0,0
2630,76,2026-07-24,patients_sur_civiere,5.0,0
2631,76,2026-07-25,patients_sur_civiere,3.0,0
2632,76,2026-07-26,patients_sur_civiere,5.0,0
2633,76,2026-07-20,patients_24h_plus,3.0,0
2634,76,2026-07-21,patients_24h_plus,0.0,0
2635,76,2026-07-22,patients_24h_plus,1.0,0
2636,76,2026-07-23,patients_24h_plus,2.0,0
2637,76,2026-07-24,patients_24h_plus,1.0,0
2638,76,2026-07-25,patients_24h_plus,1.0,0
2639,76,2026-07-26,patients_24h_plus,0.0,0
2640,76,2026-07-20,patients_48h_plus,1.0,0
2641,76,2026-07-21,patients_48h_plus,0.0,0
2642,76,2026-07-22,patients_48h_plus,0.0,0
2643,76,2026-07-23,patients_48h_plus,0.0,0
2644,76,2026-07-24,patients_48h_plus,0.0,0
2645,76,2026-07-25,patients_48h_plus,0.0,0
2646,76,2026-07-26,patients_48h_plus,0.0,0
2647,76,2026-07-20,visites_totales_veille,55.0,0
2648,76,2026-07-21,visites_totales_veille,55.0,0
2649,76,2026-07-22,visites_totales_veille,41.0,0
2650,76,2026-07-23,visites_totales_veille,47.0,0
2651,76,2026-07-24,visites_totales_veille,50.0,0
2652,76,2026-07-25,visites_totales_veille,54.0,0
2653,76,2026-07-26,visites_totales_veille,41.0,0
2654,76,2026-07-20,taux_occupation,80.0,0
2655,76,2026-07-21,taux_occupation,90.0,0
2656,76,2026-07-22,taux_occupation,80.0,0
2657,76,2026-07-23,taux_occupation,90.0,0
2658,76,2026-07-24,taux_occupation,50.0,0
2659,76,2026-07-25,taux_occupation,30.0,0
2660,76,2026-07-26,taux_occupation,50.0,0
2661,77,2026-07-20,patients_sur_civiere,2.0,0
2662,77,2026-07-21,patients_sur_civiere,1.0,0
2663,77,2026-07-22,patients_sur_civiere,3.0,0
2664,77,2026-07-23,patients_sur_civiere,3.0,0
2665,77,2026-07-24,patients_sur_civiere,3.0,0
2666,77,2026-07-25,patients_sur_civiere,2.0,0
2667,77,2026-07-26,patients_sur_civiere,3.0,0
2668,77,2026-07-20,patients_24h_plus,0.0,0
2669,77,2026-07-21,patients_24h_plus,0.0,0
2670,77,2026-07-22,patients_24h_plus,0.0,0
2671,77,2026-07-23,patients_24h_plus,0.0,0
2672,77,2026-07-24,patients_24h_plus,1.0,0
2673,77,2026-07-25,patients_24h_plus,0.0,0
2674,77,2026-07-26,patients_24h_plus,0.0,0
2675,77,2026-07-20,patients_48h_plus,0.0,0
2676,77,2026-07-21,patients_48h_plus,0.0,0
2677,77,2026-07-22,patients_48h_plus,0.0,0
2678,77,2026-07-23,patients_48h_plus,0.0,0
2679,77,2026-07-24,patients_48h_plus,0.0,0
2680,77,2026-07-25,patients_48h_plus,0.0,0
2681,77,2026-07-26,patients_48h_plus,0.0,0
2682,77,2026-07-20,visites_totales_veille,39.0,0
2683,77,2026-07-21,visites_totales_veille,40.0,0
2684,77,2026-07-22,visites_totales_veille,27.0,0
2685,77,2026-07-23,visites_totales_veille,30.0,0
2686,77,2026-07-24,visites_totales_veille,41.0,0
2687,77,2026-07-25,visites_totales_veille,43.0,0
2688,77,2026-07-26,visites_totales_veille,36.0,0
2689,77,2026-07-20,taux_occupation,50.0,0
2690,77,2026-07-21,taux_occupation,25.0,0
2691,77,2026-07-22,taux_occupation,75.0,0
2692,77,2026-07-23,taux_occupation,75.0,0
2693,77,2026-07-24,taux_occupation,75.0,0
2694,77,2026-07-25,taux_occupation,50.0,0
2695,77,2026-07-26,taux_occupation,75.0,0
2696,78,2026-07-20,patients_sur_civiere,1.0,0
2697,78,2026-07-21,patients_sur_civiere,5.0,0
2698,78,2026-07-22,patients_sur_civiere,5.0,0
2699,78,2026-07-23,patients_sur_civiere,4.0,0
2700,78,2026-07-24,patients_sur_civiere,11.0,0
2701,78,2026-07-25,patients_sur_civiere,4.0,0
2702,78,2026-07-26,patients_sur_civiere,4.0,0
2703,78,2026-07-20,patients_24h_plus,0.0,0
2704,78,2026-07-21,patients_24h_plus,0.0,0
2705,78,2026-07-22,patients_24h_plus,0.0,0
2706,78,2026-07-23,patients_24h_plus,0.0,0
2707,78,2026-07-24,patients_24h_plus,2.0,0
2708,78,2026-07-25,patients_24h_plus,1.0,0
2709,78,2026-07-26,patients_24h_plus,0.0,0
2710,78,2026-07-20,patients_48h_plus,0.0,0
2711,78,2026-07-21,patients_48h_plus,0.0,0
2712,78,2026-07-22,patients_48h_plus,0.0,0
2713,78,2026-07-23,patients_48h_plus,0.0,0
2714,78,2026-07-24,patients_48h_plus,0.0,0
2715,78,2026-07-25,patients_48h_plus,0.0,0
2716,78,2026-07-26,patients_48h_plus,0.0,0
2717,78,2026-07-20,visites_totales_veille,48.0,0
2718,78,2026-07-21,visites_totales_veille,53.0,0
2719,78,2026-07-22,visites_totales_veille,51.0,0
2720,78,2026-07-23,visites_totales_veille,47.0,0
2721,78,2026-07-24,visites_totales_veille,45.0,0
2722,78,2026-07-25,visites_totales_veille,43.0,0
2723,78,2026-07-26,visites_totales_veille,51.0,0
2724,78,2026-07-20,taux_occupation,13.0,0
2725,78,2026-07-21,taux_occupation,63.0,0
2726,78,2026-07-22,taux_occupation,63.0,0
2727,78,2026-07-23,taux_occupation,50.0,0
2728,78,2026-07-24,taux_occupation,138.0,0
2729,78,2026-07-25,taux_occupation,50.0,0
2730,78,2026-07-26,taux_occupation,50.0,0
2731,79,2026-07-20,patients_sur_civiere,8.0,0
2732,79,2026-07-21,patients_sur_civiere,8.0,0
2733,79,2026-07-22,patients_sur_civiere,6.0,0
2734,79,2026-07-23,patients_sur_civiere,7.0,0
2735,79,2026-07-24,patients_sur_civiere,4.0,0
2736,79,2026-07-25,patients_sur_civiere,8.0,0
2737,79,2026-07-26,patients_sur_civiere,9.0,0
2738,79,2026-07-20,patients_24h_plus,3.0,0
2739,79,2026-07-21,patients_24h_plus,4.0,0
2740,79,2026-07-22,patients_24h_plus,3.0,0
2741,79,2026-07-23,patients_24h_plus,3.0,0
2742,79,2026-07-24,patients_24h_plus,0.0,0
2743,79,2026-07-25,patients_24h_plus,3.0,0
2744,79,2026-07-26,patients_24h_plus,4.0,0
2745,79,2026-07-20,patients_48h_plus,0.0,0
2746,79,2026-07-21,patients_48h_plus,0.0,0
2747,79,2026-07-22,patients_48h_plus,1.0,0
2748,79,2026-07-23,patients_48h_plus,3.0,0
2749,79,2026-07-24,patients_48h_plus,0.0,0
2750,79,2026-07-25,patients_48h_plus,0.0,0
2751,79,2026-07-26,patients_48h_plus,1.0,0
2752,79,2026-07-20,visites_totales_veille,53.0,0
2753,79,2026-07-21,visites_totales_veille,50.0,0
2754,79,2026-07-22,visites_totales_veille,49.0,0
2755,79,2026-07-23,visites_totales_veille,37.0,0
2756,79,2026-07-24,visites_totales_veille,33.0,0
2757,79,2026-07-25,visites_totales_veille,38.0,0
2758,79,2026-07-26,visites_totales_veille,38.0,0
2759,79,2026-07-20,taux_occupation,133.0,0
2760,79,2026-07-21,taux_occupation,133.0,0
2761,79,2026-07-22,taux_occupation,100.0,0
2762,79,2026-07-23,taux_occupation,117.0,0
2763,79,2026-07-24,taux_occupation,67.0,0
2764,79,2026-07-25,taux_occupation,133.0,0
2765,79,2026-07-26,taux_occupation,150.0,0
2766,80,2026-07-20,patients_sur_civiere,1.0,0
2767,80,2026-07-21,patients_sur_civiere,1.0,0
2768,80,2026-07-22,patients_sur_civiere,0.0,0
2769,80,2026-07-23,patients_sur_civiere,0.0,0
2770,80,2026-07-24,patients_sur_civiere,0.0,0
2771,80,2026-07-25,patients_sur_civiere,0.0,0
2772,80,2026-07-26,patients_sur_civiere,0.0,0
2773,80,2026-07-20,patients_24h_plus,0.0,0
2774,80,2026-07-21,patients_24h_plus,0.0,0
2775,80,2026-07-22,patients_24h_plus,0.0,0
2776,80,2026-07-23,patients_24h_plus,0.0,0
2777,80,2026-07-24,patients_24h_plus,0.0,0
2778,80,2026-07-25,patients_24h_plus,0.0,0
2779,80,2026-07-26,patients_24h_plus,0.0,0
2780,80,2026-07-20,patients_48h_plus,0.0,0
2781,80,2026-07-21,patients_48h_plus,0.0,0
2782,80,2026-07-22,patients_48h_plus,0.0,0
2783,80,2026-07-23,patients_48h_plus,0.0,0
2784,80,2026-07-24,patients_48h_plus,0.0,0
2785,80,2026-07-25,patients_48h_plus,0.0,0
2786,80,2026-07-26,patients_48h_plus,0.0,0
2787,80,2026-07-20,visites_totales_veille,16.0,0
2788,80,2026-07-21,visites_totales_veille,37.0,0
2789,80,2026-07-22,visites_totales_veille,24.0,0
2790,80,2026-07-23,visites_totales_veille,40.0,0
2791,80,2026-07-24,visites_totales_veille,35.0,0
2792,80,2026-07-25,visites_totales_veille,20.0,0
2793,80,2026-07-26,visites_totales_veille,14.0,0
2794,80,2026-07-20,taux_occupation,50.0,0
2795,80,2026-07-21,taux_occupation,50.0,0
2796,80,2026-07-22,taux_occupation,0.0,0
2797,80,2026-07-23,taux_occupation,0.0,0
2798,80,2026-07-24,taux_occupation,0.0,0
2799,80,2026-07-25,taux_occupation,0.0,0
2800,80,2026-07-26,taux_occupation,0.0,0
2801,81,2026-07-20,patients_sur_civiere,0.0,0
2802,81,2026-07-21,patients_sur_civiere,0.0,0
2803,81,2026-07-22,patients_sur_civiere,0.0,0
2804,81,2026-07-23,patients_sur_civiere,0.0,0
2805,81,2026-07-24,patients_sur_civiere,0.0,0
2806,81,2026-07-25,patients_sur_civiere,0.0,0
2807,81,2026-07-26,patients_sur_civiere,0.0,0
2808,81,2026-07-20,patients_24h_plus,0.0,0
2809,81,2026-07-21,patients_24h_plus,0.0,0
2810,81,2026-07-22,patients_24h_plus,0.0,0
2811,81,2026-07-23,patients_24h_plus,0.0,0
2812,81,2026-07-24,patients_24h_plus,0.0,0
2813,81,2026-07-25,patients_24h_plus,0.0,0
2814,81,2026-07-26,patients_24h_plus,0.0,0
2815,81,2026-07-20,patients_48h_plus,0.0,0
2816,81,2026-07-21,patients_48h_plus,0.0,0
2817,81,2026-07-22,patients_48h_plus,0.0,0
2818,81,2026-07-23,patients_48h_plus,0.0,0
2819,81,2026-07-24,patients_48h_plus,0.0,0
2820,81,2026-07-25,patients_48h_plus,0.0,0
2821,81,2026-07-26,patients_48h_plus,0.0,0
2822,81,2026-07-20,visites_totales_veille,6.0,0
2823,81,2026-07-21,visites_totales_veille,10.0,0
2824,81,2026-07-22,visites_totales_veille,5.0,0
2825,81,2026-07-23,visites_totales_veille,10.0,0
2826,81,2026-07-24,visites_totales_veille,5.0,0
2827,81,2026-07-25,visites_totales_veille,6.0,0
2828,81,2026-07-26,visites_totales_veille,4.0,0
2829,81,2026-07-20,taux_occupation,0.0,0
2830,81,2026-07-21,taux_occupation,0.0,0
2831,81,2026-07-22,taux_occupation,0.0,0
2832,81,2026-07-23,taux_occupation,0.0,0
2833,81,2026-07-24,taux_occupation,0.0,0
2834,81,2026-07-25,taux_occupation,0.0,0
2835,81,2026-07-26,taux_occupation,0.0,0
2836,82,2026-07-20,patients_sur_civiere,1.0,0
2837,82,2026-07-21,patients_sur_civiere,3.0,0
2838,82,2026-07-22,patients_sur_civiere,7.0,0
2839,82,2026-07-23,patients_sur_civiere,3.0,0
2840,82,2026-07-24,patients_sur_civiere,2.0,0
2841,82,2026-07-25,patients_sur_civiere,2.0,0
2842,82,2026-07-26,patients_sur_civiere,5.0,0
2843,82,2026-07-20,patients_24h_plus,0.0,0
2844,82,2026-07-21,patients_24h_plus,0.0,0
2845,82,2026-07-22,patients_24h_plus,0.0,0
2846,82,2026-07-23,patients_24h_plus,0.0,0
2847,82,2026-07-24,patients_24h_plus,0.0,0
2848,82,2026-07-25,patients_24h_plus,0.0,0
2849,82,2026-07-26,patients_24h_plus,0.0,0
2850,82,2026-07-20,patients_48h_plus,0.0,0
2851,82,2026-07-21,patients_48h_plus,0.0,0
2852,82,2026-07-22,patients_48h_plus,0.0,0
2853,82,2026-07-23,patients_48h_plus,0.0,0
2854,82,2026-07-24,patients_48h_plus,0.0,0
2855,82,2026-07-25,patients_48h_plus,0.0,0
2856,82,2026-07-26,patients_48h_plus,0.0,0
2857,82,2026-07-20,visites_totales_veille,43.0,0
2858,82,2026-07-21,visites_totales_veille,52.0,0
2859,82,2026-07-22,visites_totales_veille,54.0,0
2860,82,2026-07-23,visites_totales_veille,53.0,0
2861,82,2026-07-24,visites_totales_veille,50.0,0
2862,82,2026-07-25,visites_totales_veille,38.0,0
2863,82,2026-07-26,visites_totales_veille,53.0,0
2864,82,2026-07-20,taux_occupation,17.0,0
2865,82,2026-07-21,taux_occupation,50.0,0
2866,82,2026-07-22,taux_occupation,117.0,0
2867,82,2026-07-23,taux_occupation,50.0,0
2868,82,2026-07-24,taux_occupation,33.0,0
2869,82,2026-07-25,taux_occupation,33.0,0
2870,82,2026-07-26,taux_occupation,83.0,0
2871,83,2026-07-20,patients_sur_civiere,25.0,1
2872,83,2026-07-21,patients_sur_civiere,32.0,1
2873,83,2026-07-22,patients_sur_civiere,33.0,1
2874,83,2026-07-23,patients_sur_civiere,30.0,1
2875,83,2026-07-24,patients_sur_civiere,27.0,1
2876,83,2026-07-25,patients_sur_civiere,21.0,1
2877,83,2026-07-26,patients_sur_civiere,28.0,1
2878,83,2026-07-20,patients_24h_plus,6.0,1
2879,83,2026-07-21,patients_24h_plus,4.0,1
2880,83,2026-07-22,patients_24h_plus,5.0,1
2881,83,2026-07-23,patients_24h_plus,6.0,1
2882,83,2026-07-24,patients_24h_plus,4.0,1
2883,83,2026-07-25,patients_24h_plus,5.0,1
2884,83,2026-07-26,patients_24h_plus,4.0,1
2885,83,2026-07-20,patients_48h_plus,1.0,1
2886,83,2026-07-21,patients_48h_plus,0.0,1
2887,83,2026-07-22,patients_48h_plus,1.0,1
2888,83,2026-07-23,patients_48h_plus,3.0,1
2889,83,2026-07-24,patients_48h_plus,0.0,1
2890,83,2026-07-25,patients_48h_plus,0.0,1
2891,83,2026-07-26,patients_48h_plus,1.0,1
2892,83,2026-07-20,visites_totales_veille,295.0,1
2893,83,2026-07-21,visites_totales_veille,349.0,1
2894,83,2026-07-22,visites_totales_veille,303.0,1
2895,83,2026-07-23,visites_totales_veille,313.0,1
2896,83,2026-07-24,visites_totales_veille,293.0,1
2897,83,2026-07-25,visites_totales_veille,288.0,1
2898,83,2026-07-26,visites_totales_veille,263.0,1
2899,83,2026-07-20,taux_occupation,57.0,1
2900,83,2026-07-21,taux_occupation,73.0,1
2901,83,2026-07-22,taux_occupation,75.0,1
2902,83,2026-07-23,taux_occupation,68.0,1
2903,83,2026-07-24,taux_occupation,61.0,1
2904,83,2026-07-25,taux_occupation,48.0,1
2905,83,2026-07-26,taux_occupation,64.0,1
2906,84,2026-07-20,patients_sur_civiere,17.0,0
2907,84,2026-07-21,patients_sur_civiere,14.0,0
2908,84,2026-07-22,patients_sur_civiere,9.0,0
2909,84,2026-07-23,patients_sur_civiere,15.0,0
2910,84,2026-07-24,patients_sur_civiere,15.0,0
2911,84,2026-07-25,patients_sur_civiere,11.0,0
2912,84,2026-07-26,patients_sur_civiere,9.0,0
2913,84,2026-07-20,patients_24h_plus,3.0,0
2914,84,2026-07-21,patients_24h_plus,7.0,0
2915,84,2026-07-22,patients_24h_plus,6.0,0
2916,84,2026-07-23,patients_24h_plus,2.0,0
2917,84,2026-07-24,patients_24h_plus,3.0,0
2918,84,2026-07-25,patients_24h_plus,4.0,0
2919,84,2026-07-26,patients_24h_plus,1.0,0
2920,84,2026-07-20,patients_48h_plus,2.0,0
2921,84,2026-07-21,patients_48h_plus,1.0,0
2922,84,2026-07-22,patients_48h_plus,4.0,0
2923,84,2026-07-23,patients_48h_plus,0.0,0
2924,84,2026-07-24,patients_48h_plus,0.0,0
2925,84,2026-07-25,patients_48h_plus,0.0,0
2926,84,2026-07-26,patients_48h_plus,0.0,0
2927,84,2026-07-20,visites_totales_veille,97.0,0
2928,84,2026-07-21,visites_totales_veille,93.0,0
2929,84,2026-07-22,visites_totales_veille,90.0,0
2930,84,2026-07-23,visites_totales_veille,86.0,0
2931,84,2026-07-24,visites_totales_veille,80.0,0
2932,84,2026-07-25,visites_totales_veille,86.0,0
2933,84,2026-07-26,visites_totales_veille,80.0,0
2934,84,2026-07-20,taux_occupation,170.0,0
2935,84,2026-07-21,taux_occupation,140.0,0
2936,84,2026-07-22,taux_occupation,90.0,0
2937,84,2026-07-23,taux_occupation,150.0,0
2938,84,2026-07-24,taux_occupation,150.0,0
2939,84,2026-07-25,taux_occupation,110.0,0
2940,84,2026-07-26,taux_occupation,90.0,0
2941,85,2026-07-20,patients_sur_civiere,45.0,0
2942,85,2026-07-21,patients_sur_civiere,47.0,0
2943,85,2026-07-22,patients_sur_civiere,57.0,0
2944,85,2026-07-23,patients_sur_civiere,60.0,0
2945,85,2026-07-24,patients_sur_civiere,61.0,0
2946,85,2026-07-25,patients_sur_civiere,43.0,0
2947,85,2026-07-26,patients_sur_civiere,57.0,0
2948,85,2026-07-20,patients_24h_plus,18.0,0
2949,85,2026-07-21,patients_24h_plus,9.0,0
2950,85,2026-07-22,patients_24h_plus,10.0,0
2951,85,2026-07-23,patients_24h_plus,19.0,0
2952,85,2026-07-24,patients_24h_plus,16.0,0
2953,85,2026-07-25,patients_24h_plus,13.0,0
2954,85,2026-07-26,patients_24h_plus,13.0,0
2955,85,2026-07-20,patients_48h_plus,6.0,0
2956,85,2026-07-21,patients_48h_plus,3.0,0
2957,85,2026-07-22,patients_48h_plus,2.0,0
2958,85,2026-07-23,patients_48h_plus,4.0,0
2959,85,2026-07-24,patients_48h_plus,7.0,0
2960,85,2026-07-25,patients_48h_plus,3.0,0
2961,85,2026-07-26,patients_48h_plus,4.0,0
2962,85,2026-07-20,visites_totales_veille,241.0,0
2963,85,2026-07-21,visites_totales_veille,222.0,0
2964,85,2026-07-22,visites_totales_veille,241.0,0
2965,85,2026-07-23,visites_totales_veille,226.0,0
2966,85,2026-07-24,visites_totales_veille,203.0,0
2967,85,2026-07-25,visites_totales_veille,207.0,0
2968,85,2026-07-26,visites_totales_veille,185.0,0
2969,85,2026-07-20,taux_occupation,105.0,0
2970,85,2026-07-21,taux_occupation,109.0,0
2971,85,2026-07-22,taux_occupation,133.0,0
2972,85,2026-07-23,taux_occupation,140.0,0
2973,85,2026-07-24,taux_occupation,142.0,0
2974,85,2026-07-25,taux_occupation,100.0,0
2975,85,2026-07-26,taux_occupation,133.0,0
2976,86,2026-07-20,patients_sur_civiere,0.0,0
2977,86,2026-07-21,patients_sur_civiere,0.0,0
2978,86,2026-07-22,patients_sur_civiere,0.0,0
2979,86,2026-07-23,patients_sur_civiere,0.0,0
2980,86,2026-07-24,patients_sur_civiere,0.0,0
2981,86,2026-07-25,patients_sur_civiere,0.0,0
2982,86,2026-07-26,patients_sur_civiere,0.0,0
2983,86,2026-07-20,patients_24h_plus,0.0,0
2984,86,2026-07-21,patients_24h_plus,0.0,0
2985,86,2026-07-22,patients_24h_plus,0.0,0
2986,86,2026-07-23,patients_24h_plus,0.0,0
2987,86,2026-07-24,patients_24h_plus,0.0,0
2988,86,2026-07-25,patients_24h_plus,0.0,0
2989,86,2026-07-26,patients_24h_plus,0.0,0
2990,86,2026-07-20,patients_48h_plus,0.0,0
2991,86,2026-07-21,patients_48h_plus,0.0,0
2992,86,2026-07-22,patients_48h_plus,0.0,0
2993,86,2026-07-23,patients_48h_plus,0.0,0
2994,86,2026-07-24,patients_48h_plus,0.0,0
2995,86,2026-07-25,patients_48h_plus,0.0,0
2996,86,2026-07-26,patients_48h_plus,0.0,0
2997,86,2026-07-20,visites_totales_veille,90.0,0
2998,86,2026-07-21,visites_totales_veille,125.0,0
2999,86,2026-07-22,visites_totales_veille,121.0,0
3000,86,2026-07-23,visites_totales_veille,110.0,0
3001,86,2026-07-24,visites_totales_veille,105.0,0
3002,86,2026-07-25,visites_totales_veille,112.0,0
3003,86,2026-07-26,visites_totales_veille,64.0,0
3004,86,2026-07-20,taux_occupation,,0
3005,86,2026-07-21,taux_occupation,,0
3006,86,2026-07-22,taux_occupation,,0
3007,86,2026-07-23,taux_occupation,,0
3008,86,2026-07-24,taux_occupation,,0
3009,86,2026-07-25,taux_occupation,,0
3010,86,2026-07-26,taux_occupation,,0
3011,87,2026-07-20,patients_sur_civiere,28.0,0
3012,87,2026-07-21,patients_sur_civiere,25.0,0
3013,87,2026-07-22,patients_sur_civiere,29.0,0
3014,87,2026-07-23,patients_sur_civiere,20.0,0
3015,87,2026-07-24,patients_sur_civiere,22.0,0
3016,87,2026-07-25,patients_sur_civiere,24.0,0
3017,87,2026-07-26,patients_sur_civiere,19.0,0
3018,87,2026-07-20,patients_24h_plus,6.0,0
3019,87,2026-07-21,patients_24h_plus,6.0,0
3020,87,2026-07-22,patients_24h_plus,5.0,0
3021,87,2026-07-23,patients_24h_plus,6.0,0
3022,87,2026-07-24,patients_24h_plus,4.0,0
3023,87,2026-07-25,patients_24h_plus,1.0,0
3024,87,2026-07-26,patients_24h_plus,2.0,0
3025,87,2026-07-20,patients_48h_plus,1.0,0
3026,87,2026-07-21,patients_48h_plus,2.0,0
3027,87,2026-07-22,patients_48h_plus,0.0,0
3028,87,2026-07-23,patients_48h_plus,0.0,0
3029,87,2026-07-24,patients_48h_plus,1.0,0
3030,87,2026-07-25,patients_48h_plus,0.0,0
3031,87,2026-07-26,patients_48h_plus,0.0,0
3032,87,2026-07-20,visites_totales_veille,98.0,0
3033,87,2026-07-21,visites_totales_veille,139.0,0
3034,87,2026-07-22,visites_totales_veille,116.0,0
3035,87,2026-07-23,visites_totales_veille,121.0,0
3036,87,2026-07-24,visites_totales_veille,101.0,0
3037,87,2026-07-25,visites_totales_veille,126.0,0
3038,87,2026-07-26,visites_totales_veille,116.0,0
3039,87,2026-07-20,taux_occupation,133.0,0
3040,87,2026-07-21,taux_occupation,119.0,0
3041,87,2026-07-22,taux_occupation,138.0,0
3042,87,2026-07-23,taux_occupation,95.0,0
3043,87,2026-07-24,taux_occupation,105.0,0
3044,87,2026-07-25,taux_occupation,114.0,0
3045,87,2026-07-26,taux_occupation,90.0,0
3046,88,2026-07-20,patients_sur_civiere,13.0,0
3047,88,2026-07-21,patients_sur_civiere,10.0,0
3048,88,2026-07-22,patients_sur_civiere,13.0,0
3049,88,2026-07-23,patients_sur_civiere,11.0,0
3050,88,2026-07-24,patients_sur_civiere,16.0,0
3051,88,2026-07-25,patients_sur_civiere,19.0,0
3052,88,2026-07-26,patients_sur_civiere,11.0,0
3053,88,2026-07-20,patients_24h_plus,3.0,0
3054,88,2026-07-21,patients_24h_plus,0.0,0
3055,88,2026-07-22,patients_24h_plus,2.0,0
3056,88,2026-07-23,patients_24h_plus,2.0,0
3057,88,2026-07-24,patients_24h_plus,1.0,0
3058,88,2026-07-25,patients_24h_plus,1.0,0
3059,88,2026-07-26,patients_24h_plus,0.0,0
3060,88,2026-07-20,patients_48h_plus,0.0,0
3061,88,2026-07-21,patients_48h_plus,0.0,0
3062,88,2026-07-22,patients_48h_plus,0.0,0
3063,88,2026-07-23,patients_48h_plus,0.0,0
3064,88,2026-07-24,patients_48h_plus,0.0,0
3065,88,2026-07-25,patients_48h_plus,0.0,0
3066,88,2026-07-26,patients_48h_plus,0.0,0
3067,88,2026-07-20,visites_totales_veille,96.0,0
3068,88,2026-07-21,visites_totales_veille,101.0,0
3069,88,2026-07-22,visites_totales_veille,110.0,0
3070,88,2026-07-23,visites_totales_veille,113.0,0
3071,88,2026-07-24,visites_totales_veille,99.0,0
3072,88,2026-07-25,visites_totales_veille,104.0,0
3073,88,2026-07-26,visites_totales_veille,94.0,0
3074,88,2026-07-20,taux_occupation,87.0,0
3075,88,2026-07-21,taux_occupation,67.0,0
3076,88,2026-07-22,taux_occupation,87.0,0
3077,88,2026-07-23,taux_occupation,73.0,0
3078,88,2026-07-24,taux_occupation,107.0,0
3079,88,2026-07-25,taux_occupation,127.0,0
3080,88,2026-07-26,taux_occupation,73.0,0
3081,89,2026-07-20,patients_sur_civiere,103.0,1
3082,89,2026-07-21,patients_sur_civiere,96.0,1
3083,89,2026-07-22,patients_sur_civiere,108.0,1
3084,89,2026-07-23,patients_sur_civiere,106.0,1
3085,89,2026-07-24,patients_sur_civiere,114.0,1
3086,89,2026-07-25,patients_sur_civiere,97.0,1
3087,89,2026-07-26,patients_sur_civiere,96.0,1
3088,89,2026-07-20,patients_24h_plus,30.0,1
3089,89,2026-07-21,patients_24h_plus,22.0,1
3090,89,2026-07-22,patients_24h_plus,23.0,1
3091,89,2026-07-23,patients_24h_plus,29.0,1
3092,89,2026-07-24,patients_24h_plus,24.0,1
3093,89,2026-07-25,patients_24h_plus,19.0,1
3094,89,2026-07-26,patients_24h_plus,16.0,1
3095,89,2026-07-20,patients_48h_plus,9.0,1
3096,89,2026-07-21,patients_48h_plus,6.0,1
3097,89,2026-07-22,patients_48h_plus,6.0,1
3098,89,2026-07-23,patients_48h_plus,4.0,1
3099,89,2026-07-24,patients_48h_plus,8.0,1
3100,89,2026-07-25,patients_48h_plus,3.0,1
3101,89,2026-07-26,patients_48h_plus,4.0,1
3102,89,2026-07-20,visites_totales_veille,622.0,1
3103,89,2026-07-21,visites_totales_veille,680.0,1
3104,89,2026-07-22,visites_totales_veille,678.0,1
3105,89,2026-07-23,visites_totales_veille,656.0,1
3106,89,2026-07-24,visites_totales_veille,588.0,1
3107,89,2026-07-25,visites_totales_veille,635.0,1
3108,89,2026-07-26,visites_totales_veille,539.0,1
3109,89,2026-07-20,taux_occupation,116.0,1
3110,89,2026-07-21,taux_occupation,108.0,1
3111,89,2026-07-22,taux_occupation,121.0,1
3112,89,2026-07-23,taux_occupation,119.0,1
3113,89,2026-07-24,taux_occupation,128.0,1
3114,89,2026-07-25,taux_occupation,109.0,1
3115,89,2026-07-26,taux_occupation,108.0,1
3116,90,2026-07-20,patients_sur_civiere,84.0,0
3117,90,2026-07-21,patients_sur_civiere,86.0,0
3118,90,2026-07-22,patients_sur_civiere,85.0,0
3119,90,2026-07-23,patients_sur_civiere,81.0,0
3120,90,2026-07-24,patients_sur_civiere,84.0,0
3121,90,2026-07-25,patients_sur_civiere,72.0,0
3122,90,2026-07-26,patients_sur_civiere,77.0,0
3123,90,2026-07-20,patients_24h_plus,19.0,0
3124,90,2026-07-21,patients_24h_plus,15.0,0
3125,90,2026-07-22,patients_24h_plus,17.0,0
3126,90,2026-07-23,patients_24h_plus,10.0,0
3127,90,2026-07-24,patients_24h_plus,11.0,0
3128,90,2026-07-25,patients_24h_plus,14.0,0
3129,90,2026-07-26,patients_24h_plus,13.0,0
3130,90,2026-07-20,patients_48h_plus,3.0,0
3131,90,2026-07-21,patients_48h_plus,2.0,0
3132,90,2026-07-22,patients_48h_plus,0.0,0
3133,90,2026-07-23,patients_48h_plus,0.0,0
3134,90,2026-07-24,patients_48h_plus,0.0,0
3135,90,2026-07-25,patients_48h_plus,0.0,0
3136,90,2026-07-26,patients_48h_plus,1.0,0
3137,90,2026-07-20,visites_totales_veille,207.0,0
3138,90,2026-07-21,visites_totales_veille,282.0,0
3139,90,2026-07-22,visites_totales_veille,265.0,0
3140,90,2026-07-23,visites_totales_veille,265.0,0
3141,90,2026-07-24,visites_totales_veille,286.0,0
3142,90,2026-07-25,visites_totales_veille,236.0,0
3143,90,2026-07-26,visites_totales_veille,178.0,0
3144,90,2026-07-20,taux_occupation,171.0,0
3145,90,2026-07-21,taux_occupation,176.0,0
3146,90,2026-07-22,taux_occupation,173.0,0
3147,90,2026-07-23,taux_occupation,165.0,0
3148,90,2026-07-24,taux_occupation,171.0,0
3149,90,2026-07-25,taux_occupation,147.0,0
3150,90,2026-07-26,taux_occupation,157.0,0
3151,91,2026-07-20,patients_sur_civiere,84.0,1
3152,91,2026-07-21,patients_sur_civiere,86.0,1
3153,91,2026-07-22,patients_sur_civiere,85.0,1
3154,91,2026-07-23,patients_sur_civiere,81.0,1
3155,91,2026-07-24,patients_sur_civiere,84.0,1
3156,91,2026-07-25,patients_sur_civiere,72.0,1
3157,91,2026-07-26,patients_sur_civiere,77.0,1
3158,91,2026-07-20,patients_24h_plus,19.0,1
3159,91,2026-07-21,patients_24h_plus,15.0,1
3160,91,2026-07-22,patients_24h_plus,17.0,1
3161,91,2026-07-23,patients_24h_plus,10.0,1
3162,91,2026-07-24,patients_24h_plus,11.0,1
3163,91,2026-07-25,patients_24h_plus,14.0,1
3164,91,2026-07-26,patients_24h_plus,13.0,1
3165,91,2026-07-20,patients_48h_plus,3.0,1
3166,91,2026-07-21,patients_48h_plus,2.0,1
3167,91,2026-07-22,patients_48h_plus,0.0,1
3168,91,2026-07-23,patients_48h_plus,0.0,1
3169,91,2026-07-24,patients_48h_plus,0.0,1
3170,91,2026-07-25,patients_48h_plus,0.0,1
3171,91,2026-07-26,patients_48h_plus,1.0,1
3172,91,2026-07-20,visites_totales_veille,207.0,1
3173,91,2026-07-21,visites_totales_veille,282.0,1
3174,91,2026-07-22,visites_totales_veille,265.0,1
3175,91,2026-07-23,visites_totales_veille,265.0,1
3176,91,2026-07-24,visites_totales_veille,286.0,1
3177,91,2026-07-25,visites_totales_veille,236.0,1
3178,91,2026-07-26,visites_totales_veille,178.0,1
3179,91,2026-07-20,taux_occupation,171.0,1
3180,91,2026-07-21,taux_occupation,176.0,1
3181,91,2026-07-22,taux_occupation,173.0,1
3182,91,2026-07-23,taux_occupation,165.0,1
3183,91,2026-07-24,taux_occupation,171.0,1
3184,91,2026-07-25,taux_occupation,147.0,1
3185,91,2026-07-26,taux_occupation,157.0,1
3186,92,2026-07-20,patients_sur_civiere,41.0,0
3187,92,2026-07-21,patients_sur_civiere,49.0,0
3188,92,2026-07-22,patients_sur_civiere,47.0,0
3189,92,2026-07-23,patients_sur_civiere,41.0,0
3190,92,2026-07-24,patients_sur_civiere,40.0,0
3191,92,2026-07-25,patients_sur_civiere,40.0,0
3192,92,2026-07-26,patients_sur_civiere,45.0,0
3193,92,2026-07-20,patients_24h_plus,6.0,0
3194,92,2026-07-21,patients_24h_plus,6.0,0
3195,92,2026-07-22,patients_24h_plus,11.0,0
3196,92,2026-07-23,patients_24h_plus,7.0,0
3197,92,2026-07-24,patients_24h_plus,9.0,0
3198,92,2026-07-25,patients_24h_plus,4.0,0
3199,92,2026-07-26,patients_24h_plus,4.0,0
3200,92,2026-07-20,patients_48h_plus,0.0,0
3201,92,2026-07-21,patients_48h_plus,0.0,0
3202,92,2026-07-22,patients_48h_plus,1.0,0
3203,92,2026-07-23,patients_48h_plus,0.0,0
3204,92,2026-07-24,patients_48h_plus,1.0,0
3205,92,2026-07-25,patients_48h_plus,0.0,0
3206,92,2026-07-26,patients_48h_plus,0.0,0
3207,92,2026-07-20,visites_totales_veille,215.0,0
3208,92,2026-07-21,visites_totales_veille,276.0,0
3209,92,2026-07-22,visites_totales_veille,250.0,0
3210,92,2026-07-23,visites_totales_veille,242.0,0
3211,92,2026-07-24,visites_totales_veille,241.0,0
3212,92,2026-07-25,visites_totales_veille,212.0,0
3213,92,2026-07-26,visites_totales_veille,200.0,0
3214,92,2026-07-20,taux_occupation,87.0,0
3215,92,2026-07-21,taux_occupation,104.0,0
3216,92,2026-07-22,taux_occupation,100.0,0
3217,92,2026-07-23,taux_occupation,87.0,0
3218,92,2026-07-24,taux_occupation,85.0,0
3219,92,2026-07-25,taux_occupation,85.0,0
3220,92,2026-07-26,taux_occupation,96.0,0
3221,93,2026-07-20,patients_sur_civiere,46.0,0
3222,93,2026-07-21,patients_sur_civiere,53.0,0
3223,93,2026-07-22,patients_sur_civiere,54.0,0
3224,93,2026-07-23,patients_sur_civiere,54.0,0
3225,93,2026-07-24,patients_sur_civiere,58.0,0
3226,93,2026-07-25,patients_sur_civiere,34.0,0
3227,93,2026-07-26,patients_sur_civiere,37.0,0
3228,93,2026-07-20,patients_24h_plus,2.0,0
3229,93,2026-07-21,patients_24h_plus,7.0,0
3230,93,2026-07-22,patients_24h_plus,15.0,0
3231,93,2026-07-23,patients_24h_plus,8.0,0
3232,93,2026-07-24,patients_24h_plus,9.0,0
3233,93,2026-07-25,patients_24h_plus,10.0,0
3234,93,2026-07-26,patients_24h_plus,3.0,0
3235,93,2026-07-20,patients_48h_plus,0.0,0
3236,93,2026-07-21,patients_48h_plus,0.0,0
3237,93,2026-07-22,patients_48h_plus,0.0,0
3238,93,2026-07-23,patients_48h_plus,0.0,0
3239,93,2026-07-24,patients_48h_plus,1.0,0
3240,93,2026-07-25,patients_48h_plus,0.0,0
3241,93,2026-07-26,patients_48h_plus,0.0,0
3242,93,2026-07-20,visites_totales_veille,197.0,0
3243,93,2026-07-21,visites_totales_veille,229.0,0
3244,93,2026-07-22,visites_totales_veille,229.0,0
3245,93,2026-07-23,visites_totales_veille,222.0,0
3246,93,2026-07-24,visites_totales_veille,211.0,0
3247,93,2026-07-25,visites_totales_veille,202.0,0
3248,93,2026-07-26,visites_totales_veille,186.0,0
3249,93,2026-07-20,taux_occupation,110.0,0
3250,93,2026-07-21,taux_occupation,126.0,0
3251,93,2026-07-22,taux_occupation,129.0,0
3252,93,2026-07-23,taux_occupation,129.0,0
3253,93,2026-07-24,taux_occupation,138.0,0
3254,93,2026-07-25,taux_occupation,81.0,0
3255,93,2026-07-26,taux_occupation,88.0,0
3256,94,2026-07-20,patients_sur_civiere,87.0,1
3257,94,2026-07-21,patients_sur_civiere,102.0,1
3258,94,2026-07-22,patients_sur_civiere,101.0,1
3259,94,2026-07-23,patients_sur_civiere,95.0,1
3260,94,2026-07-24,patients_sur_civiere,98.0,1
3261,94,2026-07-25,patients_sur_civiere,74.0,1
3262,94,2026-07-26,patients_sur_civiere,82.0,1
3263,94,2026-07-20,patients_24h_plus,8.0,1
3264,94,2026-07-21,patients_24h_plus,13.0,1
3265,94,2026-07-22,patients_24h_plus,26.0,1
3266,94,2026-07-23,patients_24h_plus,15.0,1
3267,94,2026-07-24,patients_24h_plus,18.0,1
3268,94,2026-07-25,patients_24h_plus,14.0,1
3269,94,2026-07-26,patients_24h_plus,7.0,1
3270,94,2026-07-20,patients_48h_plus,0.0,1
3271,94,2026-07-21,patients_48h_plus,0.0,1
3272,94,2026-07-22,patients_48h_plus,1.0,1
3273,94,2026-07-23,patients_48h_plus,0.0,1
3274,94,2026-07-24,patients_48h_plus,2.0,1
3275,94,2026-07-25,patients_48h_plus,0.0,1
3276,94,2026-07-26,patients_48h_plus,0.0,1
3277,94,2026-07-20,visites_totales_veille,412.0,1
3278,94,2026-07-21,visites_totales_veille,505.0,1
3279,94,2026-07-22,visites_totales_veille,479.0,1
3280,94,2026-07-23,visites_totales_veille,464.0,1
3281,94,2026-07-24,visites_totales_veille,452.0,1
3282,94,2026-07-25,visites_totales_veille,414.0,1
3283,94,2026-07-26,visites_totales_veille,386.0,1
3284,94,2026-07-20,taux_occupation,98.0,1
3285,94,2026-07-21,taux_occupation,115.0,1
3286,94,2026-07-22,taux_occupation,113.0,1
3287,94,2026-07-23,taux_occupation,107.0,1
3288,94,2026-07-24,taux_occupation,110.0,1
3289,94,2026-07-25,taux_occupation,83.0,1
3290,94,2026-07-26,taux_occupation,92.0,1
3291,95,2026-07-20,patients_sur_civiere,60.0,0
3292,95,2026-07-21,patients_sur_civiere,56.0,0
3293,95,2026-07-22,patients_sur_civiere,62.0,0
3294,95,2026-07-23,patients_sur_civiere,62.0,0
3295,95,2026-07-24,patients_sur_civiere,57.0,0
3296,95,2026-07-25,patients_sur_civiere,65.0,0
3297,95,2026-07-26,patients_sur_civiere,58.0,0
3298,95,2026-07-20,patients_24h_plus,26.0,0
3299,95,2026-07-21,patients_24h_plus,20.0,0
3300,95,2026-07-22,patients_24h_plus,22.0,0
3301,95,2026-07-23,patients_24h_plus,21.0,0
3302,95,2026-07-24,patients_24h_plus,27.0,0
3303,95,2026-07-25,patients_24h_plus,26.0,0
3304,95,2026-07-26,patients_24h_plus,28.0,0
3305,95,2026-07-20,patients_48h_plus,11.0,0
3306,95,2026-07-21,patients_48h_plus,5.0,0
3307,95,2026-07-22,patients_48h_plus,3.0,0
3308,95,2026-07-23,patients_48h_plus,3.0,0
3309,95,2026-07-24,patients_48h_plus,2.0,0
3310,95,2026-07-25,patients_48h_plus,8.0,0
3311,95,2026-07-26,patients_48h_plus,10.0,0
3312,95,2026-07-20,visites_totales_veille,150.0,0
3313,95,2026-07-21,visites_totales_veille,185.0,0
3314,95,2026-07-22,visites_totales_veille,159.0,0
3315,95,2026-07-23,visites_totales_veille,162.0,0
3316,95,2026-07-24,visites_totales_veille,130.0,0
3317,95,2026-07-25,visites_totales_veille,165.0,0
3318,95,2026-07-26,visites_totales_veille,148.0,0
3319,95,2026-07-20,taux_occupation,171.0,0
3320,95,2026-07-21,taux_occupation,160.0,0
3321,95,2026-07-22,taux_occupation,177.0,0
3322,95,2026-07-23,taux_occupation,177.0,0
3323,95,2026-07-24,taux_occupation,163.0,0
3324,95,2026-07-25,taux_occupation,186.0,0
3325,95,2026-07-26,taux_occupation,166.0,0
3326,96,2026-07-20,patients_sur_civiere,52.0,0
3327,96,2026-07-21,patients_sur_civiere,70.0,0
3328,96,2026-07-22,patients_sur_civiere,75.0,0
3329,96,2026-07-23,patients_sur_civiere,76.0,0
3330,96,2026-07-24,patients_sur_civiere,62.0,0
3331,96,2026-07-25,patients_sur_civiere,54.0,0
3332,96,2026-07-26,patients_sur_civiere,68.0,0
3333,96,2026-07-20,patients_24h_plus,23.0,0
3334,96,2026-07-21,patients_24h_plus,19.0,0
3335,96,2026-07-22,patients_24h_plus,32.0,0
3336,96,2026-07-23,patients_24h_plus,28.0,0
3337,96,2026-07-24,patients_24h_plus,16.0,0
3338,96,2026-07-25,patients_24h_plus,12.0,0
3339,96,2026-07-26,patients_24h_plus,21.0,0
3340,96,2026-07-20,patients_48h_plus,14.0,0
3341,96,2026-07-21,patients_48h_plus,9.0,0
3342,96,2026-07-22,patients_48h_plus,9.0,0
3343,96,2026-07-23,patients_48h_plus,10.0,0
3344,96,2026-07-24,patients_48h_plus,6.0,0
3345,96,2026-07-25,patients_48h_plus,3.0,0
3346,96,2026-07-26,patients_48h_plus,5.0,0
3347,96,2026-07-20,visites_totales_veille,172.0,0
3348,96,2026-07-21,visites_totales_veille,211.0,0
3349,96,2026-07-22,visites_totales_veille,203.0,0
3350,96,2026-07-23,visites_totales_veille,170.0,0
3351,96,2026-07-24,visites_totales_veille,179.0,0
3352,96,2026-07-25,visites_totales_veille,166.0,0
3353,96,2026-07-26,visites_totales_veille,166.0,0
3354,96,2026-07-20,taux_occupation,111.0,0
3355,96,2026-07-21,taux_occupation,149.0,0
3356,96,2026-07-22,taux_occupation,160.0,0
3357,96,2026-07-23,taux_occupation,162.0,0
3358,96,2026-07-24,taux_occupation,132.0,0
3359,96,2026-07-25,taux_occupation,115.0,0
3360,96,2026-07-26,taux_occupation,145.0,0
3361,97,2026-07-20,patients_sur_civiere,27.0,0
3362,97,2026-07-21,patients_sur_civiere,25.0,0
3363,97,2026-07-22,patients_sur_civiere,19.0,0
3364,97,2026-07-23,patients_sur_civiere,19.0,0
3365,97,2026-07-24,patients_sur_civiere,31.0,0
3366,97,2026-07-25,patients_sur_civiere,21.0,0
3367,97,2026-07-26,patients_sur_civiere,19.0,0
3368,97,2026-07-20,patients_24h_plus,4.0,0
3369,97,2026-07-21,patients_24h_plus,0.0,0
3370,97,2026-07-22,patients_24h_plus,1.0,0
3371,97,2026-07-23,patients_24h_plus,1.0,0
3372,97,2026-07-24,patients_24h_plus,1.0,0
3373,97,2026-07-25,patients_24h_plus,3.0,0
3374,97,2026-07-26,patients_24h_plus,3.0,0
3375,97,2026-07-20,patients_48h_plus,0.0,0
3376,97,2026-07-21,patients_48h_plus,0.0,0
3377,97,2026-07-22,patients_48h_plus,0.0,0
3378,97,2026-07-23,patients_48h_plus,0.0,0
3379,97,2026-07-24,patients_48h_plus,0.0,0
3380,97,2026-07-25,patients_48h_plus,0.0,0
3381,97,2026-07-26,patients_48h_plus,0.0,0
3382,97,2026-07-20,visites_totales_veille,99.0,0
3383,97,2026-07-21,visites_totales_veille,108.0,0
3384,97,2026-07-22,visites_totales_veille,116.0,0
3385,97,2026-07-23,visites_totales_veille,107.0,0
3386,97,2026-07-24,visites_totales_veille,109.0,0
3387,97,2026-07-25,visites_totales_veille,115.0,0
3388,97,2026-07-26,visites_totales_veille,96.0,0
3389,97,2026-07-20,taux_occupation,150.0,0
3390,97,2026-07-21,taux_occupation,139.0,0
3391,97,2026-07-22,taux_occupation,106.0,0
3392,97,2026-07-23,taux_occupation,106.0,0
3393,97,2026-07-24,taux_occupation,172.0,0
3394,97,2026-07-25,taux_occupation,117.0,0
3395,97,2026-07-26,taux_occupation,106.0,0
3396,98,2026-07-20,patients_sur_civiere,10.0,0
3397,98,2026-07-21,patients_sur_civiere,9.0,0
3398,98,2026-07-22,patients_sur_civiere,8.0,0
3399,98,2026-07-23,patients_sur_civiere,7.0,0
3400,98,2026-07-24,patients_sur_civiere,9.0,0
3401,98,2026-07-25,patients_sur_civiere,4.0,0
3402,98,2026-07-26,patients_sur_civiere,6.0,0
3403,98,2026-07-20,patients_24h_plus,0.0,0
3404,98,2026-07-21,patients_24h_plus,1.0,0
3405,98,2026-07-22,patients_24h_plus,2.0,0
3406,98,2026-07-23,patients_24h_plus,2.0,0
3407,98,2026-07-24,patients_24h_plus,0.0,0
3408,98,2026-07-25,patients_24h_plus,1.0,0
3409,98,2026-07-26,patients_24h_plus,2.0,0
3410,98,2026-07-20,patients_48h_plus,0.0,0
3411,98,2026-07-21,patients_48h_plus,0.0,0
3412,98,2026-07-22,patients_48h_plus,0.0,0
3413,98,2026-07-23,patients_48h_plus,0.0,0
3414,98,2026-07-24,patients_48h_plus,0.0,0
3415,98,2026-07-25,patients_48h_plus,0.0,0
3416,98,2026-07-26,patients_48h_plus,1.0,0
3417,98,2026-07-20,visites_totales_veille,46.0,0
3418,98,2026-07-21,visites_totales_veille,67.0,0
3419,98,2026-07-22,visites_totales_veille,48.0,0
3420,98,2026-07-23,visites_totales_veille,39.0,0
3421,98,2026-07-24,visites_totales_veille,49.0,0
3422,98,2026-07-25,visites_totales_veille,44.0,0
3423,98,2026-07-26,visites_totales_veille,43.0,0
3424,98,2026-07-20,taux_occupation,200.0,0
3425,98,2026-07-21,taux_occupation,180.0,0
3426,98,2026-07-22,taux_occupation,160.0,0
3427,98,2026-07-23,taux_occupation,140.0,0
3428,98,2026-07-24,taux_occupation,180.0,0
3429,98,2026-07-25,taux_occupation,80.0,0
3430,98,2026-07-26,taux_occupation,120.0,0
3431,99,2026-07-20,patients_sur_civiere,11.0,0
3432,99,2026-07-21,patients_sur_civiere,4.0,0
3433,99,2026-07-22,patients_sur_civiere,12.0,0
3434,99,2026-07-23,patients_sur_civiere,5.0,0
3435,99,2026-07-24,patients_sur_civiere,6.0,0
3436,99,2026-07-25,patients_sur_civiere,10.0,0
3437,99,2026-07-26,patients_sur_civiere,6.0,0
3438,99,2026-07-20,patients_24h_plus,3.0,0
3439,99,2026-07-21,patients_24h_plus,1.0,0
3440,99,2026-07-22,patients_24h_plus,0.0,0
3441,99,2026-07-23,patients_24h_plus,1.0,0
3442,99,2026-07-24,patients_24h_plus,0.0,0
3443,99,2026-07-25,patients_24h_plus,1.0,0
3444,99,2026-07-26,patients_24h_plus,0.0,0
3445,99,2026-07-20,patients_48h_plus,0.0,0
3446,99,2026-07-21,patients_48h_plus,0.0,0
3447,99,2026-07-22,patients_48h_plus,0.0,0
3448,99,2026-07-23,patients_48h_plus,0.0,0
3449,99,2026-07-24,patients_48h_plus,0.0,0
3450,99,2026-07-25,patients_48h_plus,0.0,0
3451,99,2026-07-26,patients_48h_plus,0.0,0
3452,99,2026-07-20,visites_totales_veille,60.0,0
3453,99,2026-07-21,visites_totales_veille,58.0,0
3454,99,2026-07-22,visites_totales_veille,53.0,0
3455,99,2026-07-23,visites_totales_veille,53.0,0
3456,99,2026-07-24,visites_totales_veille,49.0,0
3457,99,2026-07-25,visites_totales_veille,72.0,0
3458,99,2026-07-26,visites_totales_veille,62.0,0
3459,99,2026-07-20,taux_occupation,138.0,0
3460,99,2026-07-21,taux_occupation,50.0,0
3461,99,2026-07-22,taux_occupation,150.0,0
3462,99,2026-07-23,taux_occupation,63.0,0
3463,99,2026-07-24,taux_occupation,75.0,0
3464,99,2026-07-25,taux_occupation,125.0,0
3465,99,2026-07-26,taux_occupation,75.0,0
3466,100,2026-07-20,patients_sur_civiere,160.0,1
3467,100,2026-07-21,patients_sur_civiere,164.0,1
3468,100,2026-07-22,patients_sur_civiere,176.0,1
3469,100,2026-07-23,patients_sur_civiere,169.0,1
3470,100,2026-07-24,patients_sur_civiere,165.0,1
3471,100,2026-07-25,patients_sur_civiere,154.0,1
3472,100,2026-07-26,patients_sur_civiere,157.0,1
3473,100,2026-07-20,patients_24h_plus,56.0,1
3474,100,2026-07-21,patients_24h_plus,41.0,1
3475,100,2026-07-22,patients_24h_plus,57.0,1
3476,100,2026-07-23,patients_24h_plus,53.0,1
3477,100,2026-07-24,patients_24h_plus,44.0,1
3478,100,2026-07-25,patients_24h_plus,43.0,1
3479,100,2026-07-26,patients_24h_plus,54.0,1
3480,100,2026-07-20,patients_48h_plus,25.0,1
3481,100,2026-07-21,patients_48h_plus,14.0,1
3482,100,2026-07-22,patients_48h_plus,12.0,1
3483,100,2026-07-23,patients_48h_plus,13.0,1
3484,100,2026-07-24,patients_48h_plus,8.0,1
3485,100,2026-07-25,patients_48h_plus,11.0,1
3486,100,2026-07-26,patients_48h_plus,16.0,1
3487,100,2026-07-20,visites_totales_veille,527.0,1
3488,100,2026-07-21,visites_totales_veille,629.0,1
3489,100,2026-07-22,visites_totales_veille,579.0,1
3490,100,2026-07-23,visites_totales_veille,531.0,1
3491,100,2026-07-24,visites_totales_veille,516.0,1
3492,100,2026-07-25,visites_totales_veille,562.0,1
3493,100,2026-07-26,visites_totales_veille,515.0,1
3494,100,2026-07-20,taux_occupation,142.0,1
3495,100,2026-07-21,taux_occupation,145.0,1
3496,100,2026-07-22,taux_occupation,156.0,1
3497,100,2026-07-23,taux_occupation,150.0,1
3498,100,2026-07-24,taux_occupation,146.0,1
3499,100,2026-07-25,taux_occupation,136.0,1
3500,100,2026-07-26,taux_occupation,139.0,1
3501,101,2026-07-20,patients_sur_civiere,16.0,0
3502,101,2026-07-21,patients_sur_civiere,22.0,0
3503,101,2026-07-22,patients_sur_civiere,27.0,0
3504,101,2026-07-23,patients_sur_civiere,20.0,0
3505,101,2026-07-24,patients_sur_civiere,20.0,0
3506,101,2026-07-25,patients_sur_civiere,21.0,0
3507,101,2026-07-26,patients_sur_civiere,27.0,0
3508,101,2026-07-20,patients_24h_plus,3.0,0
3509,101,2026-07-21,patients_24h_plus,2.0,0
3510,101,2026-07-22,patients_24h_plus,5.0,0
3511,101,2026-07-23,patients_24h_plus,7.0,0
3512,101,2026-07-24,patients_24h_plus,4.0,0
3513,101,2026-07-25,patients_24h_plus,5.0,0
3514,101,2026-07-26,patients_24h_plus,7.0,0
3515,101,2026-07-20,patients_48h_plus,0.0,0
3516,101,2026-07-21,patients_48h_plus,0.0,0
3517,101,2026-07-22,patients_48h_plus,1.0,0
3518,101,2026-07-23,patients_48h_plus,0.0,0
3519,101,2026-07-24,patients_48h_plus,0.0,0
3520,101,2026-07-25,patients_48h_plus,0.0,0
3521,101,2026-07-26,patients_48h_plus,2.0,0
3522,101,2026-07-20,visites_totales_veille,77.0,0
3523,101,2026-07-21,visites_totales_veille,97.0,0
3524,101,2026-07-22,visites_totales_veille,87.0,0
3525,101,2026-07-23,visites_totales_veille,97.0,0
3526,101,2026-07-24,visites_totales_veille,70.0,0
3527,101,2026-07-25,visites_totales_veille,89.0,0
3528,101,2026-07-26,visites_totales_veille,83.0,0
3529,101,2026-07-20,taux_occupation,94.0,0
3530,101,2026-07-21,taux_occupation,129.0,0
3531,101,2026-07-22,taux_occupation,159.0,0
3532,101,2026-07-23,taux_occupation,118.0,0
3533,101,2026-07-24,taux_occupation,118.0,0
3534,101,2026-07-25,taux_occupation,124.0,0
3535,101,2026-07-26,taux_occupation,159.0,0
3536,102,2026-07-20,patients_sur_civiere,41.0,0
3537,102,2026-07-21,patients_sur_civiere,32.0,0
3538,102,2026-07-22,patients_sur_civiere,43.0,0
3539,102,2026-07-23,patients_sur_civiere,33.0,0
3540,102,2026-07-24,patients_sur_civiere,40.0,0
3541,102,2026-07-25,patients_sur_civiere,36.0,0
3542,102,2026-07-26,patients_sur_civiere,31.0,0
3543,102,2026-07-20,patients_24h_plus,16.0,0
3544,102,2026-07-21,patients_24h_plus,10.0,0
3545,102,2026-07-22,patients_24h_plus,3.0,0
3546,102,2026-07-23,patients_24h_plus,8.0,0
3547,102,2026-07-24,patients_24h_plus,4.0,0
3548,102,2026-07-25,patients_24h_plus,6.0,0
3549,102,2026-07-26,patients_24h_plus,6.0,0
3550,102,2026-07-20,patients_48h_plus,3.0,0
3551,102,2026-07-21,patients_48h_plus,4.0,0
3552,102,2026-07-22,patients_48h_plus,1.0,0
3553,102,2026-07-23,patients_48h_plus,0.0,0
3554,102,2026-07-24,patients_48h_plus,1.0,0
3555,102,2026-07-25,patients_48h_plus,1.0,0
3556,102,2026-07-26,patients_48h_plus,0.0,0
3557,102,2026-07-20,visites_totales_veille,112.0,0
3558,102,2026-07-21,visites_totales_veille,137.0,0
3559,102,2026-07-22,visites_totales_veille,153.0,0
3560,102,2026-07-23,visites_totales_veille,144.0,0
3561,102,2026-07-24,visites_totales_veille,146.0,0
3562,102,2026-07-25,visites_totales_veille,151.0,0
3563,102,2026-07-26,visites_totales_veille,128.0,0
3564,102,2026-07-20,taux_occupation,158.0,0
3565,102,2026-07-21,taux_occupation,123.0,0
3566,102,2026-07-22,taux_occupation,165.0,0
3567,102,2026-07-23,taux_occupation,127.0,0
3568,102,2026-07-24,taux_occupation,154.0,0
3569,102,2026-07-25,taux_occupation,138.0,0
3570,102,2026-07-26,taux_occupation,119.0,0
3571,103,2026-07-20,patients_sur_civiere,60.0,0
3572,103,2026-07-21,patients_sur_civiere,60.0,0
3573,103,2026-07-22,patients_sur_civiere,61.0,0
3574,103,2026-07-23,patients_sur_civiere,55.0,0
3575,103,2026-07-24,patients_sur_civiere,48.0,0
3576,103,2026-07-25,patients_sur_civiere,58.0,0
3577,103,2026-07-26,patients_sur_civiere,51.0,0
3578,103,2026-07-20,patients_24h_plus,13.0,0
3579,103,2026-07-21,patients_24h_plus,11.0,0
3580,103,2026-07-22,patients_24h_plus,17.0,0
3581,103,2026-07-23,patients_24h_plus,11.0,0
3582,103,2026-07-24,patients_24h_plus,5.0,0
3583,103,2026-07-25,patients_24h_plus,10.0,0
3584,103,2026-07-26,patients_24h_plus,11.0,0
3585,103,2026-07-20,patients_48h_plus,3.0,0
3586,103,2026-07-21,patients_48h_plus,1.0,0
3587,103,2026-07-22,patients_48h_plus,2.0,0
3588,103,2026-07-23,patients_48h_plus,4.0,0
3589,103,2026-07-24,patients_48h_plus,1.0,0
3590,103,2026-07-25,patients_48h_plus,1.0,0
3591,103,2026-07-26,patients_48h_plus,3.0,0
3592,103,2026-07-20,visites_totales_veille,139.0,0
3593,103,2026-07-21,visites_totales_veille,201.0,0
3594,103,2026-07-22,visites_totales_veille,165.0,0
3595,103,2026-07-23,visites_totales_veille,151.0,0
3596,103,2026-07-24,visites_totales_veille,185.0,0
3597,103,2026-07-25,visites_totales_veille,186.0,0
3598,103,2026-07-26,visites_totales_veille,158.0,0
3599,103,2026-07-20,taux_occupation,128.0,0
3600,103,2026-07-21,taux_occupation,128.0,0
3601,103,2026-07-22,taux_occupation,130.0,0
3602,103,2026-07-23,taux_occupation,117.0,0
3603,103,2026-07-24,taux_occupation,102.0,0
3604,103,2026-07-25,taux_occupation,123.0,0
3605,103,2026-07-26,taux_occupation,109.0,0
3606,104,2026-07-20,patients_sur_civiere,48.0,0
3607,104,2026-07-21,patients_sur_civiere,49.0,0
3608,104,2026-07-22,patients_sur_civiere,48.0,0
3609,104,2026-07-23,patients_sur_civiere,51.0,0
3610,104,2026-07-24,patients_sur_civiere,55.0,0
3611,104,2026-07-25,patients_sur_civiere,46.0,0
3612,104,2026-07-26,patients_sur_civiere,50.0,0
3613,104,2026-07-20,patients_24h_plus,12.0,0
3614,104,2026-07-21,patients_24h_plus,8.0,0
3615,104,2026-07-22,patients_24h_plus,11.0,0
3616,104,2026-07-23,patients_24h_plus,17.0,0
3617,104,2026-07-24,patients_24h_plus,16.0,0
3618,104,2026-07-25,patients_24h_plus,10.0,0
3619,104,2026-07-26,patients_24h_plus,9.0,0
3620,104,2026-07-20,patients_48h_plus,10.0,0
3621,104,2026-07-21,patients_48h_plus,3.0,0
3622,104,2026-07-22,patients_48h_plus,2.0,0
3623,104,2026-07-23,patients_48h_plus,6.0,0
3624,104,2026-07-24,patients_48h_plus,5.0,0
3625,104,2026-07-25,patients_48h_plus,5.0,0
3626,104,2026-07-26,patients_48h_plus,3.0,0
3627,104,2026-07-20,visites_totales_veille,183.0,0
3628,104,2026-07-21,visites_totales_veille,253.0,0
3629,104,2026-07-22,visites_totales_veille,216.0,0
3630,104,2026-07-23,visites_totales_veille,205.0,0
3631,104,2026-07-24,visites_totales_veille,200.0,0
3632,104,2026-07-25,visites_totales_veille,209.0,0
3633,104,2026-07-26,visites_totales_veille,175.0,0
3634,104,2026-07-20,taux_occupation,112.0,0
3635,104,2026-07-21,taux_occupation,114.0,0
3636,104,2026-07-22,taux_occupation,112.0,0
3637,104,2026-07-23,taux_occupation,119.0,0
3638,104,2026-07-24,taux_occupation,128.0,0
3639,104,2026-07-25,taux_occupation,107.0,0
3640,104,2026-07-26,taux_occupation,116.0,0
3641,105,2026-07-20,patients_sur_civiere,44.0,0
3642,105,2026-07-21,patients_sur_civiere,43.0,0
3643,105,2026-07-22,patients_sur_civiere,59.0,0
3644,105,2026-07-23,patients_sur_civiere,49.0,0
3645,105,2026-07-24,patients_sur_civiere,47.0,0
3646,105,2026-07-25,patients_sur_civiere,44.0,0
3647,105,2026-07-26,patients_sur_civiere,37.0,0
3648,105,2026-07-20,patients_24h_plus,8.0,0
3649,105,2026-07-21,patients_24h_plus,16.0,0
3650,105,2026-07-22,patients_24h_plus,20.0,0
3651,105,2026-07-23,patients_24h_plus,17.0,0
3652,105,2026-07-24,patients_24h_plus,19.0,0
3653,105,2026-07-25,patients_24h_plus,16.0,0
3654,105,2026-07-26,patients_24h_plus,11.0,0
3655,105,2026-07-20,patients_48h_plus,1.0,0
3656,105,2026-07-21,patients_48h_plus,1.0,0
3657,105,2026-07-22,patients_48h_plus,9.0,0
3658,105,2026-07-23,patients_48h_plus,4.0,0
3659,105,2026-07-24,patients_48h_plus,6.0,0
3660,105,2026-07-25,patients_48h_plus,4.0,0
3661,105,2026-07-26,patients_48h_plus,4.0,0
3662,105,2026-07-20,visites_totales_veille,171.0,0
3663,105,2026-07-21,visites_totales_veille,169.0,0
3664,105,2026-07-22,visites_totales_veille,188.0,0
3665,105,2026-07-23,visites_totales_veille,170.0,0
3666,105,2026-07-24,visites_totales_veille,157.0,0
3667,105,2026-07-25,visites_totales_veille,139.0,0
3668,105,2026-07-26,visites_totales_veille,153.0,0
3669,105,2026-07-20,taux_occupation,119.0,0
3670,105,2026-07-21,taux_occupation,116.0,0
3671,105,2026-07-22,taux_occupation,159.0,0
3672,105,2026-07-23,taux_occupation,132.0,0
3673,105,2026-07-24,taux_occupation,127.0,0
3674,105,2026-07-25,taux_occupation,119.0,0
3675,105,2026-07-26,taux_occupation,100.0,0
3676,106,2026-07-20,patients_sur_civiere,54.0,0
3677,106,2026-07-21,patients_sur_civiere,50.0,0
3678,106,2026-07-22,patients_sur_civiere,48.0,0
3679,106,2026-07-23,patients_sur_civiere,45.0,0
3680,106,2026-07-24,patients_sur_civiere,45.0,0
3681,106,2026-07-25,patients_sur_civiere,44.0,0
3682,106,2026-07-26,patients_sur_civiere,47.0,0
3683,106,2026-07-20,patients_24h_plus,24.0,0
3684,106,2026-07-21,patients_24h_plus,20.0,0
3685,106,2026-07-22,patients_24h_plus,26.0,0
3686,106,2026-07-23,patients_24h_plus,20.0,0
3687,106,2026-07-24,patients_24h_plus,15.0,0
3688,106,2026-07-25,patients_24h_plus,11.0,0
3689,106,2026-07-26,patients_24h_plus,19.0,0
3690,106,2026-07-20,patients_48h_plus,7.0,0
3691,106,2026-07-21,patients_48h_plus,10.0,0
3692,106,2026-07-22,patients_48h_plus,10.0,0
3693,106,2026-07-23,patients_48h_plus,10.0,0
3694,106,2026-07-24,patients_48h_plus,9.0,0
3695,106,2026-07-25,patients_48h_plus,5.0,0
3696,106,2026-07-26,patients_48h_plus,5.0,0
3697,106,2026-07-20,visites_totales_veille,114.0,0
3698,106,2026-07-21,visites_totales_veille,121.0,0
3699,106,2026-07-22,visites_totales_veille,108.0,0
3700,106,2026-07-23,visites_totales_veille,96.0,0
3701,106,2026-07-24,visites_totales_veille,122.0,0
3702,106,2026-07-25,visites_totales_veille,129.0,0
3703,106,2026-07-26,visites_totales_veille,84.0,0
3704,106,2026-07-20,taux_occupation,169.0,0
3705,106,2026-07-21,taux_occupation,156.0,0
3706,106,2026-07-22,taux_occupation,150.0,0
3707,106,2026-07-23,taux_occupation,141.0,0
3708,106,2026-07-24,taux_occupation,141.0,0
3709,106,2026-07-25,taux_occupation,138.0,0
3710,106,2026-07-26,taux_occupation,147.0,0
3711,107,2026-07-20,patients_sur_civiere,9.0,0
3712,107,2026-07-21,patients_sur_civiere,7.0,0
3713,107,2026-07-22,patients_sur_civiere,12.0,0
3714,107,2026-07-23,patients_sur_civiere,4.0,0
3715,107,2026-07-24,patients_sur_civiere,10.0,0
3716,107,2026-07-25,patients_sur_civiere,5.0,0
3717,107,2026-07-26,patients_sur_civiere,5.0,0
3718,107,2026-07-20,patients_24h_plus,4.0,0
3719,107,2026-07-21,patients_24h_plus,0.0,0
3720,107,2026-07-22,patients_24h_plus,2.0,0
3721,107,2026-07-23,patients_24h_plus,3.0,0
3722,107,2026-07-24,patients_24h_plus,1.0,0
3723,107,2026-07-25,patients_24h_plus,2.0,0
3724,107,2026-07-26,patients_24h_plus,0.0,0
3725,107,2026-07-20,patients_48h_plus,0.0,0
3726,107,2026-07-21,patients_48h_plus,0.0,0
3727,107,2026-07-22,patients_48h_plus,0.0,0
3728,107,2026-07-23,patients_48h_plus,0.0,0
3729,107,2026-07-24,patients_48h_plus,0.0,0
3730,107,2026-07-25,patients_48h_plus,0.0,0
3731,107,2026-07-26,patients_48h_plus,0.0,0
3732,107,2026-07-20,visites_totales_veille,56.0,0
3733,107,2026-07-21,visites_totales_veille,58.0,0
3734,107,2026-07-22,visites_totales_veille,67.0,0
3735,107,2026-07-23,visites_totales_veille,65.0,0
3736,107,2026-07-24,visites_totales_veille,60.0,0
3737,107,2026-07-25,visites_totales_veille,61.0,0
3738,107,2026-07-26,visites_totales_veille,63.0,0
3739,107,2026-07-20,taux_occupation,180.0,0
3740,107,2026-07-21,taux_occupation,140.0,0
3741,107,2026-07-22,taux_occupation,240.0,0
3742,107,2026-07-23,taux_occupation,80.0,0
3743,107,2026-07-24,taux_occupation,200.0,0
3744,107,2026-07-25,taux_occupation,100.0,0
3745,107,2026-07-26,taux_occupation,100.0,0
3746,108,2026-07-20,patients_sur_civiere,52.0,0
3747,108,2026-07-21,patients_sur_civiere,49.0,0
3748,108,2026-07-22,patients_sur_civiere,48.0,0
3749,108,2026-07-23,patients_sur_civiere,40.0,0
3750,108,2026-07-24,patients_sur_civiere,43.0,0
3751,108,2026-07-25,patients_sur_civiere,43.0,0
3752,108,2026-07-26,patients_sur_civiere,45.0,0
3753,108,2026-07-20,patients_24h_plus,37.0,0
3754,108,2026-07-21,patients_24h_plus,32.0,0
3755,108,2026-07-22,patients_24h_plus,29.0,0
3756,108,2026-07-23,patients_24h_plus,23.0,0
3757,108,2026-07-24,patients_24h_plus,22.0,0
3758,108,2026-07-25,patients_24h_plus,23.0,0
3759,108,2026-07-26,patients_24h_plus,28.0,0
3760,108,2026-07-20,patients_48h_plus,23.0,0
3761,108,2026-07-21,patients_48h_plus,23.0,0
3762,108,2026-07-22,patients_48h_plus,21.0,0
3763,108,2026-07-23,patients_48h_plus,15.0,0
3764,108,2026-07-24,patients_48h_plus,15.0,0
3765,108,2026-07-25,patients_48h_plus,16.0,0
3766,108,2026-07-26,patients_48h_plus,19.0,0
3767,108,2026-07-20,visites_totales_veille,108.0,0
3768,108,2026-07-21,visites_totales_veille,131.0,0
3769,108,2026-07-22,visites_totales_veille,130.0,0
3770,108,2026-07-23,visites_totales_veille,146.0,0
3771,108,2026-07-24,visites_totales_veille,119.0,0
3772,108,2026-07-25,visites_totales_veille,137.0,0
3773,108,2026-07-26,visites_totales_veille,123.0,0
3774,108,2026-07-20,taux_occupation,163.0,0
3775,108,2026-07-21,taux_occupation,153.0,0
3776,108,2026-07-22,taux_occupation,150.0,0
3777,108,2026-07-23,taux_occupation,125.0,0
3778,108,2026-07-24,taux_occupation,134.0,0
3779,108,2026-07-25,taux_occupation,134.0,0
3780,108,2026-07-26,taux_occupation,141.0,0
3781,109,2026-07-20,patients_sur_civiere,324.0,1
3782,109,2026-07-21,patients_sur_civiere,312.0,1
3783,109,2026-07-22,patients_sur_civiere,346.0,1
3784,109,2026-07-23,patients_sur_civiere,297.0,1
3785,109,2026-07-24,patients_sur_civiere,308.0,1
3786,109,2026-07-25,patients_sur_civiere,297.0,1
3787,109,2026-07-26,patients_sur_civiere,293.0,1
3788,109,2026-07-20,patients_24h_plus,117.0,1
3789,109,2026-07-21,patients_24h_plus,99.0,1
3790,109,2026-07-22,patients_24h_plus,113.0,1
3791,109,2026-07-23,patients_24h_plus,106.0,1
3792,109,2026-07-24,patients_24h_plus,86.0,1
3793,109,2026-07-25,patients_24h_plus,83.0,1
3794,109,2026-07-26,patients_24h_plus,91.0,1
3795,109,2026-07-20,patients_48h_plus,47.0,1
3796,109,2026-07-21,patients_48h_plus,42.0,1
3797,109,2026-07-22,patients_48h_plus,46.0,1
3798,109,2026-07-23,patients_48h_plus,39.0,1
3799,109,2026-07-24,patients_48h_plus,37.0,1
3800,109,2026-07-25,patients_48h_plus,32.0,1
3801,109,2026-07-26,patients_48h_plus,36.0,1
3802,109,2026-07-20,visites_totales_veille,960.0,1
3803,109,2026-07-21,visites_totales_veille,1167.0,1
3804,109,2026-07-22,visites_totales_veille,1114.0,1
3805,109,2026-07-23,visites_totales_veille,1074.0,1
3806,109,2026-07-24,visites_totales_veille,1059.0,1
3807,109,2026-07-25,visites_totales_veille,1101.0,1
3808,109,2026-07-26,visites_totales_veille,967.0,1
3809,109,2026-07-20,taux_occupation,136.0,1
3810,109,2026-07-21,taux_occupation,131.0,1
3811,109,2026-07-22,taux_occupation,145.0,1
3812,109,2026-07-23,taux_occupation,124.0,1
3813,109,2026-07-24,taux_occupation,129.0,1
3814,109,2026-07-25,taux_occupation,124.0,1
3815,109,2026-07-26,taux_occupation,123.0,1
